method,dataset,dataset_seed,method_seed,ConstraintFeatureNames,ConstraintFeatureScales,ConstraintLearnedRawValueMatrix,ConstraintLearnedSemanticsMatrix,ConstraintLearnedValueMatrix,ConstraintLearnedValuePerDemo,ConstraintPredictedActiveMask,ConstraintSemanticsMatrix,ConstraintTargetMatrix,ConstraintTrueActiveMask,MeanAbsCutpointError,MeanParameterError,MeanParameterErrorRaw,MeanStageSubgoalError,ParameterErrorMatrix,ParameterErrorMatrixRaw,PredictedConstraintCount,SemanticConstraintF1,SemanticConstraintMatchCount,SemanticConstraintPrecision,SemanticConstraintRecall,TrueConstraintCount,ModelObjectiveFinal,PosthocFeatureObjectiveFinal,PosthocObjectiveFinal,SegmentationGainFinal
changeforest,S3ObsAvoid,1259149,0,"['obs_dist', 'speed', 'arc_dist', 'heading', 'line_dist', 'noise']","[1.0099001918441046, 0.23400965023278456, 1.5296480064975375, 6.3271107859210876, 0.7801270192468435, 0.7509006094170386]","[[0.3868425758934819, 0.0871280375624544, 0.44878861607549564, -1.9233363624021396, 0.9081373989151309, 0.0009495591566612824], [1.0476006803161357, 0.0871280375624544, 0.1626236149066153, -1.9233363624021396, 0.9081373989151309, 0.0009495591566612824], [1.0476006803161357, 0.04619642867206329, 0.19969122193440975, -1.9233363624021396, 0.9081373989151309, 0.0009495591566612824]]","[['lower_bound', '', '', '', '', ''], ['', '', 'lower_bound', '', '', ''], ['', 'target_value', 'target_value', '', '', '']]","[[0.3868425758934819, nan, nan, nan, nan, nan], [nan, nan, 0.1626236149066153, nan, nan, nan], [nan, 0.04619642867206329, 0.19969122193440975, nan, nan, nan]]",[],"[[1, 0, 0, 0, 0, 0], [0, 0, 1, 0, 0, 0], [0, 1, 1, 0, 0, 0]]","[['lower_bound', '', '', '', '', ''], ['', 'target_value', '', '', '', ''], ['', 'target_value', 'target_value', '', '', '']]","[[0.4, nan, nan, nan, nan, nan], [nan, 0.055, nan, nan, nan, nan], [nan, 0.045, 0.2, nan, nan, nan]]","[[1, 0, 0, 0, 0, 0], [0, 1, 0, 0, 0, 0], [0, 1, 1, 0, 0, 0]]",4.7,0.006114344804235616,0.004887543614723887,0.07924877339558481,"[[0.013028440050587864, nan, nan, nan, nan, nan], [nan, nan, nan, nan, nan, nan], [nan, 0.005112732192339624, 0.00020186216977935968, nan, nan, nan]]","[[0.0131574241065181, nan, nan, nan, nan, nan], [nan, nan, nan, nan, nan, nan], [nan, 0.0011964286720632933, 0.000308778065590265, nan, nan, nan]]",4,0.75,3,0.75,0.75,4,560.3224146141964,-1275.3423027449037,-1275.3423027449037,560.3224146141964
changeforest,S3ObsAvoid,1259149,1,"['obs_dist', 'speed', 'arc_dist', 'heading', 'line_dist', 'noise']","[1.0099001918441046, 0.23400965023278456, 1.5296480064975375, 6.3271107859210876, 0.7801270192468435, 0.7509006094170386]","[[0.38684272178540535, 0.0871280375624544, 0.44878861607549564, -1.9233363624021396, 0.9081373989151309, 0.0009495591566612824], [1.0476006803161357, 0.0871280375624544, 0.16196636072917375, -1.9233363624021396, 0.9081373989151309, 0.0009495591566612824], [1.0476006803161357, 0.046210481743775136, 0.19966367487977113, -1.9233363624021396, 0.9081373989151309, 0.0009495591566612824]]","[['lower_bound', '', '', '', '', ''], ['', '', 'lower_bound', '', '', ''], ['', 'target_value', 'target_value', '', '', '']]","[[0.38684272178540535, nan, nan, nan, nan, nan], [nan, nan, 0.16196636072917375, nan, nan, nan], [nan, 0.046210481743775136, 0.19966367487977113, nan, nan, nan]]",[],"[[1, 0, 0, 0, 0, 0], [0, 0, 1, 0, 0, 0], [0, 1, 1, 0, 0, 0]]","[['lower_bound', '', '', '', '', ''], ['', 'target_value', '', '', '', ''], ['', 'target_value', 'target_value', '', '', '']]","[[0.4, nan, nan, nan, nan, nan], [nan, 0.055, nan, nan, nan, nan], [nan, 0.045, 0.2, nan, nan, nan]]","[[1, 0, 0, 0, 0, 0], [0, 1, 0, 0, 0, 0], [0, 1, 1, 0, 0, 0]]",7.05,0.006140317363455747,0.00490136169286623,0.08184296209812353,"[[0.013028295588863223, nan, nan, nan, nan, nan], [nan, nan, nan, nan, nan, nan], [nan, 0.005172785577735762, 0.0002198709237682534, nan, nan, nan]]","[[0.01315727821459467, nan, nan, nan, nan, nan], [nan, nan, nan, nan, nan, nan], [nan, 0.001210481743775138, 0.00033632512022888084, nan, nan, nan]]",4,0.75,3,0.75,0.75,4,561.5608737557698,-1396.0254620791472,-1396.025462079147,561.5608737557698
changeforest,S3ObsAvoid,1259149,2,"['obs_dist', 'speed', 'arc_dist', 'heading', 'line_dist', 'noise']","[1.0099001918441046, 0.23400965023278456, 1.5296480064975375, 6.3271107859210876, 0.7801270192468435, 0.7509006094170386]","[[0.39081215953033477, 0.0871280375624544, 0.44878861607549564, -1.9233363624021396, 0.9081373989151309, 0.0009495591566612824], [1.0476006803161357, 0.0871280375624544, 0.16262391880336463, -1.9233363624021396, 0.9081373989151309, 0.0009495591566612824], [1.0476006803161357, 0.04653677876613663, 0.19976733164303034, -1.9233363624021396, 0.9081373989151309, 0.0009495591566612824]]","[['lower_bound', '', '', '', '', ''], ['', '', 'lower_bound', '', '', ''], ['', 'target_value', 'target_value', '', '', '']]","[[0.39081215953033477, nan, nan, nan, nan, nan], [nan, nan, 0.16262391880336463, nan, nan, nan], [nan, 0.04653677876613663, 0.19976733164303034, nan, nan, nan]]",[],"[[1, 0, 0, 0, 0, 0], [0, 0, 1, 0, 0, 0], [0, 1, 1, 0, 0, 0]]","[['lower_bound', '', '', '', '', ''], ['', 'target_value', '', '', '', ''], ['', 'target_value', 'target_value', '', '', '']]","[[0.4, nan, nan, nan, nan, nan], [nan, 0.055, nan, nan, nan, nan], [nan, 0.045, 0.2, nan, nan, nan]]","[[1, 0, 0, 0, 0, 0], [0, 1, 0, 0, 0, 0], [0, 1, 1, 0, 0, 0]]",7.25,0.005272345467147069,0.003652429197590517,0.0814601018082486,"[[0.009097770793456344, nan, nan, nan, nan, nan], [nan, nan, nan, nan, nan, nan], [nan, 0.00656715979280297, 0.0001521058151818943, nan, nan, nan]]","[[0.009187840469665254, nan, nan, nan, nan, nan], [nan, nan, nan, nan, nan, nan], [nan, 0.001536778766136629, 0.00023266835696966748, nan, nan, nan]]",4,0.75,3,0.75,0.75,4,582.3363052110412,-1349.469345819387,-1349.469345819387,582.3363052110412
changeforest,S3ObsAvoid,1259149,3,"['obs_dist', 'speed', 'arc_dist', 'heading', 'line_dist', 'noise']","[1.0099001918441046, 0.23400965023278456, 1.5296480064975375, 6.3271107859210876, 0.7801270192468435, 0.7509006094170386]","[[1.0476006803161357, 0.0871280375624544, 0.44878861607549564, -1.9233363624021396, 0.9081373989151309, 0.0009495591566612824], [1.0476006803161357, 0.054542569142888464, 0.16256783480415832, -1.9233363624021396, 0.9081373989151309, 0.0009495591566612824], [1.0476006803161357, 0.04683520366164163, 0.19967341070000047, -1.9233363624021396, 0.9081373989151309, 0.0009495591566612824]]","[['', '', '', '', '', ''], ['', 'target_value', 'lower_bound', '', '', ''], ['', 'target_value', 'target_value', '', '', '']]","[[nan, nan, nan, nan, nan, nan], [nan, 0.054542569142888464, 0.16256783480415832, nan, nan, nan], [nan, 0.04683520366164163, 0.19967341070000047, nan, nan, nan]]",[],"[[0, 0, 0, 0, 0, 0], [0, 1, 1, 0, 0, 0], [0, 1, 1, 0, 0, 0]]","[['lower_bound', '', '', '', '', ''], ['', 'target_value', '', '', '', ''], ['', 'target_value', 'target_value', '', '', '']]","[[0.4, nan, nan, nan, nan, nan], [nan, 0.055, nan, nan, nan, nan], [nan, 0.045, 0.2, nan, nan, nan]]","[[1, 0, 0, 0, 0, 0], [0, 1, 0, 0, 0, 0], [0, 1, 1, 0, 0, 0]]",9.85,0.003336895184347491,0.0008730746062509028,0.09632330012004671,"[[nan, nan, nan, nan, nan, nan], [nan, 0.001954752108113918, nan, nan, nan, nan], [nan, 0.007842427266636375, 0.00021350617829218017, nan, nan, nan]]","[[nan, nan, nan, nan, nan, nan], [nan, 0.00045743085711153625, nan, nan, nan, nan], [nan, 0.001835203661641631, 0.00032658929999954123, nan, nan, nan]]",4,0.75,3,0.75,0.75,4,569.0610101104472,-1532.5391778206028,-1532.5391778206026,569.0610101104472
changeforest,S3ObsAvoid,1259149,4,"['obs_dist', 'speed', 'arc_dist', 'heading', 'line_dist', 'noise']","[1.0099001918441046, 0.23400965023278456, 1.5296480064975375, 6.3271107859210876, 0.7801270192468435, 0.7509006094170386]","[[0.3868426539445009, 0.0871280375624544, 0.44878861607549564, -1.9233363624021396, 0.9081373989151309, 0.0009495591566612824], [1.0476006803161357, 0.0871280375624544, 0.1606441787226494, -1.9233363624021396, 0.9081373989151309, 0.0009495591566612824], [1.0476006803161357, 0.0461553839839901, 0.19965662458491273, -1.9233363624021396, 0.9081373989151309, 0.0009495591566612824]]","[['lower_bound', '', '', '', '', ''], ['', '', 'lower_bound', '', '', ''], ['', 'target_value', 'target_value', '', '', '']]","[[0.3868426539445009, nan, nan, nan, nan, nan], [nan, nan, 0.1606441787226494, nan, nan, nan], [nan, 0.0461553839839901, 0.19965662458491273, nan, nan, nan]]",[],"[[1, 0, 0, 0, 0, 0], [0, 0, 1, 0, 0, 0], [0, 1, 1, 0, 0, 0]]","[['lower_bound', '', '', '', '', ''], ['', 'target_value', '', '', '', ''], ['', 'target_value', 'target_value', '', '', '']]","[[0.4, nan, nan, nan, nan, nan], [nan, 0.055, nan, nan, nan, nan], [nan, 0.045, 0.2, nan, nan, nan]]","[[1, 0, 0, 0, 0, 0], [0, 1, 0, 0, 0, 0], [0, 1, 1, 0, 0, 0]]",6.4,0.006063392520203093,0.004885368484858832,0.08443213503943711,"[[0.013028362764713863, nan, nan, nan, nan, nan], [nan, nan, nan, nan, nan, nan], [nan, 0.004937334775898196, 0.00022448001999722135, nan, nan, nan]]","[[0.01315734605549912, nan, nan, nan, nan, nan], [nan, nan, nan, nan, nan, nan], [nan, 0.0011553839839901006, 0.000343375415087277, nan, nan, nan]]",4,0.75,3,0.75,0.75,4,570.1765366273414,-1367.3560072710434,-1367.3560072710434,570.1765366273414
changeforest,S3ObsAvoid,1259149,5,"['obs_dist', 'speed', 'arc_dist', 'heading', 'line_dist', 'noise']","[1.0099001918441046, 0.23400965023278456, 1.5296480064975375, 6.3271107859210876, 0.7801270192468435, 0.7509006094170386]","[[0.3904646184164162, 0.0871280375624544, 0.44878861607549564, -1.9233363624021396, 0.9081373989151309, 0.0009495591566612824], [1.0476006803161357, 0.0871280375624544, 0.16359767040312778, -1.9233363624021396, 0.9081373989151309, 0.0009495591566612824], [1.0476006803161357, 0.04652938158217162, 0.19967098199114838, -1.9233363624021396, 0.9081373989151309, 0.0009495591566612824]]","[['lower_bound', '', '', '', '', ''], ['', '', 'lower_bound', '', '', ''], ['', 'target_value', 'target_value', '', '', '']]","[[0.3904646184164162, nan, nan, nan, nan, nan], [nan, nan, 0.16359767040312778, nan, nan, nan], [nan, 0.04652938158217162, 0.19967098199114838, nan, nan, nan]]",[],"[[1, 0, 0, 0, 0, 0], [0, 0, 1, 0, 0, 0], [0, 1, 1, 0, 0, 0]]","[['lower_bound', '', '', '', '', ''], ['', 'target_value', '', '', '', ''], ['', 'target_value', 'target_value', '', '', '']]","[[0.4, nan, nan, nan, nan, nan], [nan, 0.055, nan, nan, nan, nan], [nan, 0.045, 0.2, nan, nan, nan]]","[[1, 0, 0, 0, 0, 0], [0, 1, 0, 0, 0, 0], [0, 1, 1, 0, 0, 0]]",8.75,0.005397516015897624,0.00379792705820235,0.09818065870654565,"[[0.009441904913565707, nan, nan, nan, nan, nan], [nan, nan, nan, nan, nan, nan], [nan, 0.006535549199147321, 0.00021509393497984322, nan, nan, nan]]","[[0.009535381583583802, nan, nan, nan, nan, nan], [nan, nan, nan, nan, nan, nan], [nan, 0.0015293815821716197, 0.00032901800885162813, nan, nan, nan]]",4,0.75,3,0.75,0.75,4,560.9682417311808,-1371.5385014978997,-1371.5385014978997,560.9682417311808
changeforest,S3ObsAvoid,1259149,6,"['obs_dist', 'speed', 'arc_dist', 'heading', 'line_dist', 'noise']","[1.0099001918441046, 0.23400965023278456, 1.5296480064975375, 6.3271107859210876, 0.7801270192468435, 0.7509006094170386]","[[0.39245487673917856, 0.0871280375624544, 0.44878861607549564, -1.9233363624021396, 0.9081373989151309, 0.0009495591566612824], [1.0476006803161357, 0.0871280375624544, 0.1625682361830877, -1.9233363624021396, 0.9081373989151309, 0.0009495591566612824], [1.0476006803161357, 0.04629694173181083, 0.1996844693231247, -1.9233363624021396, 0.9081373989151309, 0.0009495591566612824]]","[['lower_bound', '', '', '', '', ''], ['', '', 'lower_bound', '', '', ''], ['', 'target_value', 'target_value', '', '', '']]","[[0.39245487673917856, nan, nan, nan, nan, nan], [nan, nan, 0.1625682361830877, nan, nan, nan], [nan, 0.04629694173181083, 0.1996844693231247, nan, nan, nan]]",[],"[[1, 0, 0, 0, 0, 0], [0, 0, 1, 0, 0, 0], [0, 1, 1, 0, 0, 0]]","[['lower_bound', '', '', '', '', ''], ['', 'target_value', '', '', '', ''], ['', 'target_value', 'target_value', '', '', '']]","[[0.4, nan, nan, nan, nan, nan], [nan, 0.055, nan, nan, nan, nan], [nan, 0.045, 0.2, nan, nan, nan]]","[[1, 0, 0, 0, 0, 0], [0, 1, 0, 0, 0, 0], [0, 1, 1, 0, 0, 0]]",9.55,0.004406563831777423,0.003052531889835869,0.09296371756669007,"[[0.00747115736956527, nan, nan, nan, nan, nan], [nan, nan, nan, nan, nan, nan], [nan, 0.0055422574689577035, 0.00020627665680929456, nan, nan, nan]]","[[0.0075451232608214625, nan, nan, nan, nan, nan], [nan, nan, nan, nan, nan, nan], [nan, 0.00129694173181083, 0.0003155306768753141, nan, nan, nan]]",4,0.75,3,0.75,0.75,4,570.0958909699168,-1418.9433672743453,-1418.943367274345,570.0958909699168
changeforest,S3ObsAvoid,1259149,7,"['obs_dist', 'speed', 'arc_dist', 'heading', 'line_dist', 'noise']","[1.0099001918441046, 0.23400965023278456, 1.5296480064975375, 6.3271107859210876, 0.7801270192468435, 0.7509006094170386]","[[0.3868431464228944, 0.0871280375624544, 0.44878861607549564, -1.9233363624021396, 0.9081373989151309, 0.0009495591566612824], [1.0476006803161357, 0.055684992134963196, 0.162623294475447, -1.9233363624021396, 0.9081373989151309, 0.0009495591566612824], [1.0476006803161357, 0.04595407194327949, 0.19967986579548655, -1.9233363624021396, 0.9081373989151309, 0.0009495591566612824]]","[['lower_bound', '', '', '', '', ''], ['', 'target_value', 'lower_bound', '', '', ''], ['', 'target_value', 'target_value', '', '', '']]","[[0.3868431464228944, nan, nan, nan, nan, nan], [nan, 0.055684992134963196, 0.162623294475447, nan, nan, nan], [nan, 0.04595407194327949, 0.19967986579548655, nan, nan, nan]]",[],"[[1, 0, 0, 0, 0, 0], [0, 1, 1, 0, 0, 0], [0, 1, 1, 0, 0, 0]]","[['lower_bound', '', '', '', '', ''], ['', 'target_value', '', '', '', ''], ['', 'target_value', 'target_value', '', '', '']]","[[0.4, nan, nan, nan, nan, nan], [nan, 0.055, nan, nan, nan, nan], [nan, 0.045, 0.2, nan, nan, nan]]","[[1, 0, 0, 0, 0, 0], [0, 1, 0, 0, 0, 0], [0, 1, 1, 0, 0, 0]]",7.8,0.0050603549475132315,0.003779012964965439,0.0829318665419063,"[[0.013027875114154444, nan, nan, nan, nan, nan], [nan, 0.002927196097604478, nan, nan, nan, nan], [nan, 0.004077062387514416, 0.00020928619077958887, nan, nan, nan]]","[[0.01315685357710561, nan, nan, nan, nan, nan], [nan, 0.0006849921349631957, nan, nan, nan, nan], [nan, 0.00095407194327949, 0.0003201342045134614, nan, nan, nan]]",5,0.888888888888889,4,0.8,1.0,4,586.8413967940467,-1360.6680490584508,-1360.668049058451,586.8413967940467
changeforest,S3ObsAvoid,1259149,8,"['obs_dist', 'speed', 'arc_dist', 'heading', 'line_dist', 'noise']","[1.0099001918441046, 0.23400965023278456, 1.5296480064975375, 6.3271107859210876, 0.7801270192468435, 0.7509006094170386]","[[0.3868423333944989, 0.0871280375624544, 0.44878861607549564, -1.9233363624021396, 0.9081373989151309, 0.0009495591566612824], [1.0476006803161357, 0.0871280375624544, 0.1626246673023184, -1.9233363624021396, 0.9081373989151309, 0.0009495591566612824], [1.0476006803161357, 0.04619015747835617, 0.19965306614354464, -1.9233363624021396, 0.9081373989151309, 0.0009495591566612824]]","[['lower_bound', '', '', '', '', ''], ['', '', 'lower_bound', '', '', ''], ['', 'target_value', 'target_value', '', '', '']]","[[0.3868423333944989, nan, nan, nan, nan, nan], [nan, nan, 0.1626246673023184, nan, nan, nan], [nan, 0.04619015747835617, 0.19965306614354464, nan, nan, nan]]",[],"[[1, 0, 0, 0, 0, 0], [0, 0, 1, 0, 0, 0], [0, 1, 1, 0, 0, 0]]","[['lower_bound', '', '', '', '', ''], ['', 'target_value', '', '', '', ''], ['', 'target_value', 'target_value', '', '', '']]","[[0.4, nan, nan, nan, nan, nan], [nan, 0.055, nan, nan, nan, nan], [nan, 0.045, 0.2, nan, nan, nan]]","[[1, 0, 0, 0, 0, 0], [0, 1, 0, 0, 0, 0], [0, 1, 1, 0, 0, 0]]",5.65,0.006113806610203037,0.004898252646770883,0.07864793456132818,"[[0.01302868017231966, nan, nan, nan, nan, nan], [nan, nan, nan, nan, nan, nan], [nan, 0.005085933324425914, 0.00022680633386353585, nan, nan, nan]]","[[0.013157666605501106, nan, nan, nan, nan, nan], [nan, nan, nan, nan, nan, nan], [nan, 0.0011901574783561714, 0.00034693385645537256, nan, nan, nan]]",4,0.75,3,0.75,0.75,4,556.1844400876349,-1306.3311473652973,-1306.3311473652975,556.1844400876349
changeforest,S3ObsAvoid,1259149,9,"['obs_dist', 'speed', 'arc_dist', 'heading', 'line_dist', 'noise']","[1.0099001918441046, 0.23400965023278456, 1.5296480064975375, 6.3271107859210876, 0.7801270192468435, 0.7509006094170386]","[[0.3868416402644548, 0.0871280375624544, 0.44878861607549564, -1.9233363624021396, 0.9081373989151309, 0.0009495591566612824], [1.0476006803161357, 0.0871280375624544, 0.16256747072087485, -1.9233363624021396, 0.9081373989151309, 0.0009495591566612824], [1.0476006803161357, 0.04651437194991553, 0.19971120465160852, -1.9233363624021396, 0.9081373989151309, 0.0009495591566612824]]","[['lower_bound', '', '', '', '', ''], ['', '', 'lower_bound', '', '', ''], ['', 'target_value', 'target_value', '', '', '']]","[[0.3868416402644548, nan, nan, nan, nan, nan], [nan, nan, 0.16256747072087485, nan, nan, nan], [nan, 0.04651437194991553, 0.19971120465160852, nan, nan, nan]]",[],"[[1, 0, 0, 0, 0, 0], [0, 0, 1, 0, 0, 0], [0, 1, 1, 0, 0, 0]]","[['lower_bound', '', '', '', '', ''], ['', 'target_value', '', '', '', ''], ['', 'target_value', 'target_value', '', '', '']]","[[0.4, nan, nan, nan, nan, nan], [nan, 0.055, nan, nan, nan, nan], [nan, 0.045, 0.2, nan, nan, nan]]","[[1, 0, 0, 0, 0, 0], [0, 1, 0, 0, 0, 0], [0, 1, 1, 0, 0, 0]]",4.05,0.006563191063048213,0.0049871756779507545,0.07840336339678378,"[[0.013029366507513707, nan, nan, nan, nan, nan], [nan, nan, nan, nan, nan, nan], [nan, 0.006471408116755377, 0.00018879856487555627, nan, nan, nan]]","[[0.013158359735545244, nan, nan, nan, nan, nan], [nan, nan, nan, nan, nan, nan], [nan, 0.0015143719499155286, 0.0002887953483914907, nan, nan, nan]]",4,0.75,3,0.75,0.75,4,583.6312881566398,-1266.6975559791044,-1266.6975559791042,583.6312881566398
changeforest,S4SlideInsert,1342,0,"['surf_dist', 'center_dist', 'orient_err', 'speed', 'normal_force', 'start_dist', 'insert_err']","[0.04504042113987532, 0.016531661532743908, 0.2592147908053491, 0.017472314322540528, 10.084718070106007, 0.3422378234631881, 0.3338864451292424]","[[0.0073846196186389485, 0.0027713173895587374, 0.0889411106581908, 0.007224390068768467, 0.12652547343987486, 0.23125838106731644, 0.15758606143389087], [0.0006666214153488639, 6.298753741977884e-05, 0.0889411106581908, 0.0008754423192310337, 3.9999960620919044, 0.23125838106731644, 0.15758606143389087], [0.0007777898858549771, 0.00040613048525760037, 0.05700011877485783, 0.006867695366682712, 7.199994780369799, 0.23125838106731644, 0.15758606143389087], [0.0005235159813467274, 0.00021120253448241337, 0.03800006282314771, 0.0026296504222118045, 5.717345210650845, 0.23125838106731644, 0.15758606143389087]]","[['', '', '', '', 'target_value', '', ''], ['target_value', 'target_value', '', 'lower_bound', 'lower_bound', '', ''], ['target_value', 'target_value', 'upper_bound', 'target_value', 'lower_bound', '', ''], ['target_value', 'target_value', 'upper_bound', 'target_value', '', '', '']]","[[nan, nan, nan, nan, 0.12652547343987486, nan, nan], [0.0006666214153488639, 6.298753741977884e-05, nan, 0.0008754423192310337, 3.9999960620919044, nan, nan], [0.0007777898858549771, 0.00040613048525760037, 0.05700011877485783, 0.006867695366682712, 7.199994780369799, nan, nan], [0.0005235159813467274, 0.00021120253448241337, 0.03800006282314771, 0.0026296504222118045, nan, nan, nan]]",[],"[[0, 0, 0, 0, 1, 0, 0], [1, 1, 0, 1, 1, 0, 0], [1, 1, 1, 1, 1, 0, 0], [1, 1, 1, 1, 0, 0, 0]]","[['', '', '', '', '', '', ''], ['target_value', 'target_value', '', '', 'lower_bound', '', ''], ['target_value', 'target_value', 'upper_bound', 'upper_bound', 'lower_bound', '', ''], ['target_value', 'target_value', 'upper_bound', 'upper_bound', 'lower_bound', '', '']]","[[nan, nan, nan, nan, nan, nan, nan], [0.0, 0.0, nan, nan, 4.0, nan, nan], [0.0, 0.0, 0.06, 0.0072, 7.199999999999999, nan, nan], [0.0, 0.0, 0.04, 0.00288, 10.0, nan, nan]]","[[0, 0, 0, 0, 0, 0, 0], [1, 1, 0, 0, 1, 0, 0], [1, 1, 1, 1, 1, 0, 0], [1, 1, 1, 1, 1, 0, 0]]",0.33333333333333337,0.010413428300845066,0.0007657223780000484,0.03607443961817068,"[[nan, nan, nan, nan, nan, nan, nan], [0.014800514703862053, 0.003810115353197909, nan, nan, 3.9048271535534646e-07, nan, nan], [0.017268708110865817, 0.024566827989623816, 0.01157295544680107, nan, 5.175781974046487e-07, nan, nan], [0.011623247920371836, 0.012775638677581745, 0.007715366745233659, nan, nan, nan, nan]]","[[nan, nan, nan, nan, nan, nan, nan], [0.0006666214153488639, 6.298753741977884e-05, nan, nan, 3.9379080956081225e-06, nan, nan], [0.0007777898858549771, 0.00040613048525760037, 0.0029998812251421647, nan, 5.219630200059555e-06, nan, nan], [0.0005235159813467274, 0.00021120253448241337, 0.00199993717685229, nan, nan, nan, nan]]",14,0.7407407407407408,10,0.7142857142857143,0.7692307692307693,13,1426.758116429399,7064.131247390852,7064.131247390852,1426.758116429399
changeforest,S4SlideInsert,1342,1,"['surf_dist', 'center_dist', 'orient_err', 'speed', 'normal_force', 'start_dist', 'insert_err']","[0.04504042113987532, 0.016531661532743908, 0.2592147908053491, 0.017472314322540528, 10.084718070106007, 0.3422378234631881, 0.3338864451292424]","[[0.0073846196186389485, 0.0027713173895587374, 0.0889411106581908, 0.007224390068768467, 0.1988815766302734, 0.23125838106731644, 0.15758606143389087], [6.259346990181245e-05, 0.0002697952902585908, 0.0889411106581908, 0.0008754295643225623, 5.717345210650845, 0.23125838106731644, 0.15758606143389087], [0.0007769866309466798, 0.0004066884212256972, 0.05700011877485783, 0.006867693918018934, 7.199994780369799, 0.23125838106731644, 0.15758606143389087], [0.0005232988462613884, 0.00021120253448241337, 0.03800006282314771, 0.0026287068698608897, 5.717345210650845, 0.23125838106731644, 0.15758606143389087]]","[['', '', '', '', 'target_value', '', ''], ['lower_bound', 'target_value', '', 'lower_bound', '', '', ''], ['target_value', 'target_value', 'upper_bound', 'target_value', 'lower_bound', '', ''], ['target_value', 'target_value', 'upper_bound', 'target_value', '', '', '']]","[[nan, nan, nan, nan, 0.1988815766302734, nan, nan], [6.259346990181245e-05, 0.0002697952902585908, nan, 0.0008754295643225623, nan, nan, nan], [0.0007769866309466798, 0.0004066884212256972, 0.05700011877485783, 0.006867693918018934, 7.199994780369799, nan, nan], [0.0005232988462613884, 0.00021120253448241337, 0.03800006282314771, 0.0026287068698608897, nan, nan, nan]]",[],"[[0, 0, 0, 0, 1, 0, 0], [1, 1, 0, 1, 0, 0, 0], [1, 1, 1, 1, 1, 0, 0], [1, 1, 1, 1, 0, 0, 0]]","[['', '', '', '', '', '', ''], ['target_value', 'target_value', '', '', 'lower_bound', '', ''], ['target_value', 'target_value', 'upper_bound', 'upper_bound', 'lower_bound', '', ''], ['target_value', 'target_value', 'upper_bound', 'upper_bound', 'lower_bound', '', '']]","[[nan, nan, nan, nan, nan, nan, nan], [0.0, 0.0, nan, nan, 4.0, nan, nan], [0.0, 0.0, 0.06, 0.0072, 7.199999999999999, nan, nan], [0.0, 0.0, 0.04, 0.00288, 10.0, nan, nan]]","[[0, 0, 0, 0, 0, 0, 0], [1, 1, 0, 0, 1, 0, 0], [1, 1, 1, 1, 1, 0, 0], [1, 1, 1, 1, 1, 0, 0]]",1.0,0.012731783846121593,0.0008991262194211604,0.03615536808773607,"[[nan, nan, nan, nan, nan, nan, nan], [nan, 0.016319913743952055, nan, nan, nan, nan, nan], [0.017250874021219924, 0.024600577529377686, 0.01157295544680107, nan, 5.175781974046487e-07, nan, nan], [0.011618427026609214, 0.012775638677581745, 0.007715366745233659, nan, nan, nan, nan]]","[[nan, nan, nan, nan, nan, nan, nan], [nan, 0.0002697952902585908, nan, nan, nan, nan, nan], [0.0007769866309466798, 0.0004066884212256972, 0.0029998812251421647, nan, 5.219630200059555e-06, nan, nan], [0.0005232988462613884, 0.00021120253448241337, 0.00199993717685229, nan, nan, nan, nan]]",13,0.6153846153846154,8,0.6153846153846154,0.6153846153846154,13,1426.2795896740706,6737.6758302235285,6737.6758302235285,1426.2795896740706
changeforest,S4SlideInsert,1342,2,"['surf_dist', 'center_dist', 'orient_err', 'speed', 'normal_force', 'start_dist', 'insert_err']","[0.04504042113987532, 0.016531661532743908, 0.2592147908053491, 0.017472314322540528, 10.084718070106007, 0.3422378234631881, 0.3338864451292424]","[[0.0073846196186389485, 0.0027713173895587374, 0.0889411106581908, 0.007224390068768467, 0.18534595424587685, 0.23125838106731644, 0.15758606143389087], [0.0006676992443254972, 6.367016780917719e-05, 0.0889411106581908, 0.0008754316779770671, 3.9999960620919044, 0.23125838106731644, 0.15758606143389087], [0.0007785722197487088, 0.0004066992954610423, 0.05700011877485783, 0.006867704809020226, 7.199994780369799, 0.23125838106731644, 0.15758606143389087], [0.0005220387362223754, 0.00021017727946065403, 0.03800013137547148, 0.007224390068768467, 5.717345210650845, 0.23125838106731644, 0.15758606143389087]]","[['', '', '', '', 'target_value', '', ''], ['target_value', 'target_value', '', 'lower_bound', 'lower_bound', '', ''], ['target_value', 'target_value', 'upper_bound', 'target_value', 'lower_bound', '', ''], ['target_value', 'target_value', 'upper_bound', '', '', '', '']]","[[nan, nan, nan, nan, 0.18534595424587685, nan, nan], [0.0006676992443254972, 6.367016780917719e-05, nan, 0.0008754316779770671, 3.9999960620919044, nan, nan], [0.0007785722197487088, 0.0004066992954610423, 0.05700011877485783, 0.006867704809020226, 7.199994780369799, nan, nan], [0.0005220387362223754, 0.00021017727946065403, 0.03800013137547148, nan, nan, nan, nan]]",[],"[[0, 0, 0, 0, 1, 0, 0], [1, 1, 0, 1, 1, 0, 0], [1, 1, 1, 1, 1, 0, 0], [1, 1, 1, 0, 0, 0, 0]]","[['', '', '', '', '', '', ''], ['target_value', 'target_value', '', '', 'lower_bound', '', ''], ['target_value', 'target_value', 'upper_bound', 'upper_bound', 'lower_bound', '', ''], ['target_value', 'target_value', 'upper_bound', 'upper_bound', 'lower_bound', '', '']]","[[nan, nan, nan, nan, nan, nan, nan], [0.0, 0.0, nan, nan, 4.0, nan, nan], [0.0, 0.0, 0.06, 0.0072, 7.199999999999999, nan, nan], [0.0, 0.0, 0.04, 0.00288, 10.0, nan, nan]]","[[0, 0, 0, 0, 0, 0, 0], [1, 1, 0, 0, 1, 0, 0], [1, 1, 1, 1, 1, 0, 0], [1, 1, 1, 1, 1, 0, 0]]",0.5333333333333333,0.010415620215602,0.0007657764330993809,0.03611707158772583,"[[nan, nan, nan, nan, nan, nan, nan], [0.0148244449636011, 0.003851407656941624, nan, nan, 3.9048271535534646e-07, nan, nan], [0.0172860777063077, 0.024601235311738127, 0.01157295544680107, nan, 5.175781974046487e-07, nan, nan], [0.01159044971185233, 0.012713621014098335, 0.007715102283766951, nan, nan, nan, nan]]","[[nan, nan, nan, nan, nan, nan, nan], [0.0006676992443254972, 6.367016780917719e-05, nan, nan, 3.9379080956081225e-06, nan, nan], [0.0007785722197487088, 0.0004066992954610423, 0.0029998812251421647, nan, 5.219630200059555e-06, nan, nan], [0.0005220387362223754, 0.00021017727946065403, 0.001999868624528521, nan, nan, nan, nan]]",13,0.7692307692307693,10,0.7692307692307693,0.7692307692307693,13,1437.0915376297658,6861.585664397596,6861.585664397596,1437.0915376297658
changeforest,S4SlideInsert,1342,3,"['surf_dist', 'center_dist', 'orient_err', 'speed', 'normal_force', 'start_dist', 'insert_err']","[0.04504042113987532, 0.016531661532743908, 0.2592147908053491, 0.017472314322540528, 10.084718070106007, 0.3422378234631881, 0.3338864451292424]","[[0.0073846196186389485, 0.0027713173895587374, 0.0889411106581908, 0.007224390068768467, 0.18668563987324038, 0.23125838106731644, 0.15758606143389087], [6.255463364999211e-05, 0.00021665446021261253, 0.0889411106581908, 0.000875434345256337, 5.717345210650845, 0.23125838106731644, 0.15758606143389087], [0.0007787210635339659, 0.00040556326390947485, 0.057000140183565154, 0.006861606253239216, 7.1999864971740495, 0.23125838106731644, 0.15758606143389087], [0.0005190012895689607, 0.00021223784102399404, 0.037999983034530393, 0.0026302472863347047, 5.717345210650845, 0.23125838106731644, 0.001905813482147689]]","[['', '', '', '', 'target_value', '', ''], ['lower_bound', 'target_value', '', 'lower_bound', '', '', ''], ['target_value', 'target_value', 'upper_bound', 'target_value', 'lower_bound', '', ''], ['target_value', 'target_value', 'upper_bound', 'target_value', '', '', 'lower_bound']]","[[nan, nan, nan, nan, 0.18668563987324038, nan, nan], [6.255463364999211e-05, 0.00021665446021261253, nan, 0.000875434345256337, nan, nan, nan], [0.0007787210635339659, 0.00040556326390947485, 0.057000140183565154, 0.006861606253239216, 7.1999864971740495, nan, nan], [0.0005190012895689607, 0.00021223784102399404, 0.037999983034530393, 0.0026302472863347047, nan, nan, 0.001905813482147689]]",[],"[[0, 0, 0, 0, 1, 0, 0], [1, 1, 0, 1, 0, 0, 0], [1, 1, 1, 1, 1, 0, 0], [1, 1, 1, 1, 0, 0, 1]]","[['', '', '', '', '', '', ''], ['target_value', 'target_value', '', '', 'lower_bound', '', ''], ['target_value', 'target_value', 'upper_bound', 'upper_bound', 'lower_bound', '', ''], ['target_value', 'target_value', 'upper_bound', 'upper_bound', 'lower_bound', '', '']]","[[nan, nan, nan, nan, nan, nan, nan], [0.0, 0.0, nan, nan, 4.0, nan, nan], [0.0, 0.0, 0.06, 0.0072, 7.199999999999999, nan, nan], [0.0, 0.0, 0.04, 0.00288, 10.0, nan, nan]]","[[0, 0, 0, 0, 0, 0, 0], [1, 1, 0, 0, 1, 0, 0], [1, 1, 1, 1, 1, 0, 0], [1, 1, 1, 1, 1, 0, 0]]",0.9,0.012322310866569621,0.0008931946907629083,0.03609541032513207,"[[nan, nan, nan, nan, nan, nan, nan], [nan, 0.013105425597027237, nan, nan, nan, nan, nan], [0.01728938237756721, 0.02453251677734778, 0.011572872856192509, nan, 1.3389393591312545e-06, nan, nan], [0.011523011473564507, 0.012838264357373825, 0.00771567455412477, nan, nan, nan, nan]]","[[nan, nan, nan, nan, nan, nan, nan], [nan, 0.00021665446021261253, nan, nan, nan, nan, nan], [0.0007787210635339659, 0.00040556326390947485, 0.002999859816434844, nan, 1.3502825949807118e-05, nan, nan], [0.0005190012895689607, 0.00021223784102399404, 0.0020000169654696073, nan, nan, nan, nan]]",14,0.5925925925925927,8,0.5714285714285714,0.6153846153846154,13,1391.4533298041063,6756.990362395374,6756.990362395374,1391.4533298041063
changeforest,S4SlideInsert,1342,4,"['surf_dist', 'center_dist', 'orient_err', 'speed', 'normal_force', 'start_dist', 'insert_err']","[0.04504042113987532, 0.016531661532743908, 0.2592147908053491, 0.017472314322540528, 10.084718070106007, 0.3422378234631881, 0.3338864451292424]","[[0.0073846196186389485, 0.0027713173895587374, 0.0889411106581908, 0.007224390068768467, 0.1852881260439414, 0.23125838106731644, 0.15758606143389087], [0.0007962076976745338, 8.264301774842499e-05, 0.0889411106581908, 0.0008754293294612938, 5.717345210650845, 0.23125838106731644, 0.15758606143389087], [0.0007761367440709561, 0.00040499762476873657, 0.05700011877485783, 0.006868403783329809, 7.199994780369799, 0.23125838106731644, 0.15758606143389087], [0.0005268497490813415, 0.0002132833476300236, 0.03800021145313168, 0.002585394143271358, 9.999990405187535, 0.23125838106731644, 0.15758606143389087]]","[['', '', '', '', 'target_value', '', ''], ['target_value', 'target_value', '', 'lower_bound', '', '', ''], ['target_value', 'target_value', 'upper_bound', 'target_value', 'lower_bound', '', ''], ['target_value', 'target_value', 'upper_bound', 'target_value', 'lower_bound', '', '']]","[[nan, nan, nan, nan, 0.1852881260439414, nan, nan], [0.0007962076976745338, 8.264301774842499e-05, nan, 0.0008754293294612938, nan, nan, nan], [0.0007761367440709561, 0.00040499762476873657, 0.05700011877485783, 0.006868403783329809, 7.199994780369799, nan, nan], [0.0005268497490813415, 0.0002132833476300236, 0.03800021145313168, 0.002585394143271358, 9.999990405187535, nan, nan]]",[],"[[0, 0, 0, 0, 1, 0, 0], [1, 1, 0, 1, 0, 0, 0], [1, 1, 1, 1, 1, 0, 0], [1, 1, 1, 1, 1, 0, 0]]","[['', '', '', '', '', '', ''], ['target_value', 'target_value', '', '', 'lower_bound', '', ''], ['target_value', 'target_value', 'upper_bound', 'upper_bound', 'lower_bound', '', ''], ['target_value', 'target_value', 'upper_bound', 'upper_bound', 'lower_bound', '', '']]","[[nan, nan, nan, nan, nan, nan, nan], [0.0, 0.0, nan, nan, 4.0, nan, nan], [0.0, 0.0, 0.06, 0.0072, 7.199999999999999, nan, nan], [0.0, 0.0, 0.04, 0.00288, 10.0, nan, nan]]","[[0, 0, 0, 0, 0, 0, 0], [1, 1, 0, 0, 1, 0, 0], [1, 1, 1, 1, 1, 0, 0], [1, 1, 1, 1, 1, 0, 0]]",0.6333333333333333,0.010829499649725915,0.0007814602395649105,0.036066392028172606,"[[nan, nan, nan, nan, nan, nan, nan], [0.01767762550891499, 0.004999075113214467, nan, nan, nan, nan, nan], [0.01723200459561921, 0.024498301272776874, 0.01157295544680107, nan, 5.175781974046487e-07, nan, nan], [0.011697265162001546, 0.012901507038937245, 0.007714793359804901, nan, 9.514209914289541e-07, nan, nan]]","[[nan, nan, nan, nan, nan, nan, nan], [0.0007962076976745338, 8.264301774842499e-05, nan, nan, nan, nan, nan], [0.0007761367440709561, 0.00040499762476873657, 0.0029998812251421647, nan, 5.219630200059555e-06, nan, nan], [0.0005268497490813415, 0.0002132833476300236, 0.001999788546868324, nan, 9.594812464541747e-06, nan, nan]]",14,0.7407407407407408,10,0.7142857142857143,0.7692307692307693,13,1435.2211685423288,6855.470931314627,6855.470931314628,1435.2211685423288
changeforest,S4SlideInsert,1342,5,"['surf_dist', 'center_dist', 'orient_err', 'speed', 'normal_force', 'start_dist', 'insert_err']","[0.04504042113987532, 0.016531661532743908, 0.2592147908053491, 0.017472314322540528, 10.084718070106007, 0.3422378234631881, 0.3338864451292424]","[[0.0073846196186389485, 0.0027713173895587374, 0.0889411106581908, 0.007224390068768467, 0.18534595424587685, 0.23125838106731644, 0.15758606143389087], [0.0006676992443254972, 6.367016780917719e-05, 0.0889411106581908, 0.0008754316779770671, 3.9999960620919044, 0.23125838106731644, 0.15758606143389087], [0.0007784641686687747, 0.0004066992954610423, 0.05700011877485783, 0.006867482353305894, 7.199994780369799, 0.23125838106731644, 0.15758606143389087], [0.0005224132433635058, 0.00021017727946065403, 0.03800013137547148, 0.00265096176442306, 5.717345210650845, 0.23125838106731644, 0.15758606143389087]]","[['', '', '', '', 'target_value', '', ''], ['target_value', 'target_value', '', 'lower_bound', 'lower_bound', '', ''], ['target_value', 'target_value', 'upper_bound', 'target_value', 'lower_bound', '', ''], ['target_value', 'target_value', 'upper_bound', 'target_value', '', '', '']]","[[nan, nan, nan, nan, 0.18534595424587685, nan, nan], [0.0006676992443254972, 6.367016780917719e-05, nan, 0.0008754316779770671, 3.9999960620919044, nan, nan], [0.0007784641686687747, 0.0004066992954610423, 0.05700011877485783, 0.006867482353305894, 7.199994780369799, nan, nan], [0.0005224132433635058, 0.00021017727946065403, 0.03800013137547148, 0.00265096176442306, nan, nan, nan]]",[],"[[0, 0, 0, 0, 1, 0, 0], [1, 1, 0, 1, 1, 0, 0], [1, 1, 1, 1, 1, 0, 0], [1, 1, 1, 1, 0, 0, 0]]","[['', '', '', '', '', '', ''], ['target_value', 'target_value', '', '', 'lower_bound', '', ''], ['target_value', 'target_value', 'upper_bound', 'upper_bound', 'lower_bound', '', ''], ['target_value', 'target_value', 'upper_bound', 'upper_bound', 'lower_bound', '', '']]","[[nan, nan, nan, nan, nan, nan, nan], [0.0, 0.0, nan, nan, 4.0, nan, nan], [0.0, 0.0, 0.06, 0.0072, 7.199999999999999, nan, nan], [0.0, 0.0, 0.04, 0.00288, 10.0, nan, nan]]","[[0, 0, 0, 0, 0, 0, 0], [1, 1, 0, 0, 1, 0, 0], [1, 1, 1, 1, 1, 0, 0], [1, 1, 1, 1, 1, 0, 0]]",0.5333333333333332,0.010416211808785308,0.0007658030787055005,0.03611246259576439,"[[nan, nan, nan, nan, nan, nan, nan], [0.0148244449636011, 0.003851407656941624, nan, nan, 3.9048271535534646e-07, nan, nan], [0.017283678726076175, 0.024601235311738127, 0.01157295544680107, nan, 5.175781974046487e-07, nan, nan], [0.011598764623916924, 0.012713621014098335, 0.007715102283766951, nan, nan, nan, nan]]","[[nan, nan, nan, nan, nan, nan, nan], [0.0006676992443254972, 6.367016780917719e-05, nan, nan, 3.9379080956081225e-06, nan, nan], [0.0007784641686687747, 0.0004066992954610423, 0.0029998812251421647, nan, 5.219630200059555e-06, nan, nan], [0.0005224132433635058, 0.00021017727946065403, 0.001999868624528521, nan, nan, nan, nan]]",14,0.7407407407407408,10,0.7142857142857143,0.7692307692307693,13,1439.5348759828844,6869.4590554405295,6869.4590554405295,1439.5348759828844
changeforest,S4SlideInsert,1342,6,"['surf_dist', 'center_dist', 'orient_err', 'speed', 'normal_force', 'start_dist', 'insert_err']","[0.04504042113987532, 0.016531661532743908, 0.2592147908053491, 0.017472314322540528, 10.084718070106007, 0.3422378234631881, 0.3338864451292424]","[[0.0073846196186389485, 0.0027713173895587374, 0.0889411106581908, 0.007224390068768467, 0.12652547343987486, 0.23125838106731644, 0.15758606143389087], [0.0006586951306434873, 6.368605921383335e-05, 0.0889411106581908, 0.0008754403515162995, 3.9999960620919044, 0.23125838106731644, 0.15758606143389087], [0.0007783556382337025, 0.0004073082474909703, 0.05700011877485783, 0.006867810551536765, 7.199994780369799, 0.23125838106731644, 0.15758606143389087], [0.0005307359974924064, 0.00020716038071241522, 0.038000249015480485, 0.0023336778688609686, 10.463685427380291, 0.23125838106731644, 0.0019642646345339188]]","[['', '', '', '', 'target_value', '', ''], ['target_value', 'target_value', '', 'lower_bound', 'lower_bound', '', ''], ['target_value', 'target_value', 'upper_bound', 'target_value', 'lower_bound', '', ''], ['target_value', 'target_value', 'upper_bound', 'lower_bound', 'upper_bound', '', 'lower_bound']]","[[nan, nan, nan, nan, 0.12652547343987486, nan, nan], [0.0006586951306434873, 6.368605921383335e-05, nan, 0.0008754403515162995, 3.9999960620919044, nan, nan], [0.0007783556382337025, 0.0004073082474909703, 0.05700011877485783, 0.006867810551536765, 7.199994780369799, nan, nan], [0.0005307359974924064, 0.00020716038071241522, 0.038000249015480485, 0.0023336778688609686, 10.463685427380291, nan, 0.0019642646345339188]]",[],"[[0, 0, 0, 0, 1, 0, 0], [1, 1, 0, 1, 1, 0, 0], [1, 1, 1, 1, 1, 0, 0], [1, 1, 1, 1, 1, 0, 1]]","[['', '', '', '', '', '', ''], ['target_value', 'target_value', '', '', 'lower_bound', '', ''], ['target_value', 'target_value', 'upper_bound', 'upper_bound', 'lower_bound', '', ''], ['target_value', 'target_value', 'upper_bound', 'upper_bound', 'lower_bound', '', '']]","[[nan, nan, nan, nan, nan, nan, nan], [0.0, 0.0, nan, nan, 4.0, nan, nan], [0.0, 0.0, 0.06, 0.0072, 7.199999999999999, nan, nan], [0.0, 0.0, 0.04, 0.00288, 10.0, nan, nan]]","[[0, 0, 0, 0, 0, 0, 0], [1, 1, 0, 0, 1, 0, 0], [1, 1, 1, 1, 1, 0, 0], [1, 1, 1, 1, 1, 0, 0]]",0.39999999999999997,0.01039994315016322,0.0007654731201744163,0.03908997837313435,"[[nan, nan, nan, nan, nan, nan, nan], [0.014624533118770718, 0.0038523689278111423, nan, nan, 3.9048271535534646e-07, nan, nan], [0.017281269103068098, 0.0246380708124361, 0.01157295544680107, nan, 5.175781974046487e-07, nan, nan], [0.011783548733795779, 0.012531128846431866, 0.007714648451604675, nan, nan, nan, nan]]","[[nan, nan, nan, nan, nan, nan, nan], [0.0006586951306434873, 6.368605921383335e-05, nan, nan, 3.9379080956081225e-06, nan, nan], [0.0007783556382337025, 0.0004073082474909703, 0.0029998812251421647, nan, 5.219630200059555e-06, nan, nan], [0.0005307359974924064, 0.00020716038071241522, 0.001999750984519516, nan, nan, nan, nan]]",16,0.6896551724137931,10,0.625,0.7692307692307693,13,1402.002338074189,7005.054860892442,7005.054860892442,1402.002338074189
changeforest,S4SlideInsert,1342,7,"['surf_dist', 'center_dist', 'orient_err', 'speed', 'normal_force', 'start_dist', 'insert_err']","[0.04504042113987532, 0.016531661532743908, 0.2592147908053491, 0.017472314322540528, 10.084718070106007, 0.3422378234631881, 0.3338864451292424]","[[0.0073846196186389485, 0.0027713173895587374, 0.0889411106581908, 0.007224390068768467, 0.1854165599942581, 0.23125838106731644, 0.15758606143389087], [0.0008279319696453897, 8.587446352249914e-05, 0.0889411106581908, 0.0008754507228638259, 5.717345210650845, 0.23125838106731644, 0.15758606143389087], [0.00077595052174025, 0.00040613048525759993, 0.057000140183565154, 0.006867649226287757, 7.199994780369799, 0.23125838106731644, 0.15758606143389087], [0.0005299313244785785, 0.00021120253448241337, 0.03800004081652753, 0.002629811350906402, 5.717345210650845, 0.23125838106731644, 0.15758606143389087]]","[['', '', '', '', 'target_value', '', ''], ['target_value', 'target_value', '', 'lower_bound', '', '', ''], ['target_value', 'target_value', 'upper_bound', 'target_value', 'lower_bound', '', ''], ['target_value', 'target_value', 'upper_bound', 'target_value', '', '', '']]","[[nan, nan, nan, nan, 0.1854165599942581, nan, nan], [0.0008279319696453897, 8.587446352249914e-05, nan, 0.0008754507228638259, nan, nan, nan], [0.00077595052174025, 0.00040613048525759993, 0.057000140183565154, 0.006867649226287757, 7.199994780369799, nan, nan], [0.0005299313244785785, 0.00021120253448241337, 0.03800004081652753, 0.002629811350906402, nan, nan, nan]]",[],"[[0, 0, 0, 0, 1, 0, 0], [1, 1, 0, 1, 0, 0, 0], [1, 1, 1, 1, 1, 0, 0], [1, 1, 1, 1, 0, 0, 0]]","[['', '', '', '', '', '', ''], ['target_value', 'target_value', '', '', 'lower_bound', '', ''], ['target_value', 'target_value', 'upper_bound', 'upper_bound', 'lower_bound', '', ''], ['target_value', 'target_value', 'upper_bound', 'upper_bound', 'lower_bound', '', '']]","[[nan, nan, nan, nan, nan, nan, nan], [0.0, 0.0, nan, nan, 4.0, nan, nan], [0.0, 0.0, 0.06, 0.0072, 7.199999999999999, nan, nan], [0.0, 0.0, 0.04, 0.00288, 10.0, nan, nan]]","[[0, 0, 0, 0, 0, 0, 0], [1, 1, 0, 0, 1, 0, 0], [1, 1, 1, 1, 1, 0, 0], [1, 1, 1, 1, 1, 0, 0]]",0.6666666666666666,0.012133487090567382,0.0008713399921371225,0.036112355774244556,"[[nan, nan, nan, nan, nan, nan, nan], [0.018381976648801857, 0.0051945452277987565, nan, nan, nan, nan, nan], [0.017227870035462063, 0.02456682798962379, 0.011572872856192509, nan, 5.175781974046487e-07, nan, nan], [0.011765683158975132, 0.012775638677581745, 0.007715451642473167, nan, nan, nan, nan]]","[[nan, nan, nan, nan, nan, nan, nan], [0.0008279319696453897, 8.587446352249914e-05, nan, nan, nan, nan, nan], [0.00077595052174025, 0.00040613048525759993, 0.002999859816434844, nan, 5.219630200059555e-06, nan, nan], [0.0005299313244785785, 0.00021120253448241337, 0.001999959183472469, nan, nan, nan, nan]]",13,0.6923076923076923,9,0.6923076923076923,0.6923076923076923,13,1418.3480797165632,6837.240008388842,6837.240008388842,1418.3480797165632
changeforest,S4SlideInsert,1342,8,"['surf_dist', 'center_dist', 'orient_err', 'speed', 'normal_force', 'start_dist', 'insert_err']","[0.04504042113987532, 0.016531661532743908, 0.2592147908053491, 0.017472314322540528, 10.084718070106007, 0.3422378234631881, 0.3338864451292424]","[[0.0073846196186389485, 0.0027713173895587374, 0.0889411106581908, 0.007224390068768467, 0.18534595424587685, 0.23125838106731644, 0.15758606143389087], [0.0006676992443254972, 6.367016780917719e-05, 0.0889411106581908, 0.0008754316779770671, 3.9999960620919044, 0.23125838106731644, 0.15758606143389087], [0.0007754932108423847, 0.00040613048525760037, 0.057000140183565154, 0.0068684204027388025, 7.199994780369799, 0.23125838106731644, 0.15758606143389087], [0.0005315263356589391, 0.00021120253448241337, 0.038000040816527546, 0.00262712163791861, 5.717345210650845, 0.23125838106731644, 0.15758606143389087]]","[['', '', '', '', 'target_value', '', ''], ['target_value', 'target_value', '', 'lower_bound', 'lower_bound', '', ''], ['target_value', 'target_value', 'upper_bound', 'target_value', 'lower_bound', '', ''], ['target_value', 'target_value', 'upper_bound', 'target_value', '', '', '']]","[[nan, nan, nan, nan, 0.18534595424587685, nan, nan], [0.0006676992443254972, 6.367016780917719e-05, nan, 0.0008754316779770671, 3.9999960620919044, nan, nan], [0.0007754932108423847, 0.00040613048525760037, 0.057000140183565154, 0.0068684204027388025, 7.199994780369799, nan, nan], [0.0005315263356589391, 0.00021120253448241337, 0.038000040816527546, 0.00262712163791861, nan, nan, nan]]",[],"[[0, 0, 0, 0, 1, 0, 0], [1, 1, 0, 1, 1, 0, 0], [1, 1, 1, 1, 1, 0, 0], [1, 1, 1, 1, 0, 0, 0]]","[['', '', '', '', '', '', ''], ['target_value', 'target_value', '', '', 'lower_bound', '', ''], ['target_value', 'target_value', 'upper_bound', 'upper_bound', 'lower_bound', '', ''], ['target_value', 'target_value', 'upper_bound', 'upper_bound', 'lower_bound', '', '']]","[[nan, nan, nan, nan, nan, nan, nan], [0.0, 0.0, nan, nan, 4.0, nan, nan], [0.0, 0.0, 0.06, 0.0072, 7.199999999999999, nan, nan], [0.0, 0.0, 0.04, 0.00288, 10.0, nan, nan]]","[[0, 0, 0, 0, 0, 0, 0], [1, 1, 0, 0, 1, 0, 0], [1, 1, 1, 1, 1, 0, 0], [1, 1, 1, 1, 1, 0, 0]]",0.5,0.01043263645809445,0.0007664698516578978,0.03606365856095679,"[[nan, nan, nan, nan, nan, nan, nan], [0.0148244449636011, 0.003851407656941624, nan, nan, 3.9048271535534646e-07, nan, nan], [0.01721771669128162, 0.024566827989623816, 0.011572872856192509, nan, 5.175781974046487e-07, nan, nan], [0.011801096042336217, 0.012775638677581745, 0.007715451642473113, nan, nan, nan, nan]]","[[nan, nan, nan, nan, nan, nan, nan], [0.0006676992443254972, 6.367016780917719e-05, nan, nan, 3.9379080956081225e-06, nan, nan], [0.0007754932108423847, 0.00040613048525760037, 0.002999859816434844, nan, 5.219630200059555e-06, nan, nan], [0.0005315263356589391, 0.00021120253448241337, 0.001999959183472455, nan, nan, nan, nan]]",14,0.7407407407407408,10,0.7142857142857143,0.7692307692307693,13,1400.0668265307731,6869.8144793829,6869.8144793829,1400.0668265307731
changeforest,S4SlideInsert,1342,9,"['surf_dist', 'center_dist', 'orient_err', 'speed', 'normal_force', 'start_dist', 'insert_err']","[0.04504042113987532, 0.016531661532743908, 0.2592147908053491, 0.017472314322540528, 10.084718070106007, 0.3422378234631881, 0.3338864451292424]","[[0.0073846196186389485, 0.0027713173895587374, 0.0889411106581908, 0.007224390068768467, 0.18537728891640182, 0.23125838106731644, 0.15758606143389087], [0.0007664377804930782, 7.663818474152847e-05, 0.0889411106581908, 0.0008754451498500003, 5.717345210650845, 0.23125838106731644, 0.15758606143389087], [0.0007761367440709561, 0.00040499762476873657, 0.05700011877485783, 0.006868403783329809, 7.199994780369799, 0.23125838106731644, 0.15758606143389087], [0.0005268497490813415, 0.0002132833476300236, 0.03800021145313168, 0.002585394143271358, 9.999990405187535, 0.23125838106731644, 0.15758606143389087]]","[['', '', '', '', 'target_value', '', ''], ['target_value', 'target_value', '', 'lower_bound', '', '', ''], ['target_value', 'target_value', 'upper_bound', 'target_value', 'lower_bound', '', ''], ['target_value', 'target_value', 'upper_bound', 'target_value', 'lower_bound', '', '']]","[[nan, nan, nan, nan, 0.18537728891640182, nan, nan], [0.0007664377804930782, 7.663818474152847e-05, nan, 0.0008754451498500003, nan, nan, nan], [0.0007761367440709561, 0.00040499762476873657, 0.05700011877485783, 0.006868403783329809, 7.199994780369799, nan, nan], [0.0005268497490813415, 0.0002132833476300236, 0.03800021145313168, 0.002585394143271358, 9.999990405187535, nan, nan]]",[],"[[0, 0, 0, 0, 1, 0, 0], [1, 1, 0, 1, 0, 0, 0], [1, 1, 1, 1, 1, 0, 0], [1, 1, 1, 1, 1, 0, 0]]","[['', '', '', '', '', '', ''], ['target_value', 'target_value', '', '', 'lower_bound', '', ''], ['target_value', 'target_value', 'upper_bound', 'upper_bound', 'lower_bound', '', ''], ['target_value', 'target_value', 'upper_bound', 'upper_bound', 'lower_bound', '', '']]","[[nan, nan, nan, nan, nan, nan, nan], [0.0, 0.0, nan, nan, 4.0, nan, nan], [0.0, 0.0, 0.06, 0.0072, 7.199999999999999, nan, nan], [0.0, 0.0, 0.04, 0.00288, 10.0, nan, nan]]","[[0, 0, 0, 0, 0, 0, 0], [1, 1, 0, 0, 1, 0, 0], [1, 1, 1, 1, 1, 0, 0], [1, 1, 1, 1, 1, 0, 0]]",0.5666666666666667,0.010727080421410734,0.0007778827645460755,0.036061919419117947,"[[nan, nan, nan, nan, nan, nan, nan], [0.01701666549948249, 0.004635842839495162, nan, nan, nan, nan, nan], [0.01723200459561921, 0.024498301272776874, 0.01157295544680107, nan, 5.175781974046487e-07, nan, nan], [0.011697265162001546, 0.012901507038937245, 0.007714793359804901, nan, 9.514209914289541e-07, nan, nan]]","[[nan, nan, nan, nan, nan, nan, nan], [0.0007664377804930782, 7.663818474152847e-05, nan, nan, nan, nan, nan], [0.0007761367440709561, 0.00040499762476873657, 0.0029998812251421647, nan, 5.219630200059555e-06, nan, nan], [0.0005268497490813415, 0.0002132833476300236, 0.001999788546868324, nan, 9.594812464541747e-06, nan, nan]]",14,0.7407407407407408,10,0.7142857142857143,0.7692307692307693,13,1420.3873412405815,6890.413043269016,6890.413043269017,1420.3873412405815
changeforest,S5SphereInspect,127,0,"['surf_dist', 'normal_err', 'speed', 'ang_speed', 'start_dist', 'goal_dist']","[0.07448508906860322, 0.2735019597134474, 0.005167278655559288, 0.06608722993185281, 0.2420060651636752, 0.17611082692742402]","[[0.02045219957117411, 0.10158489238903948, 0.007639086684378288, 0.04112343753885147, 0.16447107839562072, 0.2889733595429724], [2.399571875557477e-06, 0.039614059289946164, 0.008523706337191454, 0.04112343753885147, 0.16447107839562072, 0.2889733595429724], [5.488171359868677e-07, 0.020822650787681765, 0.00845971589385606, 0.04112343753885147, 0.16447107839562072, 0.2889733595429724], [0.032400847413329714, 0.10158489238903948, 0.007639086684378288, 0.04112343753885147, 0.16447107839562072, 0.2889733595429724], [0.02045219957117411, 0.10158489238903948, 0.007639086684378288, 0.04112343753885147, 0.16447107839562072, 0.2889733595429724]]","[['', '', '', '', '', ''], ['target_value', 'upper_bound', 'upper_bound', '', '', ''], ['lower_bound', 'lower_bound', 'upper_bound', '', '', ''], ['upper_bound', '', '', '', '', ''], ['', '', '', '', '', '']]","[[nan, nan, nan, nan, nan, nan], [2.399571875557477e-06, 0.039614059289946164, 0.008523706337191454, nan, nan, nan], [5.488171359868677e-07, 0.020822650787681765, 0.00845971589385606, nan, nan, nan], [0.032400847413329714, nan, nan, nan, nan, nan], [nan, nan, nan, nan, nan, nan]]",[],"[[0, 0, 0, 0, 0, 0], [1, 1, 1, 0, 0, 0], [1, 1, 1, 0, 0, 0], [1, 0, 0, 0, 0, 0], [0, 0, 0, 0, 0, 0]]","[['', '', '', '', '', ''], ['target_value', 'upper_bound', 'upper_bound', '', '', ''], ['', '', '', '', '', ''], ['target_value', '', 'upper_bound', '', '', ''], ['', '', '', '', '', '']]","[[nan, nan, nan, nan, nan, nan], [0.0, 0.04, 0.00846, nan, nan, nan], [nan, nan, nan, nan, nan, nan], [0.0324, nan, 0.00846, nan, nan, nan], [nan, nan, nan, nan, nan, nan]]","[[0, 0, 0, 0, 0, 0], [1, 1, 1, 0, 0, 0], [0, 0, 0, 0, 0, 0], [1, 0, 1, 0, 0, 0], [0, 0, 0, 0, 0, 0]]",5.65,0.004590707198931131,0.0001506822063736159,0.07133263626204521,"[[nan, nan, nan, nan, nan, nan], [3.221546628409603e-05, 0.0014111076588196774, 0.012328798471689622, nan, nan, nan], [nan, nan, nan, nan, nan, nan], [nan, nan, nan, nan, nan, nan], [nan, nan, nan, nan, nan, nan]]","[[nan, nan, nan, nan, nan, nan], [2.399571875557477e-06, 0.00038594071005383646, 6.370633719145376e-05, nan, nan, nan], [nan, nan, nan, nan, nan, nan], [nan, nan, nan, nan, nan, nan], [nan, nan, nan, nan, nan, nan]]",7,0.5,3,0.42857142857142855,0.6,5,981.1248681751514,-1037.3677637577007,-1037.367763757701,981.1248681751514
changeforest,S5SphereInspect,127,1,"['surf_dist', 'normal_err', 'speed', 'ang_speed', 'start_dist', 'goal_dist']","[0.07448508906860322, 0.2735019597134474, 0.005167278655559288, 0.06608722993185281, 0.2420060651636752, 0.17611082692742402]","[[0.02045219957117411, 0.10158489238903948, 0.007639086684378288, 0.04112343753885147, 0.16447107839562072, 0.2889733595429724], [2.31360829111224e-06, 0.10158489238903948, 0.00852463938092269, 0.04112343753885147, 0.16447107839562072, 0.2889733595429724], [0.0017407641926021726, 0.02062749971524118, 0.008486327655426593, 0.04112343753885147, 0.16447107839562072, 0.2889733595429724], [0.03240077010686541, 0.10158489238903948, 0.007639086684378288, 0.04112343753885147, 0.16447107839562072, 0.2889733595429724], [0.02045219957117411, 0.10158489238903948, 0.007639086684378288, 0.04112343753885147, 0.16447107839562072, 0.2889733595429724]]","[['', '', '', '', '', ''], ['target_value', '', 'upper_bound', '', '', ''], ['target_value', 'lower_bound', 'upper_bound', '', '', ''], ['upper_bound', '', '', '', '', ''], ['', '', '', '', '', '']]","[[nan, nan, nan, nan, nan, nan], [2.31360829111224e-06, nan, 0.00852463938092269, nan, nan, nan], [0.0017407641926021726, 0.02062749971524118, 0.008486327655426593, nan, nan, nan], [0.03240077010686541, nan, nan, nan, nan, nan], [nan, nan, nan, nan, nan, nan]]",[],"[[0, 0, 0, 0, 0, 0], [1, 0, 1, 0, 0, 0], [1, 1, 1, 0, 0, 0], [1, 0, 0, 0, 0, 0], [0, 0, 0, 0, 0, 0]]","[['', '', '', '', '', ''], ['target_value', 'upper_bound', 'upper_bound', '', '', ''], ['', '', '', '', '', ''], ['target_value', '', 'upper_bound', '', '', ''], ['', '', '', '', '', '']]","[[nan, nan, nan, nan, nan, nan], [0.0, 0.04, 0.00846, nan, nan, nan], [nan, nan, nan, nan, nan, nan], [0.0324, nan, 0.00846, nan, nan, nan], [nan, nan, nan, nan, nan, nan]]","[[0, 0, 0, 0, 0, 0], [1, 1, 1, 0, 0, 0], [0, 0, 0, 0, 0, 0], [1, 0, 1, 0, 0, 0], [0, 0, 0, 0, 0, 0]]",7.175,0.006270213777244253,3.347649460690074e-05,0.07502888200730837,"[[nan, nan, nan, nan, nan, nan], [3.10613616771181e-05, nan, 0.012509366192811388, nan, nan, nan], [nan, nan, nan, nan, nan, nan], [nan, nan, nan, nan, nan, nan], [nan, nan, nan, nan, nan, nan]]","[[nan, nan, nan, nan, nan, nan], [2.31360829111224e-06, nan, 6.463938092268924e-05, nan, nan, nan], [nan, nan, nan, nan, nan, nan], [nan, nan, nan, nan, nan, nan], [nan, nan, nan, nan, nan, nan]]",6,0.3636363636363636,2,0.3333333333333333,0.4,5,1010.2431944374106,-1022.3856477932899,-1022.3856477932899,1010.2431944374106
changeforest,S5SphereInspect,127,2,"['surf_dist', 'normal_err', 'speed', 'ang_speed', 'start_dist', 'goal_dist']","[0.07448508906860322, 0.2735019597134474, 0.005167278655559288, 0.06608722993185281, 0.2420060651636752, 0.17611082692742402]","[[0.02045219957117411, 0.10158489238903948, 0.007639086684378288, 0.04112343753885147, 0.16447107839562072, 0.2889733595429724], [2.399183113024894e-06, 0.03961528759214317, 0.00852133152633374, 0.04112343753885147, 0.16447107839562072, 0.2889733595429724], [8.777840139126414e-08, 0.020693186798249122, 0.00849581309785169, 0.04112343753885147, 0.16447107839562072, 0.2889733595429724], [0.0324007827593739, 0.10158489238903948, 0.007639086684378288, 0.04112343753885147, 0.16447107839562072, 0.2889733595429724], [0.02045219957117411, 0.10158489238903948, 0.007639086684378288, 0.04112343753885147, 0.16447107839562072, 0.2889733595429724]]","[['', '', '', '', '', ''], ['target_value', 'upper_bound', 'upper_bound', '', '', ''], ['lower_bound', 'lower_bound', 'upper_bound', '', '', ''], ['upper_bound', '', '', '', '', ''], ['', '', '', '', '', '']]","[[nan, nan, nan, nan, nan, nan], [2.399183113024894e-06, 0.03961528759214317, 0.00852133152633374, nan, nan, nan], [8.777840139126414e-08, 0.020693186798249122, 0.00849581309785169, nan, nan, nan], [0.0324007827593739, nan, nan, nan, nan, nan], [nan, nan, nan, nan, nan, nan]]",[],"[[0, 0, 0, 0, 0, 0], [1, 1, 1, 0, 0, 0], [1, 1, 1, 0, 0, 0], [1, 0, 0, 0, 0, 0], [0, 0, 0, 0, 0, 0]]","[['', '', '', '', '', ''], ['target_value', 'upper_bound', 'upper_bound', '', '', ''], ['', '', '', '', '', ''], ['target_value', '', 'upper_bound', '', '', ''], ['', '', '', '', '', '']]","[[nan, nan, nan, nan, nan, nan], [0.0, 0.04, 0.00846, nan, nan, nan], [nan, nan, nan, nan, nan, nan], [0.0324, nan, 0.00846, nan, nan, nan], [nan, nan, nan, nan, nan, nan]]","[[0, 0, 0, 0, 0, 0], [1, 1, 1, 0, 0, 0], [0, 0, 0, 0, 0, 0], [1, 0, 1, 0, 0, 0], [0, 0, 0, 0, 0, 0]]",6.35,0.004436012995382538,0.00014948103910119963,0.07349681520579308,"[[nan, nan, nan, nan, nan, nan], [3.221024695043551e-05, 0.001406616640918784, 0.011869212098278395, nan, nan, nan], [nan, nan, nan, nan, nan, nan], [nan, nan, nan, nan, nan, nan], [nan, nan, nan, nan, nan, nan]]","[[nan, nan, nan, nan, nan, nan], [2.399183113024894e-06, 0.00038471240785683397, 6.133152633374002e-05, nan, nan, nan], [nan, nan, nan, nan, nan, nan], [nan, nan, nan, nan, nan, nan], [nan, nan, nan, nan, nan, nan]]",7,0.5,3,0.42857142857142855,0.6,5,1011.2178459332107,-922.970734935321,-922.9707349353209,1011.2178459332107
changeforest,S5SphereInspect,127,3,"['surf_dist', 'normal_err', 'speed', 'ang_speed', 'start_dist', 'goal_dist']","[0.07448508906860322, 0.2735019597134474, 0.005167278655559288, 0.06608722993185281, 0.2420060651636752, 0.17611082692742402]","[[0.02045219957117411, 0.10158489238903948, 0.007639086684378288, 0.04112343753885147, 0.16447107839562072, 0.2889733595429724], [2.395290107419512e-06, 0.03961539794855514, 0.008504295546257494, 0.04112343753885147, 0.16447107839562072, 0.2889733595429724], [2.0007558703891148e-07, 0.020714799374568396, 0.008529584859363122, 0.04112343753885147, 0.16447107839562072, 0.2889733595429724], [0.032400858250041034, 0.10158489238903948, 0.007639086684378288, 0.04112343753885147, 0.16447107839562072, 0.2889733595429724], [0.02045219957117411, 0.10158489238903948, 0.007639086684378288, 0.04112343753885147, 0.16447107839562072, 0.2889733595429724]]","[['', '', '', '', '', ''], ['target_value', 'upper_bound', 'upper_bound', '', '', ''], ['lower_bound', 'lower_bound', 'upper_bound', '', '', ''], ['upper_bound', '', '', '', '', ''], ['', '', '', '', '', '']]","[[nan, nan, nan, nan, nan, nan], [2.395290107419512e-06, 0.03961539794855514, 0.008504295546257494, nan, nan, nan], [2.0007558703891148e-07, 0.020714799374568396, 0.008529584859363122, nan, nan, nan], [0.032400858250041034, nan, nan, nan, nan, nan], [nan, nan, nan, nan, nan, nan]]",[],"[[0, 0, 0, 0, 0, 0], [1, 1, 1, 0, 0, 0], [1, 1, 1, 0, 0, 0], [1, 0, 0, 0, 0, 0], [0, 0, 0, 0, 0, 0]]","[['', '', '', '', '', ''], ['target_value', 'upper_bound', 'upper_bound', '', '', ''], ['', '', '', '', '', ''], ['target_value', '', 'upper_bound', '', '', ''], ['', '', '', '', '', '']]","[[nan, nan, nan, nan, nan, nan], [0.0, 0.04, 0.00846, nan, nan, nan], [nan, nan, nan, nan, nan, nan], [0.0324, nan, 0.00846, nan, nan, nan], [nan, nan, nan, nan, nan, nan]]","[[0, 0, 0, 0, 0, 0], [1, 1, 1, 0, 0, 0], [0, 0, 0, 0, 0, 0], [1, 0, 1, 0, 0, 0], [0, 0, 0, 0, 0, 0]]",5.375,0.00333689575857276,0.00014376429593659112,0.07324320527350771,"[[nan, nan, nan, nan, nan, nan], [3.215798138085558e-05, 0.0014062131468740265, 0.008572316147463399, nan, nan, nan], [nan, nan, nan, nan, nan, nan], [nan, nan, nan, nan, nan, nan], [nan, nan, nan, nan, nan, nan]]","[[nan, nan, nan, nan, nan, nan], [2.395290107419512e-06, 0.00038460205144486004, 4.429554625749385e-05, nan, nan, nan], [nan, nan, nan, nan, nan, nan], [nan, nan, nan, nan, nan, nan], [nan, nan, nan, nan, nan, nan]]",7,0.5,3,0.42857142857142855,0.6,5,1007.5089663504463,-915.6829876381383,-915.6829876381383,1007.5089663504463
changeforest,S5SphereInspect,127,4,"['surf_dist', 'normal_err', 'speed', 'ang_speed', 'start_dist', 'goal_dist']","[0.07448508906860322, 0.2735019597134474, 0.005167278655559288, 0.06608722993185281, 0.2420060651636752, 0.17611082692742402]","[[0.02045219957117411, 0.10158489238903948, 0.007639086684378288, 0.04112343753885147, 0.16447107839562072, 0.2889733595429724], [2.185782570874456e-06, 0.03961419383085364, 0.00852133546059961, 0.04112343753885147, 0.16447107839562072, 0.2889733595429724], [0.02045219957117411, 0.10158489238903948, 0.007639086684378288, 0.04112343753885147, 0.16447107839562072, 0.2889733595429724], [0.03240103240994323, 0.10158489238903948, 0.008295930689050117, 0.04112343753885147, 0.16447107839562072, 0.2889733595429724], [0.02045219957117411, 0.10158489238903948, 0.007639086684378288, 0.04112343753885147, 0.16447107839562072, 0.2889733595429724]]","[['', '', '', '', '', ''], ['target_value', 'upper_bound', 'upper_bound', '', '', ''], ['', '', '', '', '', ''], ['upper_bound', '', 'upper_bound', '', '', ''], ['', '', '', '', '', '']]","[[nan, nan, nan, nan, nan, nan], [2.185782570874456e-06, 0.03961419383085364, 0.00852133546059961, nan, nan, nan], [nan, nan, nan, nan, nan, nan], [0.03240103240994323, nan, 0.008295930689050117, nan, nan, nan], [nan, nan, nan, nan, nan, nan]]",[],"[[0, 0, 0, 0, 0, 0], [1, 1, 1, 0, 0, 0], [0, 0, 0, 0, 0, 0], [1, 0, 1, 0, 0, 0], [0, 0, 0, 0, 0, 0]]","[['', '', '', '', '', ''], ['target_value', 'upper_bound', 'upper_bound', '', '', ''], ['', '', '', '', '', ''], ['target_value', '', 'upper_bound', '', '', ''], ['', '', '', '', '', '']]","[[nan, nan, nan, nan, nan, nan], [0.0, 0.04, 0.00846, nan, nan, nan], [nan, nan, nan, nan, nan, nan], [0.0324, nan, 0.00846, nan, nan, nan], [nan, nan, nan, nan, nan, nan]]","[[0, 0, 0, 0, 0, 0], [1, 1, 1, 0, 0, 0], [0, 0, 0, 0, 0, 0], [1, 0, 1, 0, 0, 0], [0, 0, 0, 0, 0, 0]]",4.125,0.01126538100069686,0.0001533491808166816,0.0692818461648294,"[[nan, nan, nan, nan, nan, nan], [2.9345236720617708e-05, 0.001410615739465175, 0.011869973478906755, nan, nan, nan], [nan, nan, nan, nan, nan, nan], [nan, nan, 0.03175158954769489, nan, nan, nan], [nan, nan, nan, nan, nan, nan]]","[[nan, nan, nan, nan, nan, nan], [2.185782570874456e-06, 0.00038580616914635907, 6.13354605996097e-05, nan, nan, nan], [nan, nan, nan, nan, nan, nan], [nan, nan, 0.00016406931094988322, nan, nan, nan], [nan, nan, nan, nan, nan, nan]]",5,0.8000000000000002,4,0.8,0.8,5,1000.1888762385406,-908.2721337379099,-908.2721337379099,1000.1888762385406
changeforest,S5SphereInspect,127,5,"['surf_dist', 'normal_err', 'speed', 'ang_speed', 'start_dist', 'goal_dist']","[0.07448508906860322, 0.2735019597134474, 0.005167278655559288, 0.06608722993185281, 0.2420060651636752, 0.17611082692742402]","[[0.02045219957117411, 0.10158489238903948, 0.007639086684378288, 0.04112343753885147, 0.16447107839562072, 0.2889733595429724], [2.4880195197800326e-06, 0.03961738838102358, 0.008502610346623996, 0.04112343753885147, 0.16447107839562072, 0.2889733595429724], [0.02045219957117411, 0.10158489238903948, 0.007639086684378288, 0.04112343753885147, 0.16447107839562072, 0.2889733595429724], [0.032401439075405436, 0.10158489238903948, 0.007639086684378288, 0.04112343753885147, 0.16447107839562072, 0.2889733595429724], [0.02045219957117411, 0.10158489238903948, 0.007639086684378288, 0.04112343753885147, 0.16447107839562072, 0.2889733595429724]]","[['', '', '', '', '', ''], ['target_value', 'upper_bound', 'upper_bound', '', '', ''], ['', '', '', '', '', ''], ['upper_bound', '', '', '', '', ''], ['', '', '', '', '', '']]","[[nan, nan, nan, nan, nan, nan], [2.4880195197800326e-06, 0.03961738838102358, 0.008502610346623996, nan, nan, nan], [nan, nan, nan, nan, nan, nan], [0.032401439075405436, nan, nan, nan, nan, nan], [nan, nan, nan, nan, nan, nan]]",[],"[[0, 0, 0, 0, 0, 0], [1, 1, 1, 0, 0, 0], [0, 0, 0, 0, 0, 0], [1, 0, 0, 0, 0, 0], [0, 0, 0, 0, 0, 0]]","[['', '', '', '', '', ''], ['target_value', 'upper_bound', 'upper_bound', '', '', ''], ['', '', '', '', '', ''], ['target_value', '', 'upper_bound', '', '', ''], ['', '', '', '', '', '']]","[[nan, nan, nan, nan, nan, nan], [0.0, 0.04, 0.00846, nan, nan, nan], [nan, nan, nan, nan, nan, nan], [0.0324, nan, 0.00846, nan, nan, nan], [nan, nan, nan, nan, nan, nan]]","[[0, 0, 0, 0, 0, 0], [1, 1, 1, 0, 0, 0], [0, 0, 0, 0, 0, 0], [1, 0, 1, 0, 0, 0], [0, 0, 0, 0, 0, 0]]",4.125,0.0032261751978393816,0.00014256999504006634,0.06959395824817718,"[[nan, nan, nan, nan, nan, nan], [3.340292065017851e-05, 0.001398935566594449, 0.008246187106273516, nan, nan, nan], [nan, nan, nan, nan, nan, nan], [nan, nan, nan, nan, nan, nan], [nan, nan, nan, nan, nan, nan]]","[[nan, nan, nan, nan, nan, nan], [2.4880195197800326e-06, 0.00038261161897642365, 4.261034662399535e-05, nan, nan, nan], [nan, nan, nan, nan, nan, nan], [nan, nan, nan, nan, nan, nan], [nan, nan, nan, nan, nan, nan]]",4,0.6666666666666665,3,0.75,0.6,5,993.0073824467501,-877.4809219538539,-877.4809219538541,993.0073824467501
changeforest,S5SphereInspect,127,6,"['surf_dist', 'normal_err', 'speed', 'ang_speed', 'start_dist', 'goal_dist']","[0.07448508906860322, 0.2735019597134474, 0.005167278655559288, 0.06608722993185281, 0.2420060651636752, 0.17611082692742402]","[[0.02045219957117411, 0.10158489238903948, 0.007639086684378288, 0.04112343753885147, 0.16447107839562072, 0.2889733595429724], [2.4506758215074587e-06, 0.10158489238903948, 0.008504293027093487, 0.04112343753885147, 0.16447107839562072, 0.2889733595429724], [3.2210468500770695e-07, 0.02060951355046159, 0.007639086684378288, 0.04112343753885147, 0.16447107839562072, 0.2889733595429724], [0.032400969131033595, 0.10158489238903948, 0.007639086684378288, 0.04112343753885147, 0.16447107839562072, 0.2889733595429724], [0.02045219957117411, 0.10158489238903948, 0.007639086684378288, 0.04112343753885147, 0.16447107839562072, 0.2889733595429724]]","[['', '', '', '', '', ''], ['target_value', '', 'upper_bound', '', '', ''], ['lower_bound', 'lower_bound', '', '', '', ''], ['upper_bound', '', '', '', '', ''], ['', '', '', '', '', '']]","[[nan, nan, nan, nan, nan, nan], [2.4506758215074587e-06, nan, 0.008504293027093487, nan, nan, nan], [3.2210468500770695e-07, 0.02060951355046159, nan, nan, nan, nan], [0.032400969131033595, nan, nan, nan, nan, nan], [nan, nan, nan, nan, nan, nan]]",[],"[[0, 0, 0, 0, 0, 0], [1, 0, 1, 0, 0, 0], [1, 1, 0, 0, 0, 0], [1, 0, 0, 0, 0, 0], [0, 0, 0, 0, 0, 0]]","[['', '', '', '', '', ''], ['target_value', 'upper_bound', 'upper_bound', '', '', ''], ['', '', '', '', '', ''], ['target_value', '', 'upper_bound', '', '', ''], ['', '', '', '', '', '']]","[[nan, nan, nan, nan, nan, nan], [0.0, 0.04, 0.00846, nan, nan, nan], [nan, nan, nan, nan, nan, nan], [0.0324, nan, 0.00846, nan, nan, nan], [nan, nan, nan, nan, nan, nan]]","[[0, 0, 0, 0, 0, 0], [1, 1, 1, 0, 0, 0], [0, 0, 0, 0, 0, 0], [1, 0, 1, 0, 0, 0], [0, 0, 0, 0, 0, 0]]",5.05,0.004302365093844866,2.3371851457496852e-05,0.07142434708911458,"[[nan, nan, nan, nan, nan, nan], [3.290156261007227e-05, nan, 0.00857182862507966, nan, nan, nan], [nan, nan, nan, nan, nan, nan], [nan, nan, nan, nan, nan, nan], [nan, nan, nan, nan, nan, nan]]","[[nan, nan, nan, nan, nan, nan], [2.4506758215074587e-06, nan, 4.4293027093486245e-05, nan, nan, nan], [nan, nan, nan, nan, nan, nan], [nan, nan, nan, nan, nan, nan], [nan, nan, nan, nan, nan, nan]]",5,0.4000000000000001,2,0.4,0.4,5,982.76683872239,-839.8510437281906,-839.8510437281906,982.76683872239
changeforest,S5SphereInspect,127,7,"['surf_dist', 'normal_err', 'speed', 'ang_speed', 'start_dist', 'goal_dist']","[0.07448508906860322, 0.2735019597134474, 0.005167278655559288, 0.06608722993185281, 0.2420060651636752, 0.17611082692742402]","[[0.02045219957117411, 0.10158489238903948, 0.007639086684378288, 0.04112343753885147, 0.16447107839562072, 0.2889733595429724], [2.412794184752931e-06, 0.03961709672580588, 0.008502841026128876, 0.04112343753885147, 0.16447107839562072, 0.2889733595429724], [3.6516893680768603e-07, 0.020693450028812316, 0.007639086684378288, 0.04112343753885147, 0.16447107839562072, 0.2889733595429724], [0.03240127479086739, 0.10158489238903948, 0.007639086684378288, 0.04112343753885147, 0.16447107839562072, 0.2889733595429724], [0.02045219957117411, 0.10158489238903948, 0.007639086684378288, 0.04112343753885147, 0.16447107839562072, 0.2889733595429724]]","[['', '', '', '', '', ''], ['target_value', 'upper_bound', 'upper_bound', '', '', ''], ['lower_bound', 'lower_bound', '', '', '', ''], ['upper_bound', '', '', '', '', ''], ['', '', '', '', '', '']]","[[nan, nan, nan, nan, nan, nan], [2.412794184752931e-06, 0.03961709672580588, 0.008502841026128876, nan, nan, nan], [3.6516893680768603e-07, 0.020693450028812316, nan, nan, nan, nan], [0.03240127479086739, nan, nan, nan, nan, nan], [nan, nan, nan, nan, nan, nan]]",[],"[[0, 0, 0, 0, 0, 0], [1, 1, 1, 0, 0, 0], [1, 1, 0, 0, 0, 0], [1, 0, 0, 0, 0, 0], [0, 0, 0, 0, 0, 0]]","[['', '', '', '', '', ''], ['target_value', 'upper_bound', 'upper_bound', '', '', ''], ['', '', '', '', '', ''], ['target_value', '', 'upper_bound', '', '', ''], ['', '', '', '', '', '']]","[[nan, nan, nan, nan, nan, nan], [0.0, 0.04, 0.00846, nan, nan, nan], [nan, nan, nan, nan, nan, nan], [0.0324, nan, 0.00846, nan, nan, nan], [nan, nan, nan, nan, nan, nan]]","[[0, 0, 0, 0, 0, 0], [1, 1, 1, 0, 0, 0], [0, 0, 0, 0, 0, 0], [1, 0, 1, 0, 0, 0], [0, 0, 0, 0, 0, 0]]",4.775,0.003241074795665036,0.00014271903150258358,0.07056118737697585,"[[nan, nan, nan, nan, nan, nan], [3.23929824737226e-05, 0.0014000019400054644, 0.008290829464515922, nan, nan, nan], [nan, nan, nan, nan, nan, nan], [nan, nan, nan, nan, nan, nan], [nan, nan, nan, nan, nan, nan]]","[[nan, nan, nan, nan, nan, nan], [2.412794184752931e-06, 0.0003829032741941227, 4.2841026128875165e-05, nan, nan, nan], [nan, nan, nan, nan, nan, nan], [nan, nan, nan, nan, nan, nan], [nan, nan, nan, nan, nan, nan]]",6,0.5454545454545454,3,0.5,0.6,5,991.8854838163955,-891.0192876880366,-891.0192876880363,991.8854838163955
changeforest,S5SphereInspect,127,8,"['surf_dist', 'normal_err', 'speed', 'ang_speed', 'start_dist', 'goal_dist']","[0.07448508906860322, 0.2735019597134474, 0.005167278655559288, 0.06608722993185281, 0.2420060651636752, 0.17611082692742402]","[[0.02045219957117411, 0.10158489238903948, 0.007639086684378288, 0.04112343753885147, 0.16447107839562072, 0.2889733595429724], [2.446213533808389e-06, 0.03961595823102469, 0.008523646039698072, 0.04112343753885147, 0.16447107839562072, 0.2889733595429724], [4.664696555932435e-07, 0.02060977825536793, 0.008471486543204402, 0.04112343753885147, 0.16447107839562072, 0.2889733595429724], [0.03240092856734825, 0.10158489238903948, 0.007639086684378288, 0.04112343753885147, 0.16447107839562072, 0.2889733595429724], [0.02045219957117411, 0.10158489238903948, 0.007639086684378288, 0.04112343753885147, 0.16447107839562072, 0.2889733595429724]]","[['', '', '', '', '', ''], ['target_value', 'upper_bound', 'upper_bound', '', '', ''], ['lower_bound', 'lower_bound', 'upper_bound', '', '', ''], ['upper_bound', '', '', '', '', ''], ['', '', '', '', '', '']]","[[nan, nan, nan, nan, nan, nan], [2.446213533808389e-06, 0.03961595823102469, 0.008523646039698072, nan, nan, nan], [4.664696555932435e-07, 0.02060977825536793, 0.008471486543204402, nan, nan, nan], [0.03240092856734825, nan, nan, nan, nan, nan], [nan, nan, nan, nan, nan, nan]]",[],"[[0, 0, 0, 0, 0, 0], [1, 1, 1, 0, 0, 0], [1, 1, 1, 0, 0, 0], [1, 0, 0, 0, 0, 0], [0, 0, 0, 0, 0, 0]]","[['', '', '', '', '', ''], ['target_value', 'upper_bound', 'upper_bound', '', '', ''], ['', '', '', '', '', ''], ['target_value', '', 'upper_bound', '', '', ''], ['', '', '', '', '', '']]","[[nan, nan, nan, nan, nan, nan], [0.0, 0.04, 0.00846, nan, nan, nan], [nan, nan, nan, nan, nan, nan], [0.0324, nan, 0.00846, nan, nan, nan], [nan, nan, nan, nan, nan, nan]]","[[0, 0, 0, 0, 0, 0], [1, 1, 1, 0, 0, 0], [0, 0, 0, 0, 0, 0], [1, 0, 1, 0, 0, 0], [0, 0, 0, 0, 0, 0]]",5.025,0.004584711874067683,0.00015004467406906294,0.07201399789331223,"[[nan, nan, nan, nan, nan, nan], [3.2841654140405816e-05, 0.0014041645967644097, 0.012317129371298233, nan, nan, nan], [nan, nan, nan, nan, nan, nan], [nan, nan, nan, nan, nan, nan], [nan, nan, nan, nan, nan, nan]]","[[nan, nan, nan, nan, nan, nan], [2.446213533808389e-06, 0.00038404176897530867, 6.364603969807175e-05, nan, nan, nan], [nan, nan, nan, nan, nan, nan], [nan, nan, nan, nan, nan, nan], [nan, nan, nan, nan, nan, nan]]",7,0.5,3,0.42857142857142855,0.6,5,1018.597878034546,-893.1522267740703,-893.1522267740701,1018.597878034546
changeforest,S5SphereInspect,127,9,"['surf_dist', 'normal_err', 'speed', 'ang_speed', 'start_dist', 'goal_dist']","[0.07448508906860322, 0.2735019597134474, 0.005167278655559288, 0.06608722993185281, 0.2420060651636752, 0.17611082692742402]","[[0.02045219957117411, 0.10158489238903948, 0.007639086684378288, 0.04112343753885147, 0.16447107839562072, 0.2889733595429724], [2.3544196153697794e-06, 0.03961533428547306, 0.008516664385971234, 0.04112343753885147, 0.16447107839562072, 0.2889733595429724], [1.2691966596103943e-07, 0.020715018872592902, 0.007639086684378288, 0.04112343753885147, 0.16447107839562072, 0.2889733595429724], [0.03240096358617798, 0.10158489238903948, 0.007639086684378288, 0.04112343753885147, 0.16447107839562072, 0.2889733595429724], [0.02045219957117411, 0.10158489238903948, 0.007639086684378288, 0.04112343753885147, 0.16447107839562072, 0.2889733595429724]]","[['', '', '', '', '', ''], ['target_value', 'upper_bound', 'upper_bound', '', '', ''], ['lower_bound', 'lower_bound', '', '', '', ''], ['upper_bound', '', '', '', '', ''], ['', '', '', '', '', '']]","[[nan, nan, nan, nan, nan, nan], [2.3544196153697794e-06, 0.03961533428547306, 0.008516664385971234, nan, nan, nan], [1.2691966596103943e-07, 0.020715018872592902, nan, nan, nan, nan], [0.03240096358617798, nan, nan, nan, nan, nan], [nan, nan, nan, nan, nan, nan]]",[],"[[0, 0, 0, 0, 0, 0], [1, 1, 1, 0, 0, 0], [1, 1, 0, 0, 0, 0], [1, 0, 0, 0, 0, 0], [0, 0, 0, 0, 0, 0]]","[['', '', '', '', '', ''], ['target_value', 'upper_bound', 'upper_bound', '', '', ''], ['', '', '', '', '', ''], ['target_value', '', 'upper_bound', '', '', ''], ['', '', '', '', '', '']]","[[nan, nan, nan, nan, nan, nan], [0.0, 0.04, 0.00846, nan, nan, nan], [nan, nan, nan, nan, nan, nan], [0.0324, nan, 0.00846, nan, nan, nan], [nan, nan, nan, nan, nan, nan]]","[[0, 0, 0, 0, 0, 0], [1, 1, 1, 0, 0, 0], [0, 0, 0, 0, 0, 0], [1, 0, 1, 0, 0, 0], [0, 0, 0, 0, 0, 0]]",5.35,0.004134685594965901,0.00014789484003784915,0.07276593993397337,"[[nan, nan, nan, nan, nan, nan], [3.160927435021634e-05, 0.0014064459169870836, 0.010966001593560403, nan, nan, nan], [nan, nan, nan, nan, nan, nan], [nan, nan, nan, nan, nan, nan], [nan, nan, nan, nan, nan, nan]]","[[nan, nan, nan, nan, nan, nan], [2.3544196153697794e-06, 0.00038466571452694387, 5.666438597123381e-05, nan, nan, nan], [nan, nan, nan, nan, nan, nan], [nan, nan, nan, nan, nan, nan], [nan, nan, nan, nan, nan, nan]]",6,0.5454545454545454,3,0.5,0.6,5,1006.6118134532297,-926.7894845661639,-926.7894845661639,1006.6118134532297
