method,dataset,dataset_seed,method_seed,ConstraintFeatureNames,ConstraintFeatureScales,ConstraintLearnedRawValueMatrix,ConstraintLearnedSemanticsMatrix,ConstraintLearnedValueMatrix,ConstraintLearnedValuePerDemo,ConstraintPredictedActiveMask,ConstraintSemanticsMatrix,ConstraintTargetMatrix,ConstraintTrueActiveMask,MeanAbsCutpointError,MeanParameterError,MeanParameterErrorRaw,MeanStageSubgoalError,ParameterErrorMatrix,ParameterErrorMatrixRaw,PredictedConstraintCount,SemanticConstraintF1,SemanticConstraintMatchCount,SemanticConstraintPrecision,SemanticConstraintRecall,TrueConstraintCount,ModelObjectiveFinal,PosthocFeatureObjectiveFinal,PosthocObjectiveFinal,SegmentationObjectiveFinal
cluster,S3ObsAvoid,1259149,0,"['obs_dist', 'speed', 'arc_dist', 'heading', 'line_dist', 'noise']","[1.0099001918441046, 0.23400965023278456, 1.5296480064975375, 6.3271107859210876, 0.7801270192468435, 0.7509006094170386]","[[0.3828241566450279, 0.0871280375624544, 0.44878861607549564, -1.9233363624021396, 0.9081373989151309, 0.0009495591566612824], [1.413261208602365, 0.0871280375624544, 0.15133989582243168, -1.9233363624021396, 0.9081373989151309, 0.0009495591566612824], [1.0201703400709945, 0.0871280375624544, 0.44878861607549564, -1.9233363624021396, 1.053850288372677, 0.0009495591566612824]]","[['lower_bound', '', '', '', '', ''], ['upper_bound', '', 'lower_bound', '', '', ''], ['lower_bound', '', '', '', 'upper_bound', '']]","[[0.3828241566450279, nan, nan, nan, nan, nan], [1.413261208602365, nan, 0.15133989582243168, nan, nan, nan], [1.0201703400709945, nan, nan, nan, 1.053850288372677, nan]]",[],"[[1, 0, 0, 0, 0, 0], [1, 0, 1, 0, 0, 0], [1, 0, 0, 0, 1, 0]]","[['lower_bound', '', '', '', '', ''], ['', 'target_value', '', '', '', ''], ['', 'target_value', 'target_value', '', '', '']]","[[0.4, nan, nan, nan, nan, nan], [nan, 0.055, nan, nan, nan, nan], [nan, 0.045, 0.2, nan, nan, nan]]","[[1, 0, 0, 0, 0, 0], [0, 1, 0, 0, 0, 0], [0, 1, 1, 0, 0, 0]]",9.3,0.017007466177037342,0.01717584335497213,0.1808404344294116,"[[0.017007466177037342, nan, nan, nan, nan, nan], [nan, nan, nan, nan, nan, nan], [nan, nan, nan, nan, nan, nan]]","[[0.01717584335497213, nan, nan, nan, nan, nan], [nan, nan, nan, nan, nan, nan], [nan, nan, nan, nan, nan, nan]]",5,0.22222222222222224,1,0.2,0.25,4,2353.6473366765376,-666.7747663758512,-666.774766375851,2353.6473366765376
cluster,S3ObsAvoid,1259149,1,"['obs_dist', 'speed', 'arc_dist', 'heading', 'line_dist', 'noise']","[1.0099001918441046, 0.23400965023278456, 1.5296480064975375, 6.3271107859210876, 0.7801270192468435, 0.7509006094170386]","[[0.3828241566450279, 0.0871280375624544, 0.44878861607549564, -1.9233363624021396, 0.9081373989151309, 0.0009495591566612824], [1.413261208602365, 0.0871280375624544, 0.15133989582243168, -1.9233363624021396, 0.9081373989151309, 0.0009495591566612824], [1.0201703400709945, 0.0871280375624544, 0.44878861607549564, -1.9233363624021396, 1.053850288372677, 0.0009495591566612824]]","[['lower_bound', '', '', '', '', ''], ['upper_bound', '', 'lower_bound', '', '', ''], ['lower_bound', '', '', '', 'upper_bound', '']]","[[0.3828241566450279, nan, nan, nan, nan, nan], [1.413261208602365, nan, 0.15133989582243168, nan, nan, nan], [1.0201703400709945, nan, nan, nan, 1.053850288372677, nan]]",[],"[[1, 0, 0, 0, 0, 0], [1, 0, 1, 0, 0, 0], [1, 0, 0, 0, 1, 0]]","[['lower_bound', '', '', '', '', ''], ['', 'target_value', '', '', '', ''], ['', 'target_value', 'target_value', '', '', '']]","[[0.4, nan, nan, nan, nan, nan], [nan, 0.055, nan, nan, nan, nan], [nan, 0.045, 0.2, nan, nan, nan]]","[[1, 0, 0, 0, 0, 0], [0, 1, 0, 0, 0, 0], [0, 1, 1, 0, 0, 0]]",9.3,0.017007466177037342,0.01717584335497213,0.1808404344294116,"[[0.017007466177037342, nan, nan, nan, nan, nan], [nan, nan, nan, nan, nan, nan], [nan, nan, nan, nan, nan, nan]]","[[0.01717584335497213, nan, nan, nan, nan, nan], [nan, nan, nan, nan, nan, nan], [nan, nan, nan, nan, nan, nan]]",5,0.22222222222222224,1,0.2,0.25,4,2353.6473366765376,-666.7747663758512,-666.774766375851,2353.6473366765376
cluster,S3ObsAvoid,1259149,2,"['obs_dist', 'speed', 'arc_dist', 'heading', 'line_dist', 'noise']","[1.0099001918441046, 0.23400965023278456, 1.5296480064975375, 6.3271107859210876, 0.7801270192468435, 0.7509006094170386]","[[0.3828241566450279, 0.0871280375624544, 0.44878861607549564, -1.9233363624021396, 0.9081373989151309, 0.0009495591566612824], [1.413261208602365, 0.0871280375624544, 0.15133989582243168, -1.9233363624021396, 0.9081373989151309, 0.0009495591566612824], [1.0201703400709945, 0.0871280375624544, 0.44878861607549564, -1.9233363624021396, 1.053850288372677, 0.0009495591566612824]]","[['lower_bound', '', '', '', '', ''], ['upper_bound', '', 'lower_bound', '', '', ''], ['lower_bound', '', '', '', 'upper_bound', '']]","[[0.3828241566450279, nan, nan, nan, nan, nan], [1.413261208602365, nan, 0.15133989582243168, nan, nan, nan], [1.0201703400709945, nan, nan, nan, 1.053850288372677, nan]]",[],"[[1, 0, 0, 0, 0, 0], [1, 0, 1, 0, 0, 0], [1, 0, 0, 0, 1, 0]]","[['lower_bound', '', '', '', '', ''], ['', 'target_value', '', '', '', ''], ['', 'target_value', 'target_value', '', '', '']]","[[0.4, nan, nan, nan, nan, nan], [nan, 0.055, nan, nan, nan, nan], [nan, 0.045, 0.2, nan, nan, nan]]","[[1, 0, 0, 0, 0, 0], [0, 1, 0, 0, 0, 0], [0, 1, 1, 0, 0, 0]]",9.3,0.017007466177037342,0.01717584335497213,0.1808404344294116,"[[0.017007466177037342, nan, nan, nan, nan, nan], [nan, nan, nan, nan, nan, nan], [nan, nan, nan, nan, nan, nan]]","[[0.01717584335497213, nan, nan, nan, nan, nan], [nan, nan, nan, nan, nan, nan], [nan, nan, nan, nan, nan, nan]]",5,0.22222222222222224,1,0.2,0.25,4,2353.6473366765376,-666.7747663758512,-666.774766375851,2353.6473366765376
cluster,S3ObsAvoid,1259149,3,"['obs_dist', 'speed', 'arc_dist', 'heading', 'line_dist', 'noise']","[1.0099001918441046, 0.23400965023278456, 1.5296480064975375, 6.3271107859210876, 0.7801270192468435, 0.7509006094170386]","[[0.3828241566450279, 0.0871280375624544, 0.44878861607549564, -1.9233363624021396, 0.9081373989151309, 0.0009495591566612824], [1.413261208602365, 0.0871280375624544, 0.15133989582243168, -1.9233363624021396, 0.9081373989151309, 0.0009495591566612824], [1.0201703400709945, 0.0871280375624544, 0.44878861607549564, -1.9233363624021396, 1.053850288372677, 0.0009495591566612824]]","[['lower_bound', '', '', '', '', ''], ['upper_bound', '', 'lower_bound', '', '', ''], ['lower_bound', '', '', '', 'upper_bound', '']]","[[0.3828241566450279, nan, nan, nan, nan, nan], [1.413261208602365, nan, 0.15133989582243168, nan, nan, nan], [1.0201703400709945, nan, nan, nan, 1.053850288372677, nan]]",[],"[[1, 0, 0, 0, 0, 0], [1, 0, 1, 0, 0, 0], [1, 0, 0, 0, 1, 0]]","[['lower_bound', '', '', '', '', ''], ['', 'target_value', '', '', '', ''], ['', 'target_value', 'target_value', '', '', '']]","[[0.4, nan, nan, nan, nan, nan], [nan, 0.055, nan, nan, nan, nan], [nan, 0.045, 0.2, nan, nan, nan]]","[[1, 0, 0, 0, 0, 0], [0, 1, 0, 0, 0, 0], [0, 1, 1, 0, 0, 0]]",9.3,0.017007466177037342,0.01717584335497213,0.1808404344294116,"[[0.017007466177037342, nan, nan, nan, nan, nan], [nan, nan, nan, nan, nan, nan], [nan, nan, nan, nan, nan, nan]]","[[0.01717584335497213, nan, nan, nan, nan, nan], [nan, nan, nan, nan, nan, nan], [nan, nan, nan, nan, nan, nan]]",5,0.22222222222222224,1,0.2,0.25,4,2353.6473366765376,-666.7747663758512,-666.774766375851,2353.6473366765376
cluster,S3ObsAvoid,1259149,4,"['obs_dist', 'speed', 'arc_dist', 'heading', 'line_dist', 'noise']","[1.0099001918441046, 0.23400965023278456, 1.5296480064975375, 6.3271107859210876, 0.7801270192468435, 0.7509006094170386]","[[0.3828241566450279, 0.0871280375624544, 0.44878861607549564, -1.9233363624021396, 0.9081373989151309, 0.0009495591566612824], [1.413261208602365, 0.0871280375624544, 0.15133989582243168, -1.9233363624021396, 0.9081373989151309, 0.0009495591566612824], [1.0201703400709945, 0.0871280375624544, 0.44878861607549564, -1.9233363624021396, 1.053850288372677, 0.0009495591566612824]]","[['lower_bound', '', '', '', '', ''], ['upper_bound', '', 'lower_bound', '', '', ''], ['lower_bound', '', '', '', 'upper_bound', '']]","[[0.3828241566450279, nan, nan, nan, nan, nan], [1.413261208602365, nan, 0.15133989582243168, nan, nan, nan], [1.0201703400709945, nan, nan, nan, 1.053850288372677, nan]]",[],"[[1, 0, 0, 0, 0, 0], [1, 0, 1, 0, 0, 0], [1, 0, 0, 0, 1, 0]]","[['lower_bound', '', '', '', '', ''], ['', 'target_value', '', '', '', ''], ['', 'target_value', 'target_value', '', '', '']]","[[0.4, nan, nan, nan, nan, nan], [nan, 0.055, nan, nan, nan, nan], [nan, 0.045, 0.2, nan, nan, nan]]","[[1, 0, 0, 0, 0, 0], [0, 1, 0, 0, 0, 0], [0, 1, 1, 0, 0, 0]]",9.3,0.017007466177037342,0.01717584335497213,0.1808404344294116,"[[0.017007466177037342, nan, nan, nan, nan, nan], [nan, nan, nan, nan, nan, nan], [nan, nan, nan, nan, nan, nan]]","[[0.01717584335497213, nan, nan, nan, nan, nan], [nan, nan, nan, nan, nan, nan], [nan, nan, nan, nan, nan, nan]]",5,0.22222222222222224,1,0.2,0.25,4,2353.6473366765376,-666.7747663758512,-666.774766375851,2353.6473366765376
cluster,S3ObsAvoid,1259149,5,"['obs_dist', 'speed', 'arc_dist', 'heading', 'line_dist', 'noise']","[1.0099001918441046, 0.23400965023278456, 1.5296480064975375, 6.3271107859210876, 0.7801270192468435, 0.7509006094170386]","[[0.3828241566450279, 0.0871280375624544, 0.44878861607549564, -1.9233363624021396, 0.9081373989151309, 0.0009495591566612824], [1.413261208602365, 0.0871280375624544, 0.15133989582243168, -1.9233363624021396, 0.9081373989151309, 0.0009495591566612824], [1.0201703400709945, 0.0871280375624544, 0.44878861607549564, -1.9233363624021396, 1.053850288372677, 0.0009495591566612824]]","[['lower_bound', '', '', '', '', ''], ['upper_bound', '', 'lower_bound', '', '', ''], ['lower_bound', '', '', '', 'upper_bound', '']]","[[0.3828241566450279, nan, nan, nan, nan, nan], [1.413261208602365, nan, 0.15133989582243168, nan, nan, nan], [1.0201703400709945, nan, nan, nan, 1.053850288372677, nan]]",[],"[[1, 0, 0, 0, 0, 0], [1, 0, 1, 0, 0, 0], [1, 0, 0, 0, 1, 0]]","[['lower_bound', '', '', '', '', ''], ['', 'target_value', '', '', '', ''], ['', 'target_value', 'target_value', '', '', '']]","[[0.4, nan, nan, nan, nan, nan], [nan, 0.055, nan, nan, nan, nan], [nan, 0.045, 0.2, nan, nan, nan]]","[[1, 0, 0, 0, 0, 0], [0, 1, 0, 0, 0, 0], [0, 1, 1, 0, 0, 0]]",9.3,0.017007466177037342,0.01717584335497213,0.1808404344294116,"[[0.017007466177037342, nan, nan, nan, nan, nan], [nan, nan, nan, nan, nan, nan], [nan, nan, nan, nan, nan, nan]]","[[0.01717584335497213, nan, nan, nan, nan, nan], [nan, nan, nan, nan, nan, nan], [nan, nan, nan, nan, nan, nan]]",5,0.22222222222222224,1,0.2,0.25,4,2353.6473366765376,-666.7747663758512,-666.774766375851,2353.6473366765376
cluster,S3ObsAvoid,1259149,6,"['obs_dist', 'speed', 'arc_dist', 'heading', 'line_dist', 'noise']","[1.0099001918441046, 0.23400965023278456, 1.5296480064975375, 6.3271107859210876, 0.7801270192468435, 0.7509006094170386]","[[0.38282348022982327, 0.0871280375624544, 0.44878861607549564, -1.9233363624021396, 0.9081373989151309, 0.0009495591566612824], [1.4132618602481766, 0.0871280375624544, 0.1500346453479645, -1.9233363624021396, 0.9081373989151309, 0.0009495591566612824], [1.0201703400709945, 0.0871280375624544, 0.44878861607549564, -1.9233363624021396, 1.053850288372677, 0.0009495591566612824]]","[['lower_bound', '', '', '', '', ''], ['upper_bound', '', 'lower_bound', '', '', ''], ['lower_bound', '', '', '', 'upper_bound', '']]","[[0.38282348022982327, nan, nan, nan, nan, nan], [1.4132618602481766, nan, 0.1500346453479645, nan, nan, nan], [1.0201703400709945, nan, nan, nan, 1.053850288372677, nan]]",[],"[[1, 0, 0, 0, 0, 0], [1, 0, 1, 0, 0, 0], [1, 0, 0, 0, 1, 0]]","[['lower_bound', '', '', '', '', ''], ['', 'target_value', '', '', '', ''], ['', 'target_value', 'target_value', '', '', '']]","[[0.4, nan, nan, nan, nan, nan], [nan, 0.055, nan, nan, nan, nan], [nan, 0.045, 0.2, nan, nan, nan]]","[[1, 0, 0, 0, 0, 0], [0, 1, 0, 0, 0, 0], [0, 1, 1, 0, 0, 0]]",9.25,0.017008135961249768,0.017176519770176757,0.1808404202602122,"[[0.017008135961249768, nan, nan, nan, nan, nan], [nan, nan, nan, nan, nan, nan], [nan, nan, nan, nan, nan, nan]]","[[0.017176519770176757, nan, nan, nan, nan, nan], [nan, nan, nan, nan, nan, nan], [nan, nan, nan, nan, nan, nan]]",5,0.22222222222222224,1,0.2,0.25,4,2353.620350138634,-631.2602793148885,-631.2602793148885,2353.620350138634
cluster,S3ObsAvoid,1259149,7,"['obs_dist', 'speed', 'arc_dist', 'heading', 'line_dist', 'noise']","[1.0099001918441046, 0.23400965023278456, 1.5296480064975375, 6.3271107859210876, 0.7801270192468435, 0.7509006094170386]","[[0.3828241566450279, 0.0871280375624544, 0.44878861607549564, -1.9233363624021396, 0.9081373989151309, 0.0009495591566612824], [1.413261208602365, 0.0871280375624544, 0.15133989582243168, -1.9233363624021396, 0.9081373989151309, 0.0009495591566612824], [1.0201703400709945, 0.0871280375624544, 0.44878861607549564, -1.9233363624021396, 1.053850288372677, 0.0009495591566612824]]","[['lower_bound', '', '', '', '', ''], ['upper_bound', '', 'lower_bound', '', '', ''], ['lower_bound', '', '', '', 'upper_bound', '']]","[[0.3828241566450279, nan, nan, nan, nan, nan], [1.413261208602365, nan, 0.15133989582243168, nan, nan, nan], [1.0201703400709945, nan, nan, nan, 1.053850288372677, nan]]",[],"[[1, 0, 0, 0, 0, 0], [1, 0, 1, 0, 0, 0], [1, 0, 0, 0, 1, 0]]","[['lower_bound', '', '', '', '', ''], ['', 'target_value', '', '', '', ''], ['', 'target_value', 'target_value', '', '', '']]","[[0.4, nan, nan, nan, nan, nan], [nan, 0.055, nan, nan, nan, nan], [nan, 0.045, 0.2, nan, nan, nan]]","[[1, 0, 0, 0, 0, 0], [0, 1, 0, 0, 0, 0], [0, 1, 1, 0, 0, 0]]",9.3,0.017007466177037342,0.01717584335497213,0.1808404344294116,"[[0.017007466177037342, nan, nan, nan, nan, nan], [nan, nan, nan, nan, nan, nan], [nan, nan, nan, nan, nan, nan]]","[[0.01717584335497213, nan, nan, nan, nan, nan], [nan, nan, nan, nan, nan, nan], [nan, nan, nan, nan, nan, nan]]",5,0.22222222222222224,1,0.2,0.25,4,2353.6473366765376,-666.7747663758512,-666.774766375851,2353.6473366765376
cluster,S3ObsAvoid,1259149,8,"['obs_dist', 'speed', 'arc_dist', 'heading', 'line_dist', 'noise']","[1.0099001918441046, 0.23400965023278456, 1.5296480064975375, 6.3271107859210876, 0.7801270192468435, 0.7509006094170386]","[[0.3828241566450279, 0.0871280375624544, 0.44878861607549564, -1.9233363624021396, 0.9081373989151309, 0.0009495591566612824], [1.413261208602365, 0.0871280375624544, 0.15133989582243168, -1.9233363624021396, 0.9081373989151309, 0.0009495591566612824], [1.0201703400709945, 0.0871280375624544, 0.44878861607549564, -1.9233363624021396, 1.053850288372677, 0.0009495591566612824]]","[['lower_bound', '', '', '', '', ''], ['upper_bound', '', 'lower_bound', '', '', ''], ['lower_bound', '', '', '', 'upper_bound', '']]","[[0.3828241566450279, nan, nan, nan, nan, nan], [1.413261208602365, nan, 0.15133989582243168, nan, nan, nan], [1.0201703400709945, nan, nan, nan, 1.053850288372677, nan]]",[],"[[1, 0, 0, 0, 0, 0], [1, 0, 1, 0, 0, 0], [1, 0, 0, 0, 1, 0]]","[['lower_bound', '', '', '', '', ''], ['', 'target_value', '', '', '', ''], ['', 'target_value', 'target_value', '', '', '']]","[[0.4, nan, nan, nan, nan, nan], [nan, 0.055, nan, nan, nan, nan], [nan, 0.045, 0.2, nan, nan, nan]]","[[1, 0, 0, 0, 0, 0], [0, 1, 0, 0, 0, 0], [0, 1, 1, 0, 0, 0]]",9.3,0.017007466177037342,0.01717584335497213,0.1808404344294116,"[[0.017007466177037342, nan, nan, nan, nan, nan], [nan, nan, nan, nan, nan, nan], [nan, nan, nan, nan, nan, nan]]","[[0.01717584335497213, nan, nan, nan, nan, nan], [nan, nan, nan, nan, nan, nan], [nan, nan, nan, nan, nan, nan]]",5,0.22222222222222224,1,0.2,0.25,4,2353.6473366765376,-666.7747663758512,-666.774766375851,2353.6473366765376
cluster,S3ObsAvoid,1259149,9,"['obs_dist', 'speed', 'arc_dist', 'heading', 'line_dist', 'noise']","[1.0099001918441046, 0.23400965023278456, 1.5296480064975375, 6.3271107859210876, 0.7801270192468435, 0.7509006094170386]","[[0.3828241566450279, 0.0871280375624544, 0.44878861607549564, -1.9233363624021396, 0.9081373989151309, 0.0009495591566612824], [1.413261208602365, 0.0871280375624544, 0.15133989582243168, -1.9233363624021396, 0.9081373989151309, 0.0009495591566612824], [1.0201703400709945, 0.0871280375624544, 0.44878861607549564, -1.9233363624021396, 1.053850288372677, 0.0009495591566612824]]","[['lower_bound', '', '', '', '', ''], ['upper_bound', '', 'lower_bound', '', '', ''], ['lower_bound', '', '', '', 'upper_bound', '']]","[[0.3828241566450279, nan, nan, nan, nan, nan], [1.413261208602365, nan, 0.15133989582243168, nan, nan, nan], [1.0201703400709945, nan, nan, nan, 1.053850288372677, nan]]",[],"[[1, 0, 0, 0, 0, 0], [1, 0, 1, 0, 0, 0], [1, 0, 0, 0, 1, 0]]","[['lower_bound', '', '', '', '', ''], ['', 'target_value', '', '', '', ''], ['', 'target_value', 'target_value', '', '', '']]","[[0.4, nan, nan, nan, nan, nan], [nan, 0.055, nan, nan, nan, nan], [nan, 0.045, 0.2, nan, nan, nan]]","[[1, 0, 0, 0, 0, 0], [0, 1, 0, 0, 0, 0], [0, 1, 1, 0, 0, 0]]",9.3,0.017007466177037342,0.01717584335497213,0.1808404344294116,"[[0.017007466177037342, nan, nan, nan, nan, nan], [nan, nan, nan, nan, nan, nan], [nan, nan, nan, nan, nan, nan]]","[[0.01717584335497213, nan, nan, nan, nan, nan], [nan, nan, nan, nan, nan, nan], [nan, nan, nan, nan, nan, nan]]",5,0.22222222222222224,1,0.2,0.25,4,2353.6473366765376,-666.7747663758512,-666.774766375851,2353.6473366765376
cluster,S4SlideInsert,1342,0,"['surf_dist', 'center_dist', 'orient_err', 'speed', 'normal_force', 'start_dist', 'insert_err']","[0.04504042113987532, 0.016531661532743908, 0.2592147908053491, 0.017472314322540528, 10.084718070106007, 0.3422378234631881, 0.3338864451292424]","[[0.0073846196186389485, 0.0027713173895587374, 0.0889411106581908, 0.007224390068768467, 0.18089477098875317, 0.23125838106731644, 0.15758606143389087], [0.0073846196186389485, 0.0027713173895587374, 0.0889411106581908, 0.007224390068768467, 0.19999534053371537, 0.23125838106731644, 0.15758606143389087], [8.496015474385946e-05, 1.1952993841067572e-06, 0.0889411106581908, 0.007220592024874408, 7.622844601140953, 0.23125838106731644, 0.15758606143389087], [4.552474299821668e-05, 5.717863882325619e-06, 0.0570001880958571, 0.007188886883080392, 7.199996849390509, 0.23125838106731644, 0.15758606143389087]]","[['', '', '', '', 'upper_bound', '', ''], ['', '', '', '', 'upper_bound', '', ''], ['lower_bound', 'lower_bound', '', 'upper_bound', 'upper_bound', '', ''], ['lower_bound', 'lower_bound', 'upper_bound', 'upper_bound', 'lower_bound', '', '']]","[[nan, nan, nan, nan, 0.18089477098875317, nan, nan], [nan, nan, nan, nan, 0.19999534053371537, nan, nan], [8.496015474385946e-05, 1.1952993841067572e-06, nan, 0.007220592024874408, 7.622844601140953, nan, nan], [4.552474299821668e-05, 5.717863882325619e-06, 0.0570001880958571, 0.007188886883080392, 7.199996849390509, nan, nan]]",[],"[[0, 0, 0, 0, 1, 0, 0], [0, 0, 0, 0, 1, 0, 0], [1, 1, 0, 1, 1, 0, 0], [1, 1, 1, 1, 1, 0, 0]]","[['', '', '', '', '', '', ''], ['target_value', 'target_value', '', '', 'lower_bound', '', ''], ['target_value', 'target_value', 'upper_bound', 'upper_bound', 'lower_bound', '', ''], ['target_value', 'target_value', 'upper_bound', 'upper_bound', 'lower_bound', '', '']]","[[nan, nan, nan, nan, nan, nan, nan], [0.0, 0.0, nan, nan, 4.0, nan, nan], [0.0, 0.0, 0.06, 0.0072, 7.199999999999999, nan, nan], [0.0, 0.0, 0.04, 0.00288, 10.0, nan, nan]]","[[0, 0, 0, 0, 0, 0, 0], [1, 1, 0, 0, 1, 0, 0], [1, 1, 1, 1, 1, 0, 0], [1, 1, 1, 1, 1, 0, 0]]",21.93333333333333,0.14775558651890575,0.7053332044033258,0.0889511143934614,"[[nan, nan, nan, nan, nan, nan, nan], [nan, nan, nan, nan, nan, nan, nan], [nan, nan, nan, 0.001178551650014832, nan, nan, nan], [nan, nan, 0.06558340302665433, 0.2466122577431898, 0.277648133655764, nan, nan]]","[[nan, nan, nan, nan, nan, nan, nan], [nan, nan, nan, nan, nan, nan, nan], [nan, nan, nan, 2.059202487440792e-05, nan, nan, nan], [nan, nan, 0.0170001880958571, 0.004308886883080391, 2.8000031506094913, nan, nan]]",11,0.33333333333333337,4,0.36363636363636365,0.3076923076923077,13,1001.8063759022638,4756.167461685456,4756.167461685456,1001.8063759022638
cluster,S4SlideInsert,1342,1,"['surf_dist', 'center_dist', 'orient_err', 'speed', 'normal_force', 'start_dist', 'insert_err']","[0.04504042113987532, 0.016531661532743908, 0.2592147908053491, 0.017472314322540528, 10.084718070106007, 0.3422378234631881, 0.3338864451292424]","[[0.0073846196186389485, 0.0027713173895587374, 0.0889411106581908, 0.007224390068768467, 0.18216024079584336, 0.23125838106731644, 0.15758606143389087], [0.00015845844507912134, -1.5512643179553531e-09, 0.0889411106581908, 0.0009194253023749955, 4.290064491359664, 0.23125838106731644, 0.15758606143389087], [8.12020464644337e-05, 0.0027713173895587374, 0.05700019856743717, 0.0072845681036093094, 5.717345210650845, 0.23125838106731644, 0.15758606143389087], [3.787934621496229e-05, 1.2802835719252607e-06, 0.05700008216650139, 0.007188896834895544, 7.199999803169547, 0.23125838106731644, 0.004063370554257595]]","[['', '', '', '', 'upper_bound', '', ''], ['lower_bound', 'lower_bound', '', 'lower_bound', 'upper_bound', '', ''], ['lower_bound', '', 'upper_bound', 'upper_bound', '', '', ''], ['lower_bound', 'lower_bound', 'upper_bound', 'upper_bound', 'lower_bound', '', 'lower_bound']]","[[nan, nan, nan, nan, 0.18216024079584336, nan, nan], [0.00015845844507912134, -1.5512643179553531e-09, nan, 0.0009194253023749955, 4.290064491359664, nan, nan], [8.12020464644337e-05, nan, 0.05700019856743717, 0.0072845681036093094, nan, nan, nan], [3.787934621496229e-05, 1.2802835719252607e-06, 0.05700008216650139, 0.007188896834895544, 7.199999803169547, nan, 0.004063370554257595]]",[],"[[0, 0, 0, 0, 1, 0, 0], [1, 1, 0, 1, 1, 0, 0], [1, 0, 1, 1, 0, 0, 0], [1, 1, 1, 1, 1, 0, 1]]","[['', '', '', '', '', '', ''], ['target_value', 'target_value', '', '', 'lower_bound', '', ''], ['target_value', 'target_value', 'upper_bound', 'upper_bound', 'lower_bound', '', ''], ['target_value', 'target_value', 'upper_bound', 'upper_bound', 'lower_bound', '', '']]","[[nan, nan, nan, nan, nan, nan, nan], [0.0, 0.0, nan, nan, 4.0, nan, nan], [0.0, 0.0, 0.06, 0.0072, 7.199999999999999, nan, nan], [0.0, 0.0, 0.04, 0.00288, 10.0, nan, nan]]","[[0, 0, 0, 0, 0, 0, 0], [1, 1, 0, 0, 1, 0, 0], [1, 1, 1, 1, 1, 0, 0], [1, 1, 1, 1, 1, 0, 0]]",12.9,0.12125128607885856,0.5648787090736044,0.06392894391533376,"[[nan, nan, nan, nan, nan, nan, nan], [nan, nan, nan, nan, nan, nan, nan], [nan, nan, 0.011572647622625267, 0.004840120321107706, nan, nan, nan], [nan, nan, 0.06558299437190364, 0.24661282731943307, 0.27764784075922316, nan, nan]]","[[nan, nan, nan, nan, nan, nan, nan], [nan, nan, nan, nan, nan, nan, nan], [nan, nan, 0.002999801432562829, 8.456810360930964e-05, nan, nan, nan], [nan, nan, 0.01700008216650139, 0.004308896834895545, 2.800000196830453, nan, nan]]",14,0.3703703703703704,5,0.35714285714285715,0.38461538461538464,13,1072.5682817810994,5774.81958934073,5774.819589340728,1072.5682817810994
cluster,S4SlideInsert,1342,2,"['surf_dist', 'center_dist', 'orient_err', 'speed', 'normal_force', 'start_dist', 'insert_err']","[0.04504042113987532, 0.016531661532743908, 0.2592147908053491, 0.017472314322540528, 10.084718070106007, 0.3422378234631881, 0.3338864451292424]","[[0.0073846196186389485, 0.0027713173895587374, 0.0889411106581908, 0.007224390068768467, 0.18089477098875317, 0.23125838106731644, 0.15758606143389087], [0.0073846196186389485, 0.0027713173895587374, 0.0889411106581908, 0.007224390068768467, 0.19999534053371537, 0.23125838106731644, 0.15758606143389087], [8.557315681771097e-05, 1.6306105361015705e-06, 0.0889411106581908, 0.007220570702944117, 7.623953111973705, 0.23125838106731644, 0.15758606143389087], [4.552021295277809e-05, 5.728464662783494e-06, 0.05700035941531319, 0.007188883593000849, 7.1999972663925815, 0.23125838106731644, 0.15758606143389087]]","[['', '', '', '', 'upper_bound', '', ''], ['', '', '', '', 'upper_bound', '', ''], ['lower_bound', 'lower_bound', '', 'upper_bound', 'upper_bound', '', ''], ['lower_bound', 'lower_bound', 'upper_bound', 'upper_bound', 'lower_bound', '', '']]","[[nan, nan, nan, nan, 0.18089477098875317, nan, nan], [nan, nan, nan, nan, 0.19999534053371537, nan, nan], [8.557315681771097e-05, 1.6306105361015705e-06, nan, 0.007220570702944117, 7.623953111973705, nan, nan], [4.552021295277809e-05, 5.728464662783494e-06, 0.05700035941531319, 0.007188883593000849, 7.1999972663925815, nan, nan]]",[],"[[0, 0, 0, 0, 1, 0, 0], [0, 0, 0, 0, 1, 0, 0], [1, 1, 0, 1, 1, 0, 0], [1, 1, 1, 1, 1, 0, 0]]","[['', '', '', '', '', '', ''], ['target_value', 'target_value', '', '', 'lower_bound', '', ''], ['target_value', 'target_value', 'upper_bound', 'upper_bound', 'lower_bound', '', ''], ['target_value', 'target_value', 'upper_bound', 'upper_bound', 'lower_bound', '', '']]","[[nan, nan, nan, nan, nan, nan, nan], [0.0, 0.0, nan, nan, 4.0, nan, nan], [0.0, 0.0, 0.06, 0.0072, 7.199999999999999, nan, nan], [0.0, 0.0, 0.04, 0.00288, 10.0, nan, nan]]","[[0, 0, 0, 0, 0, 0, 0], [1, 1, 0, 0, 1, 0, 0], [1, 1, 1, 1, 1, 0, 0], [1, 1, 1, 1, 1, 0, 0]]",21.7,0.14775538925340853,0.7053331368296691,0.08856490527922722,"[[nan, nan, nan, nan, nan, nan, nan], [nan, nan, nan, nan, nan, nan, nan], [nan, nan, nan, 0.0011773313233942595, nan, nan, nan], [nan, nan, 0.06558406394363192, 0.24661206944074276, 0.2776480923058651, nan, nan]]","[[nan, nan, nan, nan, nan, nan, nan], [nan, nan, nan, nan, nan, nan, nan], [nan, nan, nan, 2.0570702944117114e-05, nan, nan, nan], [nan, nan, 0.017000359415313186, 0.004308883593000849, 2.8000027336074185, nan, nan]]",11,0.33333333333333337,4,0.36363636363636365,0.3076923076923077,13,1001.9802387349785,4754.388154943027,4754.388154943027,1001.9802387349785
cluster,S4SlideInsert,1342,3,"['surf_dist', 'center_dist', 'orient_err', 'speed', 'normal_force', 'start_dist', 'insert_err']","[0.04504042113987532, 0.016531661532743908, 0.2592147908053491, 0.017472314322540528, 10.084718070106007, 0.3422378234631881, 0.3338864451292424]","[[0.0073846196186389485, 0.0027713173895587374, 0.0889411106581908, 0.007224390068768467, 0.18090013008092232, 0.23125838106731644, 0.15758606143389087], [0.0073846196186389485, 0.0027713173895587374, 0.0889411106581908, 0.007224390068768467, 0.19999600487333247, 0.23125838106731644, 0.15758606143389087], [8.496015474385946e-05, 1.1952993841067572e-06, 0.0889411106581908, 0.007220592024874408, 7.622844601140953, 0.23125838106731644, 0.15758606143389087], [4.552474299821668e-05, 5.717863882325619e-06, 0.0570001880958571, 0.007188886883080392, 7.199996849390509, 0.23125838106731644, 0.15758606143389087]]","[['', '', '', '', 'upper_bound', '', ''], ['', '', '', '', 'upper_bound', '', ''], ['lower_bound', 'lower_bound', '', 'upper_bound', 'upper_bound', '', ''], ['lower_bound', 'lower_bound', 'upper_bound', 'upper_bound', 'lower_bound', '', '']]","[[nan, nan, nan, nan, 0.18090013008092232, nan, nan], [nan, nan, nan, nan, 0.19999600487333247, nan, nan], [8.496015474385946e-05, 1.1952993841067572e-06, nan, 0.007220592024874408, 7.622844601140953, nan, nan], [4.552474299821668e-05, 5.717863882325619e-06, 0.0570001880958571, 0.007188886883080392, 7.199996849390509, nan, nan]]",[],"[[0, 0, 0, 0, 1, 0, 0], [0, 0, 0, 0, 1, 0, 0], [1, 1, 0, 1, 1, 0, 0], [1, 1, 1, 1, 1, 0, 0]]","[['', '', '', '', '', '', ''], ['target_value', 'target_value', '', '', 'lower_bound', '', ''], ['target_value', 'target_value', 'upper_bound', 'upper_bound', 'lower_bound', '', ''], ['target_value', 'target_value', 'upper_bound', 'upper_bound', 'lower_bound', '', '']]","[[nan, nan, nan, nan, nan, nan, nan], [0.0, 0.0, nan, nan, 4.0, nan, nan], [0.0, 0.0, 0.06, 0.0072, 7.199999999999999, nan, nan], [0.0, 0.0, 0.04, 0.00288, 10.0, nan, nan]]","[[0, 0, 0, 0, 0, 0, 0], [1, 1, 0, 0, 1, 0, 0], [1, 1, 1, 1, 1, 0, 0], [1, 1, 1, 1, 1, 0, 0]]",21.999999999999996,0.14775558651890575,0.7053332044033258,0.08924025584524989,"[[nan, nan, nan, nan, nan, nan, nan], [nan, nan, nan, nan, nan, nan, nan], [nan, nan, nan, 0.001178551650014832, nan, nan, nan], [nan, nan, 0.06558340302665433, 0.2466122577431898, 0.277648133655764, nan, nan]]","[[nan, nan, nan, nan, nan, nan, nan], [nan, nan, nan, nan, nan, nan, nan], [nan, nan, nan, 2.059202487440792e-05, nan, nan, nan], [nan, nan, 0.0170001880958571, 0.004308886883080391, 2.8000031506094913, nan, nan]]",11,0.33333333333333337,4,0.36363636363636365,0.3076923076923077,13,1001.7993355802299,4755.823507336518,4755.823507336518,1001.7993355802299
cluster,S4SlideInsert,1342,4,"['surf_dist', 'center_dist', 'orient_err', 'speed', 'normal_force', 'start_dist', 'insert_err']","[0.04504042113987532, 0.016531661532743908, 0.2592147908053491, 0.017472314322540528, 10.084718070106007, 0.3422378234631881, 0.3338864451292424]","[[0.0073846196186389485, 0.0027713173895587374, 0.0889411106581908, 0.007224390068768467, 0.18090013008092232, 0.23125838106731644, 0.15758606143389087], [0.0073846196186389485, 0.0027713173895587374, 0.0889411106581908, 0.007224390068768467, 0.19999600487333247, 0.23125838106731644, 0.15758606143389087], [8.496015474385946e-05, 1.1952993841067572e-06, 0.0889411106581908, 0.007220592024874408, 7.622844601140953, 0.23125838106731644, 0.15758606143389087], [4.552474299821668e-05, 5.717863882325619e-06, 0.0570001880958571, 0.007188886883080392, 7.199996849390509, 0.23125838106731644, 0.15758606143389087]]","[['', '', '', '', 'upper_bound', '', ''], ['', '', '', '', 'upper_bound', '', ''], ['lower_bound', 'lower_bound', '', 'upper_bound', 'upper_bound', '', ''], ['lower_bound', 'lower_bound', 'upper_bound', 'upper_bound', 'lower_bound', '', '']]","[[nan, nan, nan, nan, 0.18090013008092232, nan, nan], [nan, nan, nan, nan, 0.19999600487333247, nan, nan], [8.496015474385946e-05, 1.1952993841067572e-06, nan, 0.007220592024874408, 7.622844601140953, nan, nan], [4.552474299821668e-05, 5.717863882325619e-06, 0.0570001880958571, 0.007188886883080392, 7.199996849390509, nan, nan]]",[],"[[0, 0, 0, 0, 1, 0, 0], [0, 0, 0, 0, 1, 0, 0], [1, 1, 0, 1, 1, 0, 0], [1, 1, 1, 1, 1, 0, 0]]","[['', '', '', '', '', '', ''], ['target_value', 'target_value', '', '', 'lower_bound', '', ''], ['target_value', 'target_value', 'upper_bound', 'upper_bound', 'lower_bound', '', ''], ['target_value', 'target_value', 'upper_bound', 'upper_bound', 'lower_bound', '', '']]","[[nan, nan, nan, nan, nan, nan, nan], [0.0, 0.0, nan, nan, 4.0, nan, nan], [0.0, 0.0, 0.06, 0.0072, 7.199999999999999, nan, nan], [0.0, 0.0, 0.04, 0.00288, 10.0, nan, nan]]","[[0, 0, 0, 0, 0, 0, 0], [1, 1, 0, 0, 1, 0, 0], [1, 1, 1, 1, 1, 0, 0], [1, 1, 1, 1, 1, 0, 0]]",21.999999999999996,0.14775558651890575,0.7053332044033258,0.08924025584524989,"[[nan, nan, nan, nan, nan, nan, nan], [nan, nan, nan, nan, nan, nan, nan], [nan, nan, nan, 0.001178551650014832, nan, nan, nan], [nan, nan, 0.06558340302665433, 0.2466122577431898, 0.277648133655764, nan, nan]]","[[nan, nan, nan, nan, nan, nan, nan], [nan, nan, nan, nan, nan, nan, nan], [nan, nan, nan, 2.059202487440792e-05, nan, nan, nan], [nan, nan, 0.0170001880958571, 0.004308886883080391, 2.8000031506094913, nan, nan]]",11,0.33333333333333337,4,0.36363636363636365,0.3076923076923077,13,1001.7993355802299,4755.823507336518,4755.823507336518,1001.7993355802299
cluster,S4SlideInsert,1342,5,"['surf_dist', 'center_dist', 'orient_err', 'speed', 'normal_force', 'start_dist', 'insert_err']","[0.04504042113987532, 0.016531661532743908, 0.2592147908053491, 0.017472314322540528, 10.084718070106007, 0.3422378234631881, 0.3338864451292424]","[[0.0073846196186389485, 0.0027713173895587374, 0.0889411106581908, 0.007224390068768467, 0.18089477098875317, 0.23125838106731644, 0.15758606143389087], [0.0073846196186389485, 0.0027713173895587374, 0.0889411106581908, 0.007224390068768467, 0.19999534053371537, 0.23125838106731644, 0.15758606143389087], [8.496015474385946e-05, 1.1952993841067572e-06, 0.0889411106581908, 0.007220592024874408, 7.622844601140953, 0.23125838106731644, 0.15758606143389087], [4.552474299821668e-05, 5.717863882325619e-06, 0.0570001880958571, 0.007188886883080392, 7.199996849390509, 0.23125838106731644, 0.15758606143389087]]","[['', '', '', '', 'upper_bound', '', ''], ['', '', '', '', 'upper_bound', '', ''], ['lower_bound', 'lower_bound', '', 'upper_bound', 'upper_bound', '', ''], ['lower_bound', 'lower_bound', 'upper_bound', 'upper_bound', 'lower_bound', '', '']]","[[nan, nan, nan, nan, 0.18089477098875317, nan, nan], [nan, nan, nan, nan, 0.19999534053371537, nan, nan], [8.496015474385946e-05, 1.1952993841067572e-06, nan, 0.007220592024874408, 7.622844601140953, nan, nan], [4.552474299821668e-05, 5.717863882325619e-06, 0.0570001880958571, 0.007188886883080392, 7.199996849390509, nan, nan]]",[],"[[0, 0, 0, 0, 1, 0, 0], [0, 0, 0, 0, 1, 0, 0], [1, 1, 0, 1, 1, 0, 0], [1, 1, 1, 1, 1, 0, 0]]","[['', '', '', '', '', '', ''], ['target_value', 'target_value', '', '', 'lower_bound', '', ''], ['target_value', 'target_value', 'upper_bound', 'upper_bound', 'lower_bound', '', ''], ['target_value', 'target_value', 'upper_bound', 'upper_bound', 'lower_bound', '', '']]","[[nan, nan, nan, nan, nan, nan, nan], [0.0, 0.0, nan, nan, 4.0, nan, nan], [0.0, 0.0, 0.06, 0.0072, 7.199999999999999, nan, nan], [0.0, 0.0, 0.04, 0.00288, 10.0, nan, nan]]","[[0, 0, 0, 0, 0, 0, 0], [1, 1, 0, 0, 1, 0, 0], [1, 1, 1, 1, 1, 0, 0], [1, 1, 1, 1, 1, 0, 0]]",21.93333333333333,0.14775558651890575,0.7053332044033258,0.0889511143934614,"[[nan, nan, nan, nan, nan, nan, nan], [nan, nan, nan, nan, nan, nan, nan], [nan, nan, nan, 0.001178551650014832, nan, nan, nan], [nan, nan, 0.06558340302665433, 0.2466122577431898, 0.277648133655764, nan, nan]]","[[nan, nan, nan, nan, nan, nan, nan], [nan, nan, nan, nan, nan, nan, nan], [nan, nan, nan, 2.059202487440792e-05, nan, nan, nan], [nan, nan, 0.0170001880958571, 0.004308886883080391, 2.8000031506094913, nan, nan]]",11,0.33333333333333337,4,0.36363636363636365,0.3076923076923077,13,1001.8063759022638,4756.167461685456,4756.167461685456,1001.8063759022638
cluster,S4SlideInsert,1342,6,"['surf_dist', 'center_dist', 'orient_err', 'speed', 'normal_force', 'start_dist', 'insert_err']","[0.04504042113987532, 0.016531661532743908, 0.2592147908053491, 0.017472314322540528, 10.084718070106007, 0.3422378234631881, 0.3338864451292424]","[[0.0073846196186389485, 0.0027713173895587374, 0.0889411106581908, 0.007224390068768467, 0.18089477098875317, 0.23125838106731644, 0.15758606143389087], [0.0073846196186389485, 0.0027713173895587374, 0.0889411106581908, 0.007224390068768467, 0.19999534053371537, 0.23125838106731644, 0.15758606143389087], [8.492329083473714e-05, 1.2019865749442887e-06, 0.0889411106581908, 0.007220578678598054, 7.622842316175017, 0.23125838106731644, 0.15758606143389087], [4.5487207449153647e-05, 5.73944332998063e-06, 0.057000271441312575, 0.007188879967596894, 7.199991563935518, 0.23125838106731644, 0.15758606143389087]]","[['', '', '', '', 'upper_bound', '', ''], ['', '', '', '', 'upper_bound', '', ''], ['lower_bound', 'lower_bound', '', 'upper_bound', 'upper_bound', '', ''], ['lower_bound', 'lower_bound', 'upper_bound', 'upper_bound', 'lower_bound', '', '']]","[[nan, nan, nan, nan, 0.18089477098875317, nan, nan], [nan, nan, nan, nan, 0.19999534053371537, nan, nan], [8.492329083473714e-05, 1.2019865749442887e-06, nan, 0.007220578678598054, 7.622842316175017, nan, nan], [4.5487207449153647e-05, 5.73944332998063e-06, 0.057000271441312575, 0.007188879967596894, 7.199991563935518, nan, nan]]",[],"[[0, 0, 0, 0, 1, 0, 0], [0, 0, 0, 0, 1, 0, 0], [1, 1, 0, 1, 1, 0, 0], [1, 1, 1, 1, 1, 0, 0]]","[['', '', '', '', '', '', ''], ['target_value', 'target_value', '', '', 'lower_bound', '', ''], ['target_value', 'target_value', 'upper_bound', 'upper_bound', 'lower_bound', '', ''], ['target_value', 'target_value', 'upper_bound', 'upper_bound', 'lower_bound', '', '']]","[[nan, nan, nan, nan, nan, nan, nan], [0.0, 0.0, nan, nan, 4.0, nan, nan], [0.0, 0.0, 0.06, 0.0072, 7.199999999999999, nan, nan], [0.0, 0.0, 0.04, 0.00288, 10.0, nan, nan]]","[[0, 0, 0, 0, 0, 0, 0], [1, 1, 0, 0, 1, 0, 0], [1, 1, 1, 1, 1, 0, 0], [1, 1, 1, 1, 1, 0, 0]]",21.866666666666667,0.14775550801550524,0.7053345415379975,0.08876917071597704,"[[nan, nan, nan, nan, nan, nan, nan], [nan, nan, nan, nan, nan, nan, nan], [nan, nan, nan, 0.0011777877972070317, nan, nan, nan], [nan, nan, 0.06558372455713186, 0.24661186194653856, 0.2776486577611435, nan, nan]]","[[nan, nan, nan, nan, nan, nan, nan], [nan, nan, nan, nan, nan, nan, nan], [nan, nan, nan, 2.057867859805388e-05, nan, nan, nan], [nan, nan, 0.017000271441312574, 0.004308879967596893, 2.8000084360644824, nan, nan]]",11,0.33333333333333337,4,0.36363636363636365,0.3076923076923077,13,1001.8225006586077,4757.043808506276,4757.043808506276,1001.8225006586077
cluster,S4SlideInsert,1342,7,"['surf_dist', 'center_dist', 'orient_err', 'speed', 'normal_force', 'start_dist', 'insert_err']","[0.04504042113987532, 0.016531661532743908, 0.2592147908053491, 0.017472314322540528, 10.084718070106007, 0.3422378234631881, 0.3338864451292424]","[[0.0073846196186389485, 0.0027713173895587374, 0.0889411106581908, 0.007224390068768467, 0.18089325740073292, 0.23125838106731644, 0.15758606143389087], [0.0073846196186389485, 0.0027713173895587374, 0.0889411106581908, 0.007224390068768467, 0.199998769002538, 0.23125838106731644, 0.15758606143389087], [8.498433117362474e-05, 1.6744691684546405e-06, 0.0889411106581908, 0.007220616824950563, 7.624386152737002, 0.23125838106731644, 0.15758606143389087], [4.5210808675204446e-05, 5.3770696120686995e-06, 0.057000005068377387, 0.007188888982822976, 7.19999409935197, 0.23125838106731644, 0.15758606143389087]]","[['', '', '', '', 'upper_bound', '', ''], ['', '', '', '', 'upper_bound', '', ''], ['lower_bound', 'lower_bound', '', 'upper_bound', 'upper_bound', '', ''], ['lower_bound', 'lower_bound', 'upper_bound', 'upper_bound', 'lower_bound', '', '']]","[[nan, nan, nan, nan, 0.18089325740073292, nan, nan], [nan, nan, nan, nan, 0.199998769002538, nan, nan], [8.498433117362474e-05, 1.6744691684546405e-06, nan, 0.007220616824950563, 7.624386152737002, nan, nan], [4.5210808675204446e-05, 5.3770696120686995e-06, 0.057000005068377387, 0.007188888982822976, 7.19999409935197, nan, nan]]",[],"[[0, 0, 0, 0, 1, 0, 0], [0, 0, 0, 0, 1, 0, 0], [1, 1, 0, 1, 1, 0, 0], [1, 1, 1, 1, 1, 0, 0]]","[['', '', '', '', '', '', ''], ['target_value', 'target_value', '', '', 'lower_bound', '', ''], ['target_value', 'target_value', 'upper_bound', 'upper_bound', 'lower_bound', '', ''], ['target_value', 'target_value', 'upper_bound', 'upper_bound', 'lower_bound', '', '']]","[[nan, nan, nan, nan, nan, nan, nan], [0.0, 0.0, nan, nan, 4.0, nan, nan], [0.0, 0.0, 0.06, 0.0072, 7.199999999999999, nan, nan], [0.0, 0.0, 0.04, 0.00288, 10.0, nan, nan]]","[[0, 0, 0, 0, 0, 0, 0], [1, 1, 0, 0, 1, 0, 0], [1, 1, 1, 1, 1, 0, 0], [1, 1, 1, 1, 1, 0, 0]]",21.0,0.14775586306329505,0.7053338528810451,0.08683820589561102,"[[nan, nan, nan, nan, nan, nan, nan], [nan, nan, nan, nan, nan, nan, nan], [nan, nan, nan, 0.0011799710427579568, nan, nan, nan], [nan, nan, 0.06558269694240988, 0.2466123779186025, 0.2776484063494099, nan, nan]]","[[nan, nan, nan, nan, nan, nan, nan], [nan, nan, nan, nan, nan, nan, nan], [nan, nan, nan, 2.0616824950562933e-05, nan, nan, nan], [nan, nan, 0.017000005068377386, 0.004308888982822976, 2.8000059006480296, nan, nan]]",11,0.33333333333333337,4,0.36363636363636365,0.3076923076923077,13,1005.1332898662363,4738.336845254513,4738.336845254513,1005.1332898662363
cluster,S4SlideInsert,1342,8,"['surf_dist', 'center_dist', 'orient_err', 'speed', 'normal_force', 'start_dist', 'insert_err']","[0.04504042113987532, 0.016531661532743908, 0.2592147908053491, 0.017472314322540528, 10.084718070106007, 0.3422378234631881, 0.3338864451292424]","[[0.0073846196186389485, 0.0027713173895587374, 0.0889411106581908, 0.007224390068768467, 0.17266818333509804, 0.23125838106731644, 0.15758606143389087], [0.0073846196186389485, 0.0027713173895587374, 0.0889411106581908, 0.007224390068768467, 0.1833099012180277, 0.23125838106731644, 0.15758606143389087], [0.00010981761926755554, -4.755399144774908e-09, 0.0889411106581908, 0.007224390068768467, 7.623389915547109, 0.23125838106731644, 0.15758606143389087], [4.552760178392571e-05, 6.154319885288365e-06, 0.05700006545117301, 0.0071988964018215, 7.199992817909792, 0.23125838106731644, 0.15758606143389087]]","[['', '', '', '', 'upper_bound', '', ''], ['', '', '', '', 'upper_bound', '', ''], ['lower_bound', 'lower_bound', '', '', 'upper_bound', '', ''], ['lower_bound', 'lower_bound', 'upper_bound', 'upper_bound', 'lower_bound', '', '']]","[[nan, nan, nan, nan, 0.17266818333509804, nan, nan], [nan, nan, nan, nan, 0.1833099012180277, nan, nan], [0.00010981761926755554, -4.755399144774908e-09, nan, nan, 7.623389915547109, nan, nan], [4.552760178392571e-05, 6.154319885288365e-06, 0.05700006545117301, 0.0071988964018215, 7.199992817909792, nan, nan]]",[],"[[0, 0, 0, 0, 1, 0, 0], [0, 0, 0, 0, 1, 0, 0], [1, 1, 0, 0, 1, 0, 0], [1, 1, 1, 1, 1, 0, 0]]","[['', '', '', '', '', '', ''], ['target_value', 'target_value', '', '', 'lower_bound', '', ''], ['target_value', 'target_value', 'upper_bound', 'upper_bound', 'lower_bound', '', ''], ['target_value', 'target_value', 'upper_bound', 'upper_bound', 'lower_bound', '', '']]","[[nan, nan, nan, nan, nan, nan, nan], [0.0, 0.0, nan, nan, 4.0, nan, nan], [0.0, 0.0, 0.06, 0.0072, 7.199999999999999, nan, nan], [0.0, 0.0, 0.04, 0.00288, 10.0, nan, nan]]","[[0, 0, 0, 0, 0, 0, 0], [1, 1, 0, 0, 1, 0, 0], [1, 1, 1, 1, 1, 0, 0], [1, 1, 1, 1, 1, 0, 0]]",27.46666666666667,0.1968055332879047,0.9404420479810675,0.12564887411009956,"[[nan, nan, nan, nan, nan, nan, nan], [nan, nan, nan, nan, nan, nan, nan], [nan, nan, nan, nan, nan, nan, nan], [nan, nan, 0.06558292988743372, 0.24718513655914587, 0.27764853341713447, nan, nan]]","[[nan, nan, nan, nan, nan, nan, nan], [nan, nan, nan, nan, nan, nan, nan], [nan, nan, nan, nan, nan, nan, nan], [nan, nan, 0.01700006545117301, 0.004318896401821501, 2.8000071820902077, nan, nan]]",10,0.2608695652173913,3,0.3,0.23076923076923078,13,1040.9394743226599,3580.786555859239,3580.786555859239,1040.9394743226599
cluster,S4SlideInsert,1342,9,"['surf_dist', 'center_dist', 'orient_err', 'speed', 'normal_force', 'start_dist', 'insert_err']","[0.04504042113987532, 0.016531661532743908, 0.2592147908053491, 0.017472314322540528, 10.084718070106007, 0.3422378234631881, 0.3338864451292424]","[[0.0073846196186389485, 0.0027713173895587374, 0.0889411106581908, 0.007224390068768467, 0.18090013008092232, 0.23125838106731644, 0.15758606143389087], [0.0073846196186389485, 0.0027713173895587374, 0.0889411106581908, 0.007224390068768467, 0.19999600487333247, 0.23125838106731644, 0.15758606143389087], [8.496015474385946e-05, 1.1952993841067572e-06, 0.0889411106581908, 0.007220592024874408, 7.622844601140953, 0.23125838106731644, 0.15758606143389087], [4.552474299821668e-05, 5.717863882325619e-06, 0.0570001880958571, 0.007188886883080392, 7.199996849390509, 0.23125838106731644, 0.15758606143389087]]","[['', '', '', '', 'upper_bound', '', ''], ['', '', '', '', 'upper_bound', '', ''], ['lower_bound', 'lower_bound', '', 'upper_bound', 'upper_bound', '', ''], ['lower_bound', 'lower_bound', 'upper_bound', 'upper_bound', 'lower_bound', '', '']]","[[nan, nan, nan, nan, 0.18090013008092232, nan, nan], [nan, nan, nan, nan, 0.19999600487333247, nan, nan], [8.496015474385946e-05, 1.1952993841067572e-06, nan, 0.007220592024874408, 7.622844601140953, nan, nan], [4.552474299821668e-05, 5.717863882325619e-06, 0.0570001880958571, 0.007188886883080392, 7.199996849390509, nan, nan]]",[],"[[0, 0, 0, 0, 1, 0, 0], [0, 0, 0, 0, 1, 0, 0], [1, 1, 0, 1, 1, 0, 0], [1, 1, 1, 1, 1, 0, 0]]","[['', '', '', '', '', '', ''], ['target_value', 'target_value', '', '', 'lower_bound', '', ''], ['target_value', 'target_value', 'upper_bound', 'upper_bound', 'lower_bound', '', ''], ['target_value', 'target_value', 'upper_bound', 'upper_bound', 'lower_bound', '', '']]","[[nan, nan, nan, nan, nan, nan, nan], [0.0, 0.0, nan, nan, 4.0, nan, nan], [0.0, 0.0, 0.06, 0.0072, 7.199999999999999, nan, nan], [0.0, 0.0, 0.04, 0.00288, 10.0, nan, nan]]","[[0, 0, 0, 0, 0, 0, 0], [1, 1, 0, 0, 1, 0, 0], [1, 1, 1, 1, 1, 0, 0], [1, 1, 1, 1, 1, 0, 0]]",21.999999999999996,0.14775558651890575,0.7053332044033258,0.08924025584524989,"[[nan, nan, nan, nan, nan, nan, nan], [nan, nan, nan, nan, nan, nan, nan], [nan, nan, nan, 0.001178551650014832, nan, nan, nan], [nan, nan, 0.06558340302665433, 0.2466122577431898, 0.277648133655764, nan, nan]]","[[nan, nan, nan, nan, nan, nan, nan], [nan, nan, nan, nan, nan, nan, nan], [nan, nan, nan, 2.059202487440792e-05, nan, nan, nan], [nan, nan, 0.0170001880958571, 0.004308886883080391, 2.8000031506094913, nan, nan]]",11,0.33333333333333337,4,0.36363636363636365,0.3076923076923077,13,1001.7993355802299,4755.823507336518,4755.823507336518,1001.7993355802299
cluster,S5SphereInspect,127,0,"['surf_dist', 'normal_err', 'speed', 'ang_speed', 'start_dist', 'goal_dist']","[0.07448508906860322, 0.2735019597134474, 0.005167278655559288, 0.06608722993185281, 0.2420060651636752, 0.17611082692742402]","[[0.02045219957117411, 0.10158489238903948, 0.007639086684378288, 0.04112343753885147, 0.16447107839562072, 0.2889733595429724], [4.833930337851122e-07, 0.10158489238903948, 0.007639086684378288, 0.04112343753885147, 0.16447107839562072, 0.2889733595429724], [9.337704892642407e-08, 0.10158489238903948, 0.008498048954218608, 0.04112343753885147, 0.16447107839562072, 0.2889733595429724], [0.02045219957117411, 0.10158489238903948, 0.007639086684378288, 0.04112343753885147, 0.16447107839562072, 0.2889733595429724], [0.030588642987257435, 0.10158489238903948, 0.007639086684378288, 0.04112343753885147, 0.16447107839562072, 0.2889733595429724]]","[['', '', '', '', '', ''], ['lower_bound', '', '', '', '', ''], ['lower_bound', '', 'upper_bound', '', '', ''], ['', '', '', '', '', ''], ['lower_bound', '', '', '', '', '']]","[[nan, nan, nan, nan, nan, nan], [4.833930337851122e-07, nan, nan, nan, nan, nan], [9.337704892642407e-08, nan, 0.008498048954218608, nan, nan, nan], [nan, nan, nan, nan, nan, nan], [0.030588642987257435, nan, nan, nan, nan, nan]]",[],"[[0, 0, 0, 0, 0, 0], [1, 0, 0, 0, 0, 0], [1, 0, 1, 0, 0, 0], [0, 0, 0, 0, 0, 0], [1, 0, 0, 0, 0, 0]]","[['', '', '', '', '', ''], ['target_value', 'upper_bound', 'upper_bound', '', '', ''], ['', '', '', '', '', ''], ['target_value', '', 'upper_bound', '', '', ''], ['', '', '', '', '', '']]","[[nan, nan, nan, nan, nan, nan], [0.0, 0.04, 0.00846, nan, nan, nan], [nan, nan, nan, nan, nan, nan], [0.0324, nan, 0.00846, nan, nan, nan], [nan, nan, nan, nan, nan, nan]]","[[0, 0, 0, 0, 0, 0], [1, 1, 1, 0, 0, 0], [0, 0, 0, 0, 0, 0], [1, 0, 1, 0, 0, 0], [0, 0, 0, 0, 0, 0]]",14.825,nan,nan,0.08055647877603529,"[[nan, nan, nan, nan, nan, nan], [nan, nan, nan, nan, nan, nan], [nan, nan, nan, nan, nan, nan], [nan, nan, nan, nan, nan, nan], [nan, nan, nan, nan, nan, nan]]","[[nan, nan, nan, nan, nan, nan], [nan, nan, nan, nan, nan, nan], [nan, nan, nan, nan, nan, nan], [nan, nan, nan, nan, nan, nan], [nan, nan, nan, nan, nan, nan]]",4,0.0,0,0.0,0.0,5,499.62947204152647,-1128.6146607740661,-1128.6146607740661,499.62947204152647
cluster,S5SphereInspect,127,1,"['surf_dist', 'normal_err', 'speed', 'ang_speed', 'start_dist', 'goal_dist']","[0.07448508906860322, 0.2735019597134474, 0.005167278655559288, 0.06608722993185281, 0.2420060651636752, 0.17611082692742402]","[[3.74962600472456e-07, 0.10158489238903948, 0.007639086684378288, 0.04112343753885147, 0.16447107839562072, 0.2889733595429724], [9.412456016683057e-08, 0.020853139986030347, 0.007639086684378288, 0.04112343753885147, 0.16447107839562072, 0.2889733595429724], [9.343119529783839e-08, 0.10158489238903948, 0.008457100341750585, 0.04112343753885147, 0.16447107839562072, 0.2889733595429724], [0.02045219957117411, 0.10158489238903948, 0.007639086684378288, 0.04112343753885147, 0.16447107839562072, 0.2889733595429724], [0.03075781616150855, 0.10158489238903948, 0.007639086684378288, 0.04112343753885147, 0.16447107839562072, 0.2889733595429724]]","[['lower_bound', '', '', '', '', ''], ['lower_bound', 'lower_bound', '', '', '', ''], ['lower_bound', '', 'upper_bound', '', '', ''], ['', '', '', '', '', ''], ['lower_bound', '', '', '', '', '']]","[[3.74962600472456e-07, nan, nan, nan, nan, nan], [9.412456016683057e-08, 0.020853139986030347, nan, nan, nan, nan], [9.343119529783839e-08, nan, 0.008457100341750585, nan, nan, nan], [nan, nan, nan, nan, nan, nan], [0.03075781616150855, nan, nan, nan, nan, nan]]",[],"[[1, 0, 0, 0, 0, 0], [1, 1, 0, 0, 0, 0], [1, 0, 1, 0, 0, 0], [0, 0, 0, 0, 0, 0], [1, 0, 0, 0, 0, 0]]","[['', '', '', '', '', ''], ['target_value', 'upper_bound', 'upper_bound', '', '', ''], ['', '', '', '', '', ''], ['target_value', '', 'upper_bound', '', '', ''], ['', '', '', '', '', '']]","[[nan, nan, nan, nan, nan, nan], [0.0, 0.04, 0.00846, nan, nan, nan], [nan, nan, nan, nan, nan, nan], [0.0324, nan, 0.00846, nan, nan, nan], [nan, nan, nan, nan, nan, nan]]","[[0, 0, 0, 0, 0, 0], [1, 1, 1, 0, 0, 0], [0, 0, 0, 0, 0, 0], [1, 0, 1, 0, 0, 0], [0, 0, 0, 0, 0, 0]]",14.025,nan,nan,0.07872839599976374,"[[nan, nan, nan, nan, nan, nan], [nan, nan, nan, nan, nan, nan], [nan, nan, nan, nan, nan, nan], [nan, nan, nan, nan, nan, nan], [nan, nan, nan, nan, nan, nan]]","[[nan, nan, nan, nan, nan, nan], [nan, nan, nan, nan, nan, nan], [nan, nan, nan, nan, nan, nan], [nan, nan, nan, nan, nan, nan], [nan, nan, nan, nan, nan, nan]]",6,0.0,0,0.0,0.0,5,502.61639885045975,-1576.199258009667,-1576.199258009667,502.61639885045975
cluster,S5SphereInspect,127,2,"['surf_dist', 'normal_err', 'speed', 'ang_speed', 'start_dist', 'goal_dist']","[0.07448508906860322, 0.2735019597134474, 0.005167278655559288, 0.06608722993185281, 0.2420060651636752, 0.17611082692742402]","[[3.74962600472456e-07, 0.10158489238903948, 0.007639086684378288, 0.04112343753885147, 0.16447107839562072, 0.2889733595429724], [9.412456016683057e-08, 0.020853139986030347, 0.007639086684378288, 0.04112343753885147, 0.16447107839562072, 0.2889733595429724], [9.343119529783839e-08, 0.10158489238903948, 0.008457100341750585, 0.04112343753885147, 0.16447107839562072, 0.2889733595429724], [0.02045219957117411, 0.10158489238903948, 0.007639086684378288, 0.04112343753885147, 0.16447107839562072, 0.2889733595429724], [0.03075781616150855, 0.10158489238903948, 0.007639086684378288, 0.04112343753885147, 0.16447107839562072, 0.2889733595429724]]","[['lower_bound', '', '', '', '', ''], ['lower_bound', 'lower_bound', '', '', '', ''], ['lower_bound', '', 'upper_bound', '', '', ''], ['', '', '', '', '', ''], ['lower_bound', '', '', '', '', '']]","[[3.74962600472456e-07, nan, nan, nan, nan, nan], [9.412456016683057e-08, 0.020853139986030347, nan, nan, nan, nan], [9.343119529783839e-08, nan, 0.008457100341750585, nan, nan, nan], [nan, nan, nan, nan, nan, nan], [0.03075781616150855, nan, nan, nan, nan, nan]]",[],"[[1, 0, 0, 0, 0, 0], [1, 1, 0, 0, 0, 0], [1, 0, 1, 0, 0, 0], [0, 0, 0, 0, 0, 0], [1, 0, 0, 0, 0, 0]]","[['', '', '', '', '', ''], ['target_value', 'upper_bound', 'upper_bound', '', '', ''], ['', '', '', '', '', ''], ['target_value', '', 'upper_bound', '', '', ''], ['', '', '', '', '', '']]","[[nan, nan, nan, nan, nan, nan], [0.0, 0.04, 0.00846, nan, nan, nan], [nan, nan, nan, nan, nan, nan], [0.0324, nan, 0.00846, nan, nan, nan], [nan, nan, nan, nan, nan, nan]]","[[0, 0, 0, 0, 0, 0], [1, 1, 1, 0, 0, 0], [0, 0, 0, 0, 0, 0], [1, 0, 1, 0, 0, 0], [0, 0, 0, 0, 0, 0]]",14.025,nan,nan,0.07872839599976374,"[[nan, nan, nan, nan, nan, nan], [nan, nan, nan, nan, nan, nan], [nan, nan, nan, nan, nan, nan], [nan, nan, nan, nan, nan, nan], [nan, nan, nan, nan, nan, nan]]","[[nan, nan, nan, nan, nan, nan], [nan, nan, nan, nan, nan, nan], [nan, nan, nan, nan, nan, nan], [nan, nan, nan, nan, nan, nan], [nan, nan, nan, nan, nan, nan]]",6,0.0,0,0.0,0.0,5,502.61639885045975,-1576.199258009667,-1576.199258009667,502.61639885045975
cluster,S5SphereInspect,127,3,"['surf_dist', 'normal_err', 'speed', 'ang_speed', 'start_dist', 'goal_dist']","[0.07448508906860322, 0.2735019597134474, 0.005167278655559288, 0.06608722993185281, 0.2420060651636752, 0.17611082692742402]","[[0.02045219957117411, 0.10158489238903948, 0.007639086684378288, 0.04112343753885147, 0.16447107839562072, 0.2889733595429724], [5.087387955626799e-07, 0.10158489238903948, 0.007639086684378288, 0.04112343753885147, 0.16447107839562072, 0.2889733595429724], [7.585476004268177e-08, 0.10158489238903948, 0.008499992874827946, 0.04112343753885147, 0.16447107839562072, 0.2889733595429724], [0.02045219957117411, 0.10158489238903948, 0.007639086684378288, 0.04112343753885147, 0.16447107839562072, 0.2889733595429724], [0.02045219957117411, 0.10158489238903948, 0.007639086684378288, 0.04112343753885147, 0.16447107839562072, 0.2889733595429724]]","[['', '', '', '', '', ''], ['lower_bound', '', '', '', '', ''], ['lower_bound', '', 'upper_bound', '', '', ''], ['', '', '', '', '', ''], ['', '', '', '', '', '']]","[[nan, nan, nan, nan, nan, nan], [5.087387955626799e-07, nan, nan, nan, nan, nan], [7.585476004268177e-08, nan, 0.008499992874827946, nan, nan, nan], [nan, nan, nan, nan, nan, nan], [nan, nan, nan, nan, nan, nan]]",[],"[[0, 0, 0, 0, 0, 0], [1, 0, 0, 0, 0, 0], [1, 0, 1, 0, 0, 0], [0, 0, 0, 0, 0, 0], [0, 0, 0, 0, 0, 0]]","[['', '', '', '', '', ''], ['target_value', 'upper_bound', 'upper_bound', '', '', ''], ['', '', '', '', '', ''], ['target_value', '', 'upper_bound', '', '', ''], ['', '', '', '', '', '']]","[[nan, nan, nan, nan, nan, nan], [0.0, 0.04, 0.00846, nan, nan, nan], [nan, nan, nan, nan, nan, nan], [0.0324, nan, 0.00846, nan, nan, nan], [nan, nan, nan, nan, nan, nan]]","[[0, 0, 0, 0, 0, 0], [1, 1, 1, 0, 0, 0], [0, 0, 0, 0, 0, 0], [1, 0, 1, 0, 0, 0], [0, 0, 0, 0, 0, 0]]",12.9,nan,nan,0.07541486190804586,"[[nan, nan, nan, nan, nan, nan], [nan, nan, nan, nan, nan, nan], [nan, nan, nan, nan, nan, nan], [nan, nan, nan, nan, nan, nan], [nan, nan, nan, nan, nan, nan]]","[[nan, nan, nan, nan, nan, nan], [nan, nan, nan, nan, nan, nan], [nan, nan, nan, nan, nan, nan], [nan, nan, nan, nan, nan, nan], [nan, nan, nan, nan, nan, nan]]",3,0.0,0,0.0,0.0,5,507.1087068206773,-974.0049233911622,-974.0049233911622,507.1087068206773
cluster,S5SphereInspect,127,4,"['surf_dist', 'normal_err', 'speed', 'ang_speed', 'start_dist', 'goal_dist']","[0.07448508906860322, 0.2735019597134474, 0.005167278655559288, 0.06608722993185281, 0.2420060651636752, 0.17611082692742402]","[[0.02045219957117411, 0.10158489238903948, 0.007639086684378288, 0.04112343753885147, 0.16447107839562072, 0.2889733595429724], [4.833930337851122e-07, 0.10158489238903948, 0.007639086684378288, 0.04112343753885147, 0.16447107839562072, 0.2889733595429724], [9.945163330013496e-08, 0.10158489238903948, 0.008498051497521265, 0.04112343753885147, 0.16447107839562072, 0.2889733595429724], [0.02045219957117411, 0.10158489238903948, 0.007639086684378288, 0.04112343753885147, 0.16447107839562072, 0.2889733595429724], [0.030588642987257435, 0.10158489238903948, 0.007639086684378288, 0.04112343753885147, 0.16447107839562072, 0.2889733595429724]]","[['', '', '', '', '', ''], ['lower_bound', '', '', '', '', ''], ['lower_bound', '', 'upper_bound', '', '', ''], ['', '', '', '', '', ''], ['lower_bound', '', '', '', '', '']]","[[nan, nan, nan, nan, nan, nan], [4.833930337851122e-07, nan, nan, nan, nan, nan], [9.945163330013496e-08, nan, 0.008498051497521265, nan, nan, nan], [nan, nan, nan, nan, nan, nan], [0.030588642987257435, nan, nan, nan, nan, nan]]",[],"[[0, 0, 0, 0, 0, 0], [1, 0, 0, 0, 0, 0], [1, 0, 1, 0, 0, 0], [0, 0, 0, 0, 0, 0], [1, 0, 0, 0, 0, 0]]","[['', '', '', '', '', ''], ['target_value', 'upper_bound', 'upper_bound', '', '', ''], ['', '', '', '', '', ''], ['target_value', '', 'upper_bound', '', '', ''], ['', '', '', '', '', '']]","[[nan, nan, nan, nan, nan, nan], [0.0, 0.04, 0.00846, nan, nan, nan], [nan, nan, nan, nan, nan, nan], [0.0324, nan, 0.00846, nan, nan, nan], [nan, nan, nan, nan, nan, nan]]","[[0, 0, 0, 0, 0, 0], [1, 1, 1, 0, 0, 0], [0, 0, 0, 0, 0, 0], [1, 0, 1, 0, 0, 0], [0, 0, 0, 0, 0, 0]]",14.85,nan,nan,0.08056814270193519,"[[nan, nan, nan, nan, nan, nan], [nan, nan, nan, nan, nan, nan], [nan, nan, nan, nan, nan, nan], [nan, nan, nan, nan, nan, nan], [nan, nan, nan, nan, nan, nan]]","[[nan, nan, nan, nan, nan, nan], [nan, nan, nan, nan, nan, nan], [nan, nan, nan, nan, nan, nan], [nan, nan, nan, nan, nan, nan], [nan, nan, nan, nan, nan, nan]]",4,0.0,0,0.0,0.0,5,499.60079802778296,-1145.8227448604393,-1145.8227448604393,499.60079802778296
cluster,S5SphereInspect,127,5,"['surf_dist', 'normal_err', 'speed', 'ang_speed', 'start_dist', 'goal_dist']","[0.07448508906860322, 0.2735019597134474, 0.005167278655559288, 0.06608722993185281, 0.2420060651636752, 0.17611082692742402]","[[0.02045219957117411, 0.10158489238903948, 0.007639086684378288, 0.04112343753885147, 0.16447107839562072, 0.2889733595429724], [4.833930337851122e-07, 0.10158489238903948, 0.007639086684378288, 0.04112343753885147, 0.16447107839562072, 0.2889733595429724], [9.945163330013496e-08, 0.10158489238903948, 0.008498051497521265, 0.04112343753885147, 0.16447107839562072, 0.2889733595429724], [0.02045219957117411, 0.10158489238903948, 0.007639086684378288, 0.04112343753885147, 0.16447107839562072, 0.2889733595429724], [0.030588642987257435, 0.10158489238903948, 0.007639086684378288, 0.04112343753885147, 0.16447107839562072, 0.2889733595429724]]","[['', '', '', '', '', ''], ['lower_bound', '', '', '', '', ''], ['lower_bound', '', 'upper_bound', '', '', ''], ['', '', '', '', '', ''], ['lower_bound', '', '', '', '', '']]","[[nan, nan, nan, nan, nan, nan], [4.833930337851122e-07, nan, nan, nan, nan, nan], [9.945163330013496e-08, nan, 0.008498051497521265, nan, nan, nan], [nan, nan, nan, nan, nan, nan], [0.030588642987257435, nan, nan, nan, nan, nan]]",[],"[[0, 0, 0, 0, 0, 0], [1, 0, 0, 0, 0, 0], [1, 0, 1, 0, 0, 0], [0, 0, 0, 0, 0, 0], [1, 0, 0, 0, 0, 0]]","[['', '', '', '', '', ''], ['target_value', 'upper_bound', 'upper_bound', '', '', ''], ['', '', '', '', '', ''], ['target_value', '', 'upper_bound', '', '', ''], ['', '', '', '', '', '']]","[[nan, nan, nan, nan, nan, nan], [0.0, 0.04, 0.00846, nan, nan, nan], [nan, nan, nan, nan, nan, nan], [0.0324, nan, 0.00846, nan, nan, nan], [nan, nan, nan, nan, nan, nan]]","[[0, 0, 0, 0, 0, 0], [1, 1, 1, 0, 0, 0], [0, 0, 0, 0, 0, 0], [1, 0, 1, 0, 0, 0], [0, 0, 0, 0, 0, 0]]",14.85,nan,nan,0.08056814270193519,"[[nan, nan, nan, nan, nan, nan], [nan, nan, nan, nan, nan, nan], [nan, nan, nan, nan, nan, nan], [nan, nan, nan, nan, nan, nan], [nan, nan, nan, nan, nan, nan]]","[[nan, nan, nan, nan, nan, nan], [nan, nan, nan, nan, nan, nan], [nan, nan, nan, nan, nan, nan], [nan, nan, nan, nan, nan, nan], [nan, nan, nan, nan, nan, nan]]",4,0.0,0,0.0,0.0,5,499.60079802778296,-1145.8227448604393,-1145.8227448604393,499.60079802778296
cluster,S5SphereInspect,127,6,"['surf_dist', 'normal_err', 'speed', 'ang_speed', 'start_dist', 'goal_dist']","[0.07448508906860322, 0.2735019597134474, 0.005167278655559288, 0.06608722993185281, 0.2420060651636752, 0.17611082692742402]","[[4.596707026127689e-07, 0.10158489238903948, 0.007639086684378288, 0.04112343753885147, 0.16447107839562072, 0.2889733595429724], [5.23658447958153e-08, 0.10158489238903948, 0.007639086684378288, 0.04112343753885147, 0.16447107839562072, 0.2889733595429724], [0.02045219957117411, 0.10158489238903948, 0.007639086684378288, 0.04112343753885147, 0.16447107839562072, 0.2889733595429724], [0.02045219957117411, 0.10158489238903948, 0.007639086684378288, 0.04112343753885147, 0.16447107839562072, 0.2889733595429724], [0.02045219957117411, 0.10158489238903948, 0.007639086684378288, 0.04112343753885147, 0.16447107839562072, 0.2889733595429724]]","[['lower_bound', '', '', '', '', ''], ['lower_bound', '', '', '', '', ''], ['', '', '', '', '', ''], ['', '', '', '', '', ''], ['', '', '', '', '', '']]","[[4.596707026127689e-07, nan, nan, nan, nan, nan], [5.23658447958153e-08, nan, nan, nan, nan, nan], [nan, nan, nan, nan, nan, nan], [nan, nan, nan, nan, nan, nan], [nan, nan, nan, nan, nan, nan]]",[],"[[1, 0, 0, 0, 0, 0], [1, 0, 0, 0, 0, 0], [0, 0, 0, 0, 0, 0], [0, 0, 0, 0, 0, 0], [0, 0, 0, 0, 0, 0]]","[['', '', '', '', '', ''], ['target_value', 'upper_bound', 'upper_bound', '', '', ''], ['', '', '', '', '', ''], ['target_value', '', 'upper_bound', '', '', ''], ['', '', '', '', '', '']]","[[nan, nan, nan, nan, nan, nan], [0.0, 0.04, 0.00846, nan, nan, nan], [nan, nan, nan, nan, nan, nan], [0.0324, nan, 0.00846, nan, nan, nan], [nan, nan, nan, nan, nan, nan]]","[[0, 0, 0, 0, 0, 0], [1, 1, 1, 0, 0, 0], [0, 0, 0, 0, 0, 0], [1, 0, 1, 0, 0, 0], [0, 0, 0, 0, 0, 0]]",4.725,nan,nan,0.06811865649063717,"[[nan, nan, nan, nan, nan, nan], [nan, nan, nan, nan, nan, nan], [nan, nan, nan, nan, nan, nan], [nan, nan, nan, nan, nan, nan], [nan, nan, nan, nan, nan, nan]]","[[nan, nan, nan, nan, nan, nan], [nan, nan, nan, nan, nan, nan], [nan, nan, nan, nan, nan, nan], [nan, nan, nan, nan, nan, nan], [nan, nan, nan, nan, nan, nan]]",2,0.0,0,0.0,0.0,5,504.05440924101663,-1016.6626287182927,-1016.6626287182925,504.05440924101663
cluster,S5SphereInspect,127,7,"['surf_dist', 'normal_err', 'speed', 'ang_speed', 'start_dist', 'goal_dist']","[0.07448508906860322, 0.2735019597134474, 0.005167278655559288, 0.06608722993185281, 0.2420060651636752, 0.17611082692742402]","[[3.464383794629655e-07, 0.10158489238903948, 0.007639086684378288, 0.04112343753885147, 0.16447107839562072, 0.2889733595429724], [5.9096656776502776e-08, 0.10158489238903948, 0.007639086684378288, 0.04112343753885147, 0.16447107839562072, 0.2889733595429724], [1.0369487948858058e-07, 0.019396351763473846, 0.007639086684378288, 0.04112343753885147, 0.16447107839562072, 0.2889733595429724], [0.03240093054962981, 0.10158489238903948, 0.007639086684378288, 0.04112343753885147, 0.16447107839562072, 0.2889733595429724], [0.02045219957117411, 0.10158489238903948, 0.007639086684378288, 0.04112343753885147, 0.16447107839562072, 0.2889733595429724]]","[['lower_bound', '', '', '', '', ''], ['lower_bound', '', '', '', '', ''], ['lower_bound', 'lower_bound', '', '', '', ''], ['upper_bound', '', '', '', '', ''], ['', '', '', '', '', '']]","[[3.464383794629655e-07, nan, nan, nan, nan, nan], [5.9096656776502776e-08, nan, nan, nan, nan, nan], [1.0369487948858058e-07, 0.019396351763473846, nan, nan, nan, nan], [0.03240093054962981, nan, nan, nan, nan, nan], [nan, nan, nan, nan, nan, nan]]",[],"[[1, 0, 0, 0, 0, 0], [1, 0, 0, 0, 0, 0], [1, 1, 0, 0, 0, 0], [1, 0, 0, 0, 0, 0], [0, 0, 0, 0, 0, 0]]","[['', '', '', '', '', ''], ['target_value', 'upper_bound', 'upper_bound', '', '', ''], ['', '', '', '', '', ''], ['target_value', '', 'upper_bound', '', '', ''], ['', '', '', '', '', '']]","[[nan, nan, nan, nan, nan, nan], [0.0, 0.04, 0.00846, nan, nan, nan], [nan, nan, nan, nan, nan, nan], [0.0324, nan, 0.00846, nan, nan, nan], [nan, nan, nan, nan, nan, nan]]","[[0, 0, 0, 0, 0, 0], [1, 1, 1, 0, 0, 0], [0, 0, 0, 0, 0, 0], [1, 0, 1, 0, 0, 0], [0, 0, 0, 0, 0, 0]]",8.025,nan,nan,0.07156734685935977,"[[nan, nan, nan, nan, nan, nan], [nan, nan, nan, nan, nan, nan], [nan, nan, nan, nan, nan, nan], [nan, nan, nan, nan, nan, nan], [nan, nan, nan, nan, nan, nan]]","[[nan, nan, nan, nan, nan, nan], [nan, nan, nan, nan, nan, nan], [nan, nan, nan, nan, nan, nan], [nan, nan, nan, nan, nan, nan], [nan, nan, nan, nan, nan, nan]]",5,0.0,0,0.0,0.0,5,493.74032214917264,-1565.000626533047,-1565.000626533047,493.74032214917264
cluster,S5SphereInspect,127,8,"['surf_dist', 'normal_err', 'speed', 'ang_speed', 'start_dist', 'goal_dist']","[0.07448508906860322, 0.2735019597134474, 0.005167278655559288, 0.06608722993185281, 0.2420060651636752, 0.17611082692742402]","[[4.596707026127689e-07, 0.10158489238903948, 0.007639086684378288, 0.04112343753885147, 0.16447107839562072, 0.2889733595429724], [8.232316654407934e-08, 0.10158489238903948, 0.007639086684378288, 0.04112343753885147, 0.16447107839562072, 0.2889733595429724], [0.02045219957117411, 0.10158489238903948, 0.007639086684378288, 0.04112343753885147, 0.16447107839562072, 0.2889733595429724], [0.03240220209426775, 0.10158489238903948, 0.007639086684378288, 0.04112343753885147, 0.16447107839562072, 0.2889733595429724], [0.02045219957117411, 0.10158489238903948, 0.007639086684378288, 0.04112343753885147, 0.16447107839562072, 0.2889733595429724]]","[['lower_bound', '', '', '', '', ''], ['lower_bound', '', '', '', '', ''], ['', '', '', '', '', ''], ['upper_bound', '', '', '', '', ''], ['', '', '', '', '', '']]","[[4.596707026127689e-07, nan, nan, nan, nan, nan], [8.232316654407934e-08, nan, nan, nan, nan, nan], [nan, nan, nan, nan, nan, nan], [0.03240220209426775, nan, nan, nan, nan, nan], [nan, nan, nan, nan, nan, nan]]",[],"[[1, 0, 0, 0, 0, 0], [1, 0, 0, 0, 0, 0], [0, 0, 0, 0, 0, 0], [1, 0, 0, 0, 0, 0], [0, 0, 0, 0, 0, 0]]","[['', '', '', '', '', ''], ['target_value', 'upper_bound', 'upper_bound', '', '', ''], ['', '', '', '', '', ''], ['target_value', '', 'upper_bound', '', '', ''], ['', '', '', '', '', '']]","[[nan, nan, nan, nan, nan, nan], [0.0, 0.04, 0.00846, nan, nan, nan], [nan, nan, nan, nan, nan, nan], [0.0324, nan, 0.00846, nan, nan, nan], [nan, nan, nan, nan, nan, nan]]","[[0, 0, 0, 0, 0, 0], [1, 1, 1, 0, 0, 0], [0, 0, 0, 0, 0, 0], [1, 0, 1, 0, 0, 0], [0, 0, 0, 0, 0, 0]]",4.7,nan,nan,0.06809945619123227,"[[nan, nan, nan, nan, nan, nan], [nan, nan, nan, nan, nan, nan], [nan, nan, nan, nan, nan, nan], [nan, nan, nan, nan, nan, nan], [nan, nan, nan, nan, nan, nan]]","[[nan, nan, nan, nan, nan, nan], [nan, nan, nan, nan, nan, nan], [nan, nan, nan, nan, nan, nan], [nan, nan, nan, nan, nan, nan], [nan, nan, nan, nan, nan, nan]]",3,0.0,0,0.0,0.0,5,502.8576644274041,-913.3991984325676,-913.3991984325676,502.8576644274041
cluster,S5SphereInspect,127,9,"['surf_dist', 'normal_err', 'speed', 'ang_speed', 'start_dist', 'goal_dist']","[0.07448508906860322, 0.2735019597134474, 0.005167278655559288, 0.06608722993185281, 0.2420060651636752, 0.17611082692742402]","[[3.7045860716566903e-07, 0.10158489238903948, 0.007639086684378288, 0.04112343753885147, 0.16447107839562072, 0.2889733595429724], [7.589549124234485e-08, 0.10158489238903948, 0.007639086684378288, 0.04112343753885147, 0.16447107839562072, 0.2889733595429724], [7.148206477777808e-08, 0.020693791887358426, 0.008487012830562064, 0.04112343753885147, 0.16447107839562072, 0.2889733595429724], [0.02045219957117411, 0.10158489238903948, 0.007639086684378288, 0.04112343753885147, 0.16447107839562072, 0.2889733595429724], [0.032399464653573816, 0.10158489238903948, 0.007639086684378288, 0.04112343753885147, 0.16447107839562072, 0.2889733595429724]]","[['lower_bound', '', '', '', '', ''], ['lower_bound', '', '', '', '', ''], ['lower_bound', 'lower_bound', 'upper_bound', '', '', ''], ['', '', '', '', '', ''], ['lower_bound', '', '', '', '', '']]","[[3.7045860716566903e-07, nan, nan, nan, nan, nan], [7.589549124234485e-08, nan, nan, nan, nan, nan], [7.148206477777808e-08, 0.020693791887358426, 0.008487012830562064, nan, nan, nan], [nan, nan, nan, nan, nan, nan], [0.032399464653573816, nan, nan, nan, nan, nan]]",[],"[[1, 0, 0, 0, 0, 0], [1, 0, 0, 0, 0, 0], [1, 1, 1, 0, 0, 0], [0, 0, 0, 0, 0, 0], [1, 0, 0, 0, 0, 0]]","[['', '', '', '', '', ''], ['target_value', 'upper_bound', 'upper_bound', '', '', ''], ['', '', '', '', '', ''], ['target_value', '', 'upper_bound', '', '', ''], ['', '', '', '', '', '']]","[[nan, nan, nan, nan, nan, nan], [0.0, 0.04, 0.00846, nan, nan, nan], [nan, nan, nan, nan, nan, nan], [0.0324, nan, 0.00846, nan, nan, nan], [nan, nan, nan, nan, nan, nan]]","[[0, 0, 0, 0, 0, 0], [1, 1, 1, 0, 0, 0], [0, 0, 0, 0, 0, 0], [1, 0, 1, 0, 0, 0], [0, 0, 0, 0, 0, 0]]",9.25,nan,nan,0.07544160619267574,"[[nan, nan, nan, nan, nan, nan], [nan, nan, nan, nan, nan, nan], [nan, nan, nan, nan, nan, nan], [nan, nan, nan, nan, nan, nan], [nan, nan, nan, nan, nan, nan]]","[[nan, nan, nan, nan, nan, nan], [nan, nan, nan, nan, nan, nan], [nan, nan, nan, nan, nan, nan], [nan, nan, nan, nan, nan, nan], [nan, nan, nan, nan, nan, nan]]",6,0.0,0,0.0,0.0,5,491.07630153664996,-1552.9358795411167,-1552.9358795411167,491.07630153664996
