method,dataset,dataset_seed,method_seed,ConstraintFeatureNames,ConstraintFeatureScales,ConstraintLearnedRawValueMatrix,ConstraintLearnedSemanticsMatrix,ConstraintLearnedValueMatrix,ConstraintLearnedValuePerDemo,ConstraintPredictedActiveMask,ConstraintSemanticsMatrix,ConstraintTargetMatrix,ConstraintTrueActiveMask,MeanAbsCutpointError,MeanParameterError,MeanParameterErrorRaw,MeanStageSubgoalError,ParameterErrorMatrix,ParameterErrorMatrixRaw,ModelObjectiveFinal,PosthocFeatureObjectiveFinal,PosthocObjectiveFinal,SegmentationLogLikelihoodFinal
gmmhmm,S3ObsAvoid,1259149,0,"['obs_dist', 'speed', 'arc_dist', 'heading', 'line_dist', 'noise']","[1.0099001918441046, 0.23400965023278456, 1.5296480064975375, 6.3271107859210876, 0.7801270192468435, 0.7509006094170386]","[[1.0476006803161357, 0.04979448261135614, 0.22809460685496838, -1.9233363624021396, 0.9081373989151309, 0.0009495591566612824], [1.4127672473598285, 0.047493310967421556, 0.19942675692958703, -1.9233363624021396, 0.9081373989151309, 0.0009495591566612824], [1.0166512414955828, 0.04600876454948641, 0.19969320757352826, -1.9233363624021396, 0.9081373989151309, 0.0009495591566612824]]","[['', 'lower_bound', 'lower_bound', '', '', ''], ['upper_bound', 'target_value', 'target_value', '', '', ''], ['lower_bound', 'target_value', 'target_value', '', '', '']]","[[nan, 0.04979448261135614, 0.22809460685496838, nan, nan, nan], [1.4127672473598285, 0.047493310967421556, 0.19942675692958703, nan, nan, nan], [1.0166512414955828, 0.04600876454948641, 0.19969320757352826, nan, nan, nan]]",[],"[[0, 1, 1, 0, 0, 0], [1, 1, 1, 0, 0, 0], [1, 1, 1, 0, 0, 0]]","[['lower_bound', '', '', '', '', ''], ['', 'target_value', '', '', '', ''], ['', 'target_value', 'target_value', '', '', '']]","[[0.4, nan, nan, nan, nan, nan], [nan, 0.055, nan, nan, nan, nan], [nan, 0.045, 0.2, nan, nan, nan]]","[[1, 0, 0, 0, 0, 0], [0, 1, 0, 0, 0, 0], [0, 1, 1, 0, 0, 0]]",24.3,0.012196630211475412,0.0029407486695122004,0.23991974152323708,"[[nan, nan, nan, nan, nan, nan], [nan, 0.03207854473142904, nan, nan, nan, nan], [nan, 0.004310781835206055, 0.00020056406779113523, nan, nan, nan]]","[[nan, nan, nan, nan, nan, nan], [nan, 0.007506689032578444, nan, nan, nan, nan], [nan, 0.00100876454948641, 0.000306792426471747, nan, nan, nan]]",358.3820058368043,-2010.7414536500582,-2010.7414536500582,358.3820058368043
gmmhmm,S3ObsAvoid,1259149,1,"['obs_dist', 'speed', 'arc_dist', 'heading', 'line_dist', 'noise']","[1.0099001918441046, 0.23400965023278456, 1.5296480064975375, 6.3271107859210876, 0.7801270192468435, 0.7509006094170386]","[[1.411122304051254, 0.03992963816096164, 0.1864787571035158, 0.6055510506911708, 0.6566446025894583, 0.0009495591566612824], [1.0176927674621674, 0.04776348455809559, 0.1999382172003538, -1.9233363624021396, 1.05768818909658, 0.37455483994267125], [1.0250968393723532, 0.04535058703862242, 0.19974905523851758, -1.9233363624021396, 0.9081373989151309, -0.37795944564583245]]","[['upper_bound', 'lower_bound', 'lower_bound', 'upper_bound', 'lower_bound', ''], ['lower_bound', 'target_value', 'target_value', '', 'upper_bound', 'upper_bound'], ['lower_bound', 'target_value', 'target_value', '', '', 'lower_bound']]","[[1.411122304051254, 0.03992963816096164, 0.1864787571035158, 0.6055510506911708, 0.6566446025894583, nan], [1.0176927674621674, 0.04776348455809559, 0.1999382172003538, nan, 1.05768818909658, 0.37455483994267125], [1.0250968393723532, 0.04535058703862242, 0.19974905523851758, nan, nan, -0.37795944564583245]]",[],"[[1, 1, 1, 1, 1, 0], [1, 1, 1, 0, 1, 1], [1, 1, 1, 0, 0, 1]]","[['lower_bound', '', '', '', '', ''], ['', 'target_value', '', '', '', ''], ['', 'target_value', 'target_value', '', '', '']]","[[0.4, nan, nan, nan, nan, nan], [nan, 0.055, nan, nan, nan, nan], [nan, 0.045, 0.2, nan, nan, nan]]","[[1, 0, 0, 0, 0, 0], [0, 1, 0, 0, 0, 0], [0, 1, 1, 0, 0, 0]]",42.9,0.010862077233251487,0.002612682414003089,0.29894818346652696,"[[nan, nan, nan, nan, nan, nan], [nan, 0.03092400435069997, nan, nan, nan, nan], [nan, 0.0014981734226501876, 0.00016405392640430288, nan, nan, nan]]","[[nan, nan, nan, nan, nan, nan], [nan, 0.007236515441904408, nan, nan, nan, nan], [nan, 0.00035058703862242413, 0.0002509447614824356, nan, nan, nan]]",-123.38037874744172,-3381.641736969577,-3381.641736969577,-123.38037874744172
gmmhmm,S3ObsAvoid,1259149,2,"['obs_dist', 'speed', 'arc_dist', 'heading', 'line_dist', 'noise']","[1.0099001918441046, 0.23400965023278456, 1.5296480064975375, 6.3271107859210876, 0.7801270192468435, 0.7509006094170386]","[[1.0476006803161357, 0.04586510334457348, 0.18115436953302383, -1.9233363624021396, 0.9081373989151309, 0.0009495591566612824], [1.4131108958279732, 0.04659571131372805, 0.1997608286680016, -1.9233363624021396, 1.0538176517587399, 0.0009495591566612824], [1.017568091824391, 0.045440463782931165, 0.19976230729453784, -1.9233363624021396, 0.9081373989151309, -0.37717427443475465]]","[['', 'lower_bound', 'lower_bound', '', '', ''], ['upper_bound', 'target_value', 'target_value', '', 'upper_bound', ''], ['lower_bound', 'target_value', 'target_value', '', '', 'lower_bound']]","[[nan, 0.04586510334457348, 0.18115436953302383, nan, nan, nan], [1.4131108958279732, 0.04659571131372805, 0.1997608286680016, nan, 1.0538176517587399, nan], [1.017568091824391, 0.045440463782931165, 0.19976230729453784, nan, nan, -0.37717427443475465]]",[],"[[0, 1, 1, 0, 0, 0], [1, 1, 1, 0, 1, 0], [1, 1, 1, 0, 0, 1]]","[['lower_bound', '', '', '', '', ''], ['', 'target_value', '', '', '', ''], ['', 'target_value', 'target_value', '', '', '']]","[[0.4, nan, nan, nan, nan, nan], [nan, 0.055, nan, nan, nan, nan], [nan, 0.045, 0.2, nan, nan, nan]]","[[1, 0, 0, 0, 0, 0], [0, 1, 0, 0, 0, 0], [0, 1, 1, 0, 0, 0]]",31.9,0.012650639731126602,0.0030274817248884304,0.2753557041138303,"[[nan, nan, nan, nan, nan, nan], [nan, 0.035914282500365526, nan, nan, nan, nan], [nan, 0.0018822462342600339, 0.00015539045875424747, nan, nan, nan]]","[[nan, nan, nan, nan, nan, nan], [nan, 0.008404288686271952, nan, nan, nan, nan], [nan, 0.0004404637829311664, 0.00023769270546217247, nan, nan, nan]]",27.890278856008955,-2408.1276114421717,-2408.1276114421717,27.890278856008955
gmmhmm,S3ObsAvoid,1259149,3,"['obs_dist', 'speed', 'arc_dist', 'heading', 'line_dist', 'noise']","[1.0099001918441046, 0.23400965023278456, 1.5296480064975375, 6.3271107859210876, 0.7801270192468435, 0.7509006094170386]","[[0.3860107191010621, 0.0871280375624544, 0.44878861607549564, -1.9233363624021396, 0.9081373989151309, 0.0009495591566612824], [1.0476006803161357, 0.04868280475583538, 0.44878861607549564, -1.9233363624021396, 0.9081373989151309, 0.0009495591566612824], [1.0476006803161357, 0.04670136166550723, 0.1993786121086151, -1.9233363624021396, 0.9081373989151309, 0.0009495591566612824]]","[['lower_bound', '', '', '', '', ''], ['', 'lower_bound', '', '', '', ''], ['', 'target_value', 'target_value', '', '', '']]","[[0.3860107191010621, nan, nan, nan, nan, nan], [nan, 0.04868280475583538, nan, nan, nan, nan], [nan, 0.04670136166550723, 0.1993786121086151, nan, nan, nan]]",[],"[[1, 0, 0, 0, 0, 0], [0, 1, 0, 0, 0, 0], [0, 1, 1, 0, 0, 0]]","[['lower_bound', '', '', '', '', ''], ['', 'target_value', '', '', '', ''], ['', 'target_value', 'target_value', '', '', '']]","[[0.4, nan, nan, nan, nan, nan], [nan, 0.055, nan, nan, nan, nan], [nan, 0.045, 0.2, nan, nan, nan]]","[[1, 0, 0, 0, 0, 0], [0, 1, 0, 0, 0, 0], [0, 1, 1, 0, 0, 0]]",2.35,0.00717628262707995,0.005437343485276687,0.12304025333567288,"[[0.013852142035336301, nan, nan, nan, nan, nan], [nan, nan, nan, nan, nan, nan], [nan, 0.007270476511608716, 0.00040622933429483186, nan, nan, nan]]","[[0.013989280898937917, nan, nan, nan, nan, nan], [nan, nan, nan, nan, nan, nan], [nan, 0.0017013616655072311, 0.0006213878913849114, nan, nan, nan]]",-788.8142056500275,-1356.1836509440407,-1356.183650944041,-788.8142056500275
gmmhmm,S3ObsAvoid,1259149,4,"['obs_dist', 'speed', 'arc_dist', 'heading', 'line_dist', 'noise']","[1.0099001918441046, 0.23400965023278456, 1.5296480064975375, 6.3271107859210876, 0.7801270192468435, 0.7509006094170386]","[[1.0476006803161357, 0.04586510334457348, 0.18115436953302383, -1.9233363624021396, 0.9081373989151309, 0.0009495591566612824], [1.4127995894640224, 0.046565710939240966, 0.19975711383605987, -1.9233363624021396, 1.0528667014795032, 0.0009495591566612824], [1.0218232418099558, 0.04542779587834132, 0.19977507208335188, -1.9233363624021396, 0.9081373989151309, -0.3771752162014896]]","[['', 'lower_bound', 'lower_bound', '', '', ''], ['upper_bound', 'target_value', 'target_value', '', 'upper_bound', ''], ['lower_bound', 'target_value', 'target_value', '', '', 'lower_bound']]","[[nan, 0.04586510334457348, 0.18115436953302383, nan, nan, nan], [1.4127995894640224, 0.046565710939240966, 0.19975711383605987, nan, 1.0528667014795032, nan], [1.0218232418099558, 0.04542779587834132, 0.19977507208335188, nan, nan, -0.3771752162014896]]",[],"[[0, 1, 1, 0, 0, 0], [1, 1, 1, 0, 1, 0], [1, 1, 1, 0, 0, 1]]","[['lower_bound', '', '', '', '', ''], ['', 'target_value', '', '', '', ''], ['', 'target_value', 'target_value', '', '', '']]","[[0.4, nan, nan, nan, nan, nan], [nan, 0.055, nan, nan, nan, nan], [nan, 0.045, 0.2, nan, nan, nan]]","[[1, 0, 0, 0, 0, 0], [0, 1, 0, 0, 0, 0], [0, 1, 1, 0, 0, 0]]",32.5,0.012672547201310037,0.0030290042852494973,0.2684858039747066,"[[nan, nan, nan, nan, nan, nan], [nan, 0.036042483941875474, nan, nan, nan, nan], [nan, 0.0018281121223666147, 0.00014704553968801858, nan, nan, nan]]","[[nan, nan, nan, nan, nan, nan], [nan, 0.008434289060759034, nan, nan, nan, nan], [nan, 0.00042779587834132493, 0.00022492791664813216, nan, nan, nan]]",30.259849732741735,-2423.3410991300516,-2423.3410991300516,30.259849732741735
gmmhmm,S3ObsAvoid,1259149,5,"['obs_dist', 'speed', 'arc_dist', 'heading', 'line_dist', 'noise']","[1.0099001918441046, 0.23400965023278456, 1.5296480064975375, 6.3271107859210876, 0.7801270192468435, 0.7509006094170386]","[[0.3845844089975442, 0.0871280375624544, 0.44878861607549564, -1.9233363624021396, 0.9081373989151309, 0.3746974479208914], [1.0476006803161357, 0.04868258637418144, 0.44878861607549564, -1.9233363624021396, 0.9081373989151309, 0.0009495591566612824], [1.0476006803161357, 0.046405925041931695, 0.19974321871642334, -1.9233363624021396, 0.9081373989151309, 0.0009495591566612824]]","[['lower_bound', '', '', '', '', 'upper_bound'], ['', 'lower_bound', '', '', '', ''], ['', 'target_value', 'target_value', '', '', '']]","[[0.3845844089975442, nan, nan, nan, nan, 0.3746974479208914], [nan, 0.04868258637418144, nan, nan, nan, nan], [nan, 0.046405925041931695, 0.19974321871642334, nan, nan, nan]]",[],"[[1, 0, 0, 0, 0, 1], [0, 1, 0, 0, 0, 0], [0, 1, 1, 0, 0, 0]]","[['lower_bound', '', '', '', '', ''], ['', 'target_value', '', '', '', ''], ['', 'target_value', 'target_value', '', '', '']]","[[0.4, nan, nan, nan, nan, nan], [nan, 0.055, nan, nan, nan, nan], [nan, 0.045, 0.2, nan, nan, nan]]","[[1, 0, 0, 0, 0, 0], [0, 1, 0, 0, 0, 0], [0, 1, 1, 0, 0, 0]]",2.2,0.007146772750454187,0.0056927657759880635,0.14473144829219936,"[[0.015264469822811442, nan, nan, nan, nan, nan], [nan, nan, nan, nan, nan, nan], [nan, 0.006007978904003027, 0.0001678695245480889, nan, nan, nan]]","[[0.01541559100245582, nan, nan, nan, nan, nan], [nan, nan, nan, nan, nan, nan], [nan, 0.0014059250419316965, 0.0002567812835766736, nan, nan, nan]]",-685.7577334396437,-1551.3640842479754,-1551.3640842479754,-685.7577334396437
gmmhmm,S3ObsAvoid,1259149,6,"['obs_dist', 'speed', 'arc_dist', 'heading', 'line_dist', 'noise']","[1.0099001918441046, 0.23400965023278456, 1.5296480064975375, 6.3271107859210876, 0.7801270192468435, 0.7509006094170386]","[[1.0476006803161357, 0.049492317067422645, 0.17954278254100597, -1.9233363624021396, 0.9081373989151309, 0.0009495591566612824], [1.4121880874349995, 0.04628359869865545, 0.1997800187406669, -1.9233363624021396, 0.9081373989151309, 0.0009495591566612824], [1.0769147196594717, 0.04520246487020668, 0.19950084078891683, -1.9233363624021396, 0.6667252186456294, -0.37864835601876723]]","[['', 'lower_bound', 'lower_bound', '', '', ''], ['upper_bound', 'target_value', 'target_value', '', '', ''], ['lower_bound', 'target_value', 'target_value', '', 'lower_bound', 'lower_bound']]","[[nan, 0.049492317067422645, 0.17954278254100597, nan, nan, nan], [1.4121880874349995, 0.04628359869865545, 0.1997800187406669, nan, nan, nan], [1.0769147196594717, 0.04520246487020668, 0.19950084078891683, nan, 0.6667252186456294, -0.37864835601876723]]",[],"[[0, 1, 1, 0, 0, 0], [1, 1, 1, 0, 0, 0], [1, 1, 1, 0, 1, 1]]","[['lower_bound', '', '', '', '', ''], ['', 'target_value', '', '', '', ''], ['', 'target_value', 'target_value', '', '', '']]","[[0.4, nan, nan, nan, nan, nan], [nan, 0.055, nan, nan, nan, nan], [nan, 0.045, 0.2, nan, nan, nan]]","[[1, 0, 0, 0, 0, 0], [0, 1, 0, 0, 0, 0], [0, 1, 1, 0, 0, 0]]",33.55,0.012813187940541225,0.0031393417942114712,0.21863071659452357,"[[nan, nan, nan, nan, nan, nan], [nan, 0.03724804209003254, nan, nan, nan, nan], [nan, 0.0008651988069948354, 0.00032632292459630076, nan, nan, nan]]","[[nan, nan, nan, nan, nan, nan], [nan, 0.008716401301344552, nan, nan, nan, nan], [nan, 0.0002024648702066839, 0.0004991592110831777, nan, nan, nan]]",-984.7305450509307,-2494.961919739136,-2494.961919739136,-984.7305450509307
gmmhmm,S3ObsAvoid,1259149,7,"['obs_dist', 'speed', 'arc_dist', 'heading', 'line_dist', 'noise']","[1.0099001918441046, 0.23400965023278456, 1.5296480064975375, 6.3271107859210876, 0.7801270192468435, 0.7509006094170386]","[[0.38450084288739395, 0.0871280375624544, 0.44878861607549564, -1.9233363624021396, 0.9081373989151309, 0.37646116443951294], [1.4127670781545052, 0.03946941473855394, 0.17604655353966836, 0.6132980111315047, 0.9081373989151309, 0.0009495591566612824], [1.018828458498683, 0.04692544716322195, 0.19977380164239394, -1.9233363624021396, 1.0551296567679431, 0.0009495591566612824]]","[['lower_bound', '', '', '', '', 'upper_bound'], ['upper_bound', 'lower_bound', 'lower_bound', 'upper_bound', '', ''], ['lower_bound', 'target_value', 'target_value', '', 'upper_bound', '']]","[[0.38450084288739395, nan, nan, nan, nan, 0.37646116443951294], [1.4127670781545052, 0.03946941473855394, 0.17604655353966836, 0.6132980111315047, nan, nan], [1.018828458498683, 0.04692544716322195, 0.19977380164239394, nan, 1.0551296567679431, nan]]",[],"[[1, 0, 0, 0, 0, 1], [1, 1, 1, 1, 0, 0], [1, 1, 1, 0, 1, 0]]","[['lower_bound', '', '', '', '', ''], ['', 'target_value', '', '', '', ''], ['', 'target_value', 'target_value', '', '', '']]","[[0.4, nan, nan, nan, nan, nan], [nan, 0.055, nan, nan, nan, nan], [nan, 0.045, 0.2, nan, nan, nan]]","[[1, 0, 0, 0, 0, 0], [0, 1, 0, 0, 0, 0], [0, 1, 1, 0, 0, 0]]",13.75,0.007907720053162546,0.005883600877811365,0.2900684741283774,"[[0.015347216722777529, nan, nan, nan, nan, nan], [nan, nan, nan, nan, nan, nan], [nan, 0.008228067352378786, 0.00014787608433132084, nan, nan, nan]]","[[0.015499157112606077, nan, nan, nan, nan, nan], [nan, nan, nan, nan, nan, nan], [nan, 0.0019254471632219536, 0.00022619835760606666, nan, nan, nan]]",-12.161161545339137,-1936.201955097504,-1936.2019550975042,-12.161161545339137
gmmhmm,S3ObsAvoid,1259149,8,"['obs_dist', 'speed', 'arc_dist', 'heading', 'line_dist', 'noise']","[1.0099001918441046, 0.23400965023278456, 1.5296480064975375, 6.3271107859210876, 0.7801270192468435, 0.7509006094170386]","[[1.0476006803161357, 0.04586510334457348, 0.18115436953302383, -1.9233363624021396, 0.9081373989151309, 0.0009495591566612824], [1.412800393584947, 0.04659048244356159, 0.1997656755453231, -1.9233363624021396, 1.0528682372368963, 0.0009495591566612824], [1.0184782695733778, 0.045411840547722314, 0.199747067096841, -1.9233363624021396, 0.9081373989151309, -0.37717484094503245]]","[['', 'lower_bound', 'lower_bound', '', '', ''], ['upper_bound', 'target_value', 'target_value', '', 'upper_bound', ''], ['lower_bound', 'target_value', 'target_value', '', '', 'lower_bound']]","[[nan, 0.04586510334457348, 0.18115436953302383, nan, nan, nan], [1.412800393584947, 0.04659048244356159, 0.1997656755453231, nan, 1.0528682372368963, nan], [1.0184782695733778, 0.045411840547722314, 0.199747067096841, nan, nan, -0.37717484094503245]]",[],"[[0, 1, 1, 0, 0, 0], [1, 1, 1, 0, 1, 0], [1, 1, 1, 0, 0, 1]]","[['lower_bound', '', '', '', '', ''], ['', 'target_value', '', '', '', ''], ['', 'target_value', 'target_value', '', '', '']]","[[0.4, nan, nan, nan, nan, nan], [nan, 0.055, nan, nan, nan, nan], [nan, 0.045, 0.2, nan, nan, nan]]","[[1, 0, 0, 0, 0, 0], [0, 1, 0, 0, 0, 0], [0, 1, 1, 0, 0, 0]]",32.15,0.01262063686764557,0.0030247636691065755,0.27308950712145397,"[[nan, nan, nan, nan, nan, nan], [nan, 0.035936627177866026, nan, nan, nan, nan], [nan, 0.0017599297606429097, 0.0001653536644277714, nan, nan, nan]]","[[nan, nan, nan, nan, nan, nan], [nan, 0.008409517556438408, nan, nan, nan, nan], [nan, 0.00041184054772231554, 0.0002529329031590033, nan, nan, nan]]",31.388012801503866,-2412.9546326914538,-2412.9546326914533,31.388012801503866
gmmhmm,S3ObsAvoid,1259149,9,"['obs_dist', 'speed', 'arc_dist', 'heading', 'line_dist', 'noise']","[1.0099001918441046, 0.23400965023278456, 1.5296480064975375, 6.3271107859210876, 0.7801270192468435, 0.7509006094170386]","[[1.0476006803161357, 0.0871280375624544, 0.44878861607549564, -1.9233363624021396, 0.9081373989151309, 0.37819656293494663], [0.3868419876999466, 0.0871280375624544, 0.44878861607549564, -1.9233363624021396, 1.486040498426205, -0.37718866193015305], [1.0476006803161357, 0.04825666765379962, 0.17918532876725507, -1.9233363624021396, 0.9081373989151309, 0.0009495591566612824]]","[['', '', '', '', '', 'upper_bound'], ['lower_bound', '', '', '', 'upper_bound', 'lower_bound'], ['', 'target_value', 'lower_bound', '', '', '']]","[[nan, nan, nan, nan, nan, 0.37819656293494663], [0.3868419876999466, nan, nan, nan, 1.486040498426205, -0.37718866193015305], [nan, 0.04825666765379962, 0.17918532876725507, nan, nan, nan]]",[],"[[0, 0, 0, 0, 0, 1], [1, 0, 0, 0, 1, 1], [0, 1, 1, 0, 0, 0]]","[['lower_bound', '', '', '', '', ''], ['', 'target_value', '', '', '', ''], ['', 'target_value', 'target_value', '', '', '']]","[[0.4, nan, nan, nan, nan, nan], [nan, 0.055, nan, nan, nan, nan], [nan, 0.045, 0.2, nan, nan, nan]]","[[1, 0, 0, 0, 0, 0], [0, 1, 0, 0, 0, 0], [0, 1, 1, 0, 0, 0]]",14.75,0.013916809202355565,0.0032566676537996234,0.5751596433352744,"[[nan, nan, nan, nan, nan, nan], [nan, nan, nan, nan, nan, nan], [nan, 0.013916809202355565, nan, nan, nan, nan]]","[[nan, nan, nan, nan, nan, nan], [nan, nan, nan, nan, nan, nan], [nan, 0.0032566676537996234, nan, nan, nan, nan]]",-1739.6651844161993,-2428.975693808735,-2428.975693808735,-1739.6651844161993
gmmhmm,S4SlideInsert,1342,0,"['surf_dist', 'center_dist', 'orient_err', 'speed', 'normal_force', 'start_dist', 'insert_err']","[0.04504042113987532, 0.016531661532743908, 0.2592147908053491, 0.017472314322540528, 10.084718070106007, 0.3422378234631881, 0.3338864451292424]","[[0.0073846196186389485, 0.0027713173895587374, 0.0889411106581908, 0.007224390068768467, 0.12652547343987486, 0.23125838106731644, 0.15758606143389087], [0.0007063365168121028, 0.0002865567408491757, 0.0889411106581908, 0.007227584746786849, 7.623950783776122, 0.23125838106731644, 0.15758606143389087], [0.0008546547652801507, 0.00048426912862114656, 0.05679302548034056, 0.006811563596924567, 7.199995635638755, 0.23125838106731644, 0.15758606143389087], [0.0005435851977309697, 0.00017874773645109275, 0.0889411106581908, 0.0023361838594155226, 10.490856041865946, 0.23125838106731644, 0.0028458149000606947]]","[['', '', '', '', 'target_value', '', ''], ['target_value', 'target_value', '', 'upper_bound', 'upper_bound', '', ''], ['target_value', 'target_value', 'target_value', 'target_value', 'lower_bound', '', ''], ['target_value', 'target_value', '', 'lower_bound', 'upper_bound', '', 'lower_bound']]","[[nan, nan, nan, nan, 0.12652547343987486, nan, nan], [0.0007063365168121028, 0.0002865567408491757, nan, 0.007227584746786849, 7.623950783776122, nan, nan], [0.0008546547652801507, 0.00048426912862114656, 0.05679302548034056, 0.006811563596924567, 7.199995635638755, nan, nan], [0.0005435851977309697, 0.00017874773645109275, nan, 0.0023361838594155226, 10.490856041865946, nan, 0.0028458149000606947]]",[],"[[0, 0, 0, 0, 1, 0, 0], [1, 1, 0, 1, 1, 0, 0], [1, 1, 1, 1, 1, 0, 0], [1, 1, 0, 1, 1, 0, 1]]","[['', '', '', '', '', '', ''], ['target_value', 'target_value', '', '', 'lower_bound', '', ''], ['target_value', 'target_value', 'upper_bound', 'upper_bound', 'lower_bound', '', ''], ['target_value', 'target_value', 'upper_bound', 'upper_bound', 'lower_bound', '', '']]","[[nan, nan, nan, nan, nan, nan, nan], [0.0, 0.0, nan, nan, 4.0, nan, nan], [0.0, 0.0, 0.06, 0.0072, 7.199999999999999, nan, nan], [0.0, 0.0, 0.04, 0.00288, 10.0, nan, nan]]","[[0, 0, 0, 0, 0, 0, 0], [1, 1, 0, 0, 1, 0, 0], [1, 1, 1, 1, 1, 0, 0], [1, 1, 1, 1, 1, 0, 0]]",13.166666666666666,0.014880931814523763,0.0004369306352840852,0.05896122854519774,"[[nan, nan, nan, nan, nan, nan, nan], [0.015682280470214496, 0.017333813681195864, nan, nan, nan, nan, nan], [0.018975283615265872, 0.02929343355245721, nan, nan, 4.3276978231997695e-07, nan, nan], [0.012068830263439106, 0.010812448349311467, nan, nan, nan, nan, nan]]","[[nan, nan, nan, nan, nan, nan, nan], [0.0007063365168121028, 0.0002865567408491757, nan, nan, nan, nan, nan], [0.0008546547652801507, 0.00048426912862114656, nan, nan, 4.364361243958115e-06, nan, nan], [0.0005435851977309697, 0.00017874773645109275, nan, nan, nan, nan, nan]]",11053.139868852002,4846.330605372725,4846.330605372725,11053.139868852002
gmmhmm,S4SlideInsert,1342,1,"['surf_dist', 'center_dist', 'orient_err', 'speed', 'normal_force', 'start_dist', 'insert_err']","[0.04504042113987532, 0.016531661532743908, 0.2592147908053491, 0.017472314322540528, 10.084718070106007, 0.3422378234631881, 0.3338864451292424]","[[0.0001428926539070582, 1.1992029673498633e-06, 0.03377729909110069, 0.007224390068768467, 0.0687565252375979, 0.2184711690275677, 0.17492557500737316], [0.0008205153381250661, 0.0005440176169213481, 0.05700011256407406, 0.006825522652519, 7.199997450832534, 0.23125838106731644, 0.15758606143389087], [0.0073846196186389485, 0.0002156901083929315, 0.056164307869178115, 0.007224390068768467, 7.1999864971740495, 0.23125838106731644, 0.024283158429589613], [0.0005335734346917252, 0.0002065214175623097, 0.0380000063487756, 0.002348268579732903, 10.46928682293952, 0.23125838106731644, 0.15758606143389087]]","[['lower_bound', 'lower_bound', 'lower_bound', '', 'lower_bound', 'upper_bound', 'lower_bound'], ['target_value', 'target_value', 'upper_bound', 'target_value', 'lower_bound', '', ''], ['', 'target_value', 'target_value', '', 'lower_bound', '', 'lower_bound'], ['target_value', 'target_value', 'upper_bound', 'lower_bound', 'upper_bound', '', '']]","[[0.0001428926539070582, 1.1992029673498633e-06, 0.03377729909110069, nan, 0.0687565252375979, 0.2184711690275677, 0.17492557500737316], [0.0008205153381250661, 0.0005440176169213481, 0.05700011256407406, 0.006825522652519, 7.199997450832534, nan, nan], [nan, 0.0002156901083929315, 0.056164307869178115, nan, 7.1999864971740495, nan, 0.024283158429589613], [0.0005335734346917252, 0.0002065214175623097, 0.0380000063487756, 0.002348268579732903, 10.46928682293952, nan, nan]]",[],"[[1, 1, 1, 0, 1, 1, 1], [1, 1, 1, 1, 1, 0, 0], [0, 1, 1, 0, 1, 0, 1], [1, 1, 1, 1, 1, 0, 0]]","[['', '', '', '', '', '', ''], ['target_value', 'target_value', '', '', 'lower_bound', '', ''], ['target_value', 'target_value', 'upper_bound', 'upper_bound', 'lower_bound', '', ''], ['target_value', 'target_value', 'upper_bound', 'upper_bound', 'lower_bound', '', '']]","[[nan, nan, nan, nan, nan, nan, nan], [0.0, 0.0, nan, nan, 4.0, nan, nan], [0.0, 0.0, 0.06, 0.0072, 7.199999999999999, nan, nan], [0.0, 0.0, 0.04, 0.00288, 10.0, nan, nan]]","[[0, 0, 0, 0, 0, 0, 0], [1, 1, 0, 0, 1, 0, 0], [1, 1, 1, 1, 1, 0, 0], [1, 1, 1, 1, 1, 0, 0]]",30.0,0.05169243901488122,0.4005414081531752,0.0819713200024508,"[[nan, nan, nan, nan, nan, nan, nan], [0.01821731052595876, 0.032907618864796144, nan, nan, 0.31731154292932023, nan, nan], [nan, 0.013047091967478207, nan, nan, 1.3389393591312545e-06, nan, nan], [0.011846546306365249, 0.012492477973448534, 0.0077155846123234725, nan, nan, nan, nan]]","[[nan, nan, nan, nan, nan, nan, nan], [0.0008205153381250661, 0.0005440176169213481, nan, nan, 3.1999974508325337, nan, nan], [nan, 0.0002156901083929315, nan, nan, 1.3502825949807118e-05, nan, nan], [0.0005335734346917252, 0.0002065214175623097, 0.0019999936512243993, nan, nan, nan, nan]]",9333.58066698094,1243.4444453434016,1243.4444453434016,9333.58066698094
gmmhmm,S4SlideInsert,1342,2,"['surf_dist', 'center_dist', 'orient_err', 'speed', 'normal_force', 'start_dist', 'insert_err']","[0.04504042113987532, 0.016531661532743908, 0.2592147908053491, 0.017472314322540528, 10.084718070106007, 0.3422378234631881, 0.3338864451292424]","[[0.0002520953391689888, 3.0638588578235995e-07, 0.0889411106581908, 0.007224390068768467, 0.04892734220332606, 0.23125838106731644, 0.15758606143389087], [0.0007497800553221082, 0.00038958910671909415, 0.056999991796585596, 0.0068647830224380126, 7.199997446127657, 0.23125838106731644, 0.15758606143389087], [0.0008261652044145758, 0.0004820722835506665, 0.05420195159073561, 0.007101762254224092, 7.199995165005124, 0.23125838106731644, 0.15758606143389087], [0.0005624841652445232, 0.00017383179740710188, 0.0889411106581908, 0.0023332573232914943, 10.491644761693601, 0.23125838106731644, 0.0026134586216554623]]","[['lower_bound', 'lower_bound', '', '', 'lower_bound', '', ''], ['target_value', 'target_value', 'upper_bound', 'target_value', 'lower_bound', '', ''], ['target_value', 'target_value', 'target_value', 'upper_bound', 'lower_bound', '', ''], ['target_value', 'target_value', '', 'lower_bound', 'upper_bound', '', 'lower_bound']]","[[0.0002520953391689888, 3.0638588578235995e-07, nan, nan, 0.04892734220332606, nan, nan], [0.0007497800553221082, 0.00038958910671909415, 0.056999991796585596, 0.0068647830224380126, 7.199997446127657, nan, nan], [0.0008261652044145758, 0.0004820722835506665, 0.05420195159073561, 0.007101762254224092, 7.199995165005124, nan, nan], [0.0005624841652445232, 0.00017383179740710188, nan, 0.0023332573232914943, 10.491644761693601, nan, 0.0026134586216554623]]",[],"[[1, 1, 0, 0, 1, 0, 0], [1, 1, 1, 1, 1, 0, 0], [1, 1, 1, 1, 1, 0, 0], [1, 1, 0, 1, 1, 0, 1]]","[['', '', '', '', '', '', ''], ['target_value', 'target_value', '', '', 'lower_bound', '', ''], ['target_value', 'target_value', 'upper_bound', 'upper_bound', 'lower_bound', '', ''], ['target_value', 'target_value', 'upper_bound', 'upper_bound', 'lower_bound', '', '']]","[[nan, nan, nan, nan, nan, nan, nan], [0.0, 0.0, nan, nan, 4.0, nan, nan], [0.0, 0.0, 0.06, 0.0072, 7.199999999999999, nan, nan], [0.0, 0.0, 0.04, 0.00288, 10.0, nan, nan]]","[[0, 0, 0, 0, 0, 0, 0], [1, 1, 0, 0, 1, 0, 0], [1, 1, 1, 1, 1, 0, 0], [1, 1, 1, 1, 1, 0, 0]]",21.46666666666667,0.0481838199030691,0.35592049349788524,0.07092016150348203,"[[nan, nan, nan, nan, nan, nan, nan], [0.016646826036409122, 0.023566240208066403, nan, nan, 0.317311542462785, nan, nan], [0.018342750434079597, 0.02916054642153399, nan, 0.0056224804546455825, 4.794377831852567e-07, nan, nan], [0.012488430414487023, 0.010515083257832068, nan, nan, nan, nan, nan]]","[[nan, nan, nan, nan, nan, nan, nan], [0.0007497800553221082, 0.00038958910671909415, nan, nan, 3.1999974461276572, nan, nan], [0.0008261652044145758, 0.0004820722835506665, nan, 9.823774577590819e-05, 4.834994875579923e-06, nan, nan], [0.0005624841652445232, 0.00017383179740710188, nan, nan, nan, nan, nan]]",10222.928259890403,3388.5961543442945,3388.5961543442945,10222.928259890403
gmmhmm,S4SlideInsert,1342,3,"['surf_dist', 'center_dist', 'orient_err', 'speed', 'normal_force', 'start_dist', 'insert_err']","[0.04504042113987532, 0.016531661532743908, 0.2592147908053491, 0.017472314322540528, 10.084718070106007, 0.3422378234631881, 0.3338864451292424]","[[0.0073846196186389485, 0.0027713173895587374, 0.0889411106581908, 0.007224390068768467, 0.12316245272987825, 0.23125838106731644, 0.15758606143389087], [0.0073846196186389485, 0.0027713173895587374, 0.0889411106581908, 0.007224390068768467, 0.13278361632630187, 0.23125838106731644, 0.15758606143389087], [0.0007571282552974994, 0.000347724175157041, 0.0889411106581908, 0.007219247559430553, 7.642706268643186, 0.23125838106731644, 0.15758606143389087], [0.0005291088076540985, 0.00021433920578660783, 0.03800012984595746, 0.002563439978849079, 9.999997177419576, 0.23125838106731644, 0.15758606143389087]]","[['', '', '', '', 'target_value', '', ''], ['', '', '', '', 'target_value', '', ''], ['target_value', 'target_value', '', 'upper_bound', 'upper_bound', '', ''], ['target_value', 'target_value', 'upper_bound', 'target_value', 'lower_bound', '', '']]","[[nan, nan, nan, nan, 0.12316245272987825, nan, nan], [nan, nan, nan, nan, 0.13278361632630187, nan, nan], [0.0007571282552974994, 0.000347724175157041, nan, 0.007219247559430553, 7.642706268643186, nan, nan], [0.0005291088076540985, 0.00021433920578660783, 0.03800012984595746, 0.002563439978849079, 9.999997177419576, nan, nan]]",[],"[[0, 0, 0, 0, 1, 0, 0], [0, 0, 0, 0, 1, 0, 0], [1, 1, 0, 1, 1, 0, 0], [1, 1, 1, 1, 1, 0, 0]]","[['', '', '', '', '', '', ''], ['target_value', 'target_value', '', '', 'lower_bound', '', ''], ['target_value', 'target_value', 'upper_bound', 'upper_bound', 'lower_bound', '', ''], ['target_value', 'target_value', 'upper_bound', 'upper_bound', 'lower_bound', '', '']]","[[nan, nan, nan, nan, nan, nan, nan], [0.0, 0.0, nan, nan, 4.0, nan, nan], [0.0, 0.0, 0.06, 0.0072, 7.199999999999999, nan, nan], [0.0, 0.0, 0.04, 0.00288, 10.0, nan, nan]]","[[0, 0, 0, 0, 0, 0, 0], [1, 1, 0, 0, 1, 0, 0], [1, 1, 1, 1, 1, 0, 0], [1, 1, 1, 1, 1, 0, 0]]",8.366666666666667,0.010196227504086683,0.0005528915339702793,0.06063751914813387,"[[nan, nan, nan, nan, nan, nan, nan], [nan, nan, nan, nan, nan, nan, nan], [0.016809972822993798, 0.021033831019847047, nan, 0.0011016033179830327, nan, nan, nan], [0.011747421410890546, 0.012965375885664654, 0.007715108184333109, nan, 2.798868946052577e-07, nan, nan]]","[[nan, nan, nan, nan, nan, nan, nan], [nan, nan, nan, nan, nan, nan, nan], [0.0007571282552974994, 0.000347724175157041, nan, 1.924755943055311e-05, nan, nan, nan], [0.0005291088076540985, 0.00021433920578660783, 0.0019998701540425434, nan, 2.822580423611498e-06, nan, nan]]",9107.13436332689,3753.6956856618044,3753.6956856618044,9107.13436332689
gmmhmm,S4SlideInsert,1342,4,"['surf_dist', 'center_dist', 'orient_err', 'speed', 'normal_force', 'start_dist', 'insert_err']","[0.04504042113987532, 0.016531661532743908, 0.2592147908053491, 0.017472314322540528, 10.084718070106007, 0.3422378234631881, 0.3338864451292424]","[[0.0002520953391689888, 3.0638588578235995e-07, 0.0889411106581908, 0.007224390068768467, 0.04892734220332606, 0.23125838106731644, 0.15758606143389087], [0.0007547601491194357, 0.0004198207730979637, 0.05700020215556124, 0.00684543488614293, 7.199995484025859, 0.23125838106731644, 0.15758606143389087], [0.0008060770751744575, 0.0002967533008724479, 0.05700021040117676, 0.007329125626091148, 7.199995165005124, 0.23125838106731644, 0.15758606143389087], [0.0004123039140373477, 0.00020764505509636563, 0.03591076846746176, 0.0025560143140501874, 9.999997234333943, 0.3808833064875254, 0.0075091871381255115]]","[['lower_bound', 'lower_bound', '', '', 'lower_bound', '', ''], ['target_value', 'target_value', 'upper_bound', 'target_value', 'lower_bound', '', ''], ['target_value', 'target_value', 'upper_bound', 'upper_bound', 'lower_bound', '', ''], ['target_value', 'target_value', 'target_value', 'target_value', 'lower_bound', 'target_value', 'target_value']]","[[0.0002520953391689888, 3.0638588578235995e-07, nan, nan, 0.04892734220332606, nan, nan], [0.0007547601491194357, 0.0004198207730979637, 0.05700020215556124, 0.00684543488614293, 7.199995484025859, nan, nan], [0.0008060770751744575, 0.0002967533008724479, 0.05700021040117676, 0.007329125626091148, 7.199995165005124, nan, nan], [0.0004123039140373477, 0.00020764505509636563, 0.03591076846746176, 0.0025560143140501874, 9.999997234333943, 0.3808833064875254, 0.0075091871381255115]]",[],"[[1, 1, 0, 0, 1, 0, 0], [1, 1, 1, 1, 1, 0, 0], [1, 1, 1, 1, 1, 0, 0], [1, 1, 1, 1, 1, 1, 1]]","[['', '', '', '', '', '', ''], ['target_value', 'target_value', '', '', 'lower_bound', '', ''], ['target_value', 'target_value', 'upper_bound', 'upper_bound', 'lower_bound', '', ''], ['target_value', 'target_value', 'upper_bound', 'upper_bound', 'lower_bound', '', '']]","[[nan, nan, nan, nan, nan, nan, nan], [0.0, 0.0, nan, nan, 4.0, nan, nan], [0.0, 0.0, 0.06, 0.0072, 7.199999999999999, nan, nan], [0.0, 0.0, 0.04, 0.00288, 10.0, nan, nan]]","[[0, 0, 0, 0, 0, 0, 0], [1, 1, 0, 0, 1, 0, 0], [1, 1, 1, 1, 1, 0, 0], [1, 1, 1, 1, 1, 0, 0]]",26.03333333333333,0.039635385118810734,0.29145721456173673,0.07553495894652541,"[[nan, nan, nan, nan, nan, nan, nan], [0.01675739546873884, 0.025394953330397776, nan, nan, 0.31731134790089593, nan, nan], [0.017896748182507978, 0.017950603469873552, 0.011572601970370796, 0.007390298944231286, 4.794377831852567e-07, nan, nan], [0.009154086564974979, 0.012560446793874138, nan, nan, 2.742432696514096e-07, nan, nan]]","[[nan, nan, nan, nan, nan, nan, nan], [0.0007547601491194357, 0.0004198207730979637, nan, nan, 3.199995484025859, nan, nan], [0.0008060770751744575, 0.0002967533008724479, 0.0029997895988232368, 0.00012912562609114844, 4.834994875579923e-06, nan, nan], [0.0004123039140373477, 0.00020764505509636563, nan, nan, 2.7656660570585245e-06, nan, nan]]",8152.789594672424,3739.17997964678,3739.179979646779,8152.789594672424
gmmhmm,S4SlideInsert,1342,5,"['surf_dist', 'center_dist', 'orient_err', 'speed', 'normal_force', 'start_dist', 'insert_err']","[0.04504042113987532, 0.016531661532743908, 0.2592147908053491, 0.017472314322540528, 10.084718070106007, 0.3422378234631881, 0.3338864451292424]","[[0.0073846196186389485, 0.0027713173895587374, 0.0889411106581908, 0.007224390068768467, 0.12071993237182, 0.23125838106731644, 0.15758606143389087], [0.0073846196186389485, 0.0027713173895587374, 0.0889411106581908, 0.007224390068768467, 0.12333638026180083, 0.23125838106731644, 0.15758606143389087], [0.00013592848441973046, -2.2180466053255132e-09, 0.0889411106581908, 0.0009194206412103329, 5.717345210650845, 0.23125838106731644, 0.15758606143389087], [0.0007229763320462865, 0.0003600347634643941, 0.05700040313639721, 0.007217018016471855, 7.199998020562734, 0.23125838106731644, 0.15758606143389087]]","[['', '', '', '', 'target_value', '', ''], ['', '', '', '', 'target_value', '', ''], ['lower_bound', 'lower_bound', '', 'lower_bound', '', '', ''], ['target_value', 'target_value', 'upper_bound', 'upper_bound', 'lower_bound', '', '']]","[[nan, nan, nan, nan, 0.12071993237182, nan, nan], [nan, nan, nan, nan, 0.12333638026180083, nan, nan], [0.00013592848441973046, -2.2180466053255132e-09, nan, 0.0009194206412103329, nan, nan, nan], [0.0007229763320462865, 0.0003600347634643941, 0.05700040313639721, 0.007217018016471855, 7.199998020562734, nan, nan]]",[],"[[0, 0, 0, 0, 1, 0, 0], [0, 0, 0, 0, 1, 0, 0], [1, 1, 0, 1, 0, 0, 0], [1, 1, 1, 1, 1, 0, 0]]","[['', '', '', '', '', '', ''], ['target_value', 'target_value', '', '', 'lower_bound', '', ''], ['target_value', 'target_value', 'upper_bound', 'upper_bound', 'lower_bound', '', ''], ['target_value', 'target_value', 'upper_bound', 'upper_bound', 'lower_bound', '', '']]","[[nan, nan, nan, nan, nan, nan, nan], [0.0, 0.0, nan, nan, 4.0, nan, nan], [0.0, 0.0, 0.06, 0.0072, 7.199999999999999, nan, nan], [0.0, 0.0, 0.04, 0.00288, 10.0, nan, nan]]","[[0, 0, 0, 0, 0, 0, 0], [1, 1, 0, 0, 1, 0, 0], [1, 1, 1, 1, 1, 0, 0], [1, 1, 1, 1, 1, 0, 0]]",40.36666666666667,0.1258569538009182,0.5644844823371292,0.15047612811884836,"[[nan, nan, nan, nan, nan, nan, nan], [nan, nan, nan, nan, nan, nan, nan], [nan, nan, nan, nan, nan, nan, nan], [0.016051722291873044, 0.021778498353071225, 0.0655842326110289, 0.24822229822621683, 0.277648017522401, nan, nan]]","[[nan, nan, nan, nan, nan, nan, nan], [nan, nan, nan, nan, nan, nan, nan], [nan, nan, nan, nan, nan, nan, nan], [0.0007229763320462865, 0.0003600347634643941, 0.01700040313639721, 0.004337018016471855, 2.8000019794372664, nan, nan]]",8795.01596063969,2736.2178834114843,2736.2178834114843,8795.01596063969
gmmhmm,S4SlideInsert,1342,6,"['surf_dist', 'center_dist', 'orient_err', 'speed', 'normal_force', 'start_dist', 'insert_err']","[0.04504042113987532, 0.016531661532743908, 0.2592147908053491, 0.017472314322540528, 10.084718070106007, 0.3422378234631881, 0.3338864451292424]","[[0.0002520953391689888, 3.0638588578235995e-07, 0.0889411106581908, 0.007224390068768467, 0.04892734220332606, 0.23125838106731644, 0.15758606143389087], [0.0007441589958887117, 0.00041043844223279374, 0.05700006517422343, 0.007224390068768467, 7.199995855250176, 0.23125838106731644, 0.15758606143389087], [0.0007975861342369075, 0.00032739557620068945, 0.05700016177365086, 0.007261048396187636, 7.199995165005124, 0.23125838106731644, 0.15758606143389087], [0.0005008678198302014, 0.0001989316185919206, 0.038000118774857684, 0.007224390068768467, 5.717345210650845, 0.23125838106731644, 0.008319815632521405]]","[['lower_bound', 'lower_bound', '', '', 'lower_bound', '', ''], ['target_value', 'target_value', 'upper_bound', '', 'lower_bound', '', ''], ['target_value', 'target_value', 'upper_bound', 'upper_bound', 'lower_bound', '', ''], ['target_value', 'target_value', 'upper_bound', '', '', '', 'target_value']]","[[0.0002520953391689888, 3.0638588578235995e-07, nan, nan, 0.04892734220332606, nan, nan], [0.0007441589958887117, 0.00041043844223279374, 0.05700006517422343, nan, 7.199995855250176, nan, nan], [0.0007975861342369075, 0.00032739557620068945, 0.05700016177365086, 0.007261048396187636, 7.199995165005124, nan, nan], [0.0005008678198302014, 0.0001989316185919206, 0.038000118774857684, nan, nan, nan, 0.008319815632521405]]",[],"[[1, 1, 0, 0, 1, 0, 0], [1, 1, 1, 0, 1, 0, 0], [1, 1, 1, 1, 1, 0, 0], [1, 1, 1, 0, 0, 0, 1]]","[['', '', '', '', '', '', ''], ['target_value', 'target_value', '', '', 'lower_bound', '', ''], ['target_value', 'target_value', 'upper_bound', 'upper_bound', 'lower_bound', '', ''], ['target_value', 'target_value', 'upper_bound', 'upper_bound', 'lower_bound', '', '']]","[[nan, nan, nan, nan, nan, nan, nan], [0.0, 0.0, nan, nan, 4.0, nan, nan], [0.0, 0.0, 0.06, 0.0072, 7.199999999999999, nan, nan], [0.0, 0.0, 0.04, 0.00288, 10.0, nan, nan]]","[[0, 0, 0, 0, 0, 0, 0], [1, 1, 0, 0, 1, 0, 0], [1, 1, 1, 1, 1, 0, 0], [1, 1, 1, 1, 1, 0, 0]]",26.133333333333333,0.040191765137905705,0.291640076061792,0.07249872764884975,"[[nan, nan, nan, nan, nan, nan, nan], [0.016522025706147112, 0.024827416253341936, nan, nan, 0.3173113847114755, nan, nan], [0.01770822994216602, 0.01980415432243299, 0.011572789565861588, 0.003494007437176142, 4.794377831852567e-07, nan, nan], [0.011120407117747212, 0.012033371128358816, 0.007715150894472212, nan, nan, nan, nan]]","[[nan, nan, nan, nan, nan, nan, nan], [0.0007441589958887117, 0.00041043844223279374, nan, nan, 3.199995855250176, nan, nan], [0.0007975861342369075, 0.00032739557620068945, 0.0029998382263491385, 6.104839618763583e-05, 4.834994875579923e-06, nan, nan], [0.0005008678198302014, 0.0001989316185919206, 0.0019998812251423165, nan, nan, nan, nan]]",9388.930363678412,3853.276931417512,3853.276931417512,9388.930363678412
gmmhmm,S4SlideInsert,1342,7,"['surf_dist', 'center_dist', 'orient_err', 'speed', 'normal_force', 'start_dist', 'insert_err']","[0.04504042113987532, 0.016531661532743908, 0.2592147908053491, 0.017472314322540528, 10.084718070106007, 0.3422378234631881, 0.3338864451292424]","[[0.0073846196186389485, 0.0027713173895587374, 0.0889411106581908, 0.007224390068768467, 0.1203197004098735, 0.23125838106731644, 0.15758606143389087], [0.0073846196186389485, 0.0027713173895587374, 0.0889411106581908, 0.007224390068768467, 0.1297720121083481, 0.23125838106731644, 0.15758606143389087], [0.0006715599625512275, 0.000234713887473413, 0.0889411106581908, 0.007227530005799922, 7.610097431848924, 0.23125838106731644, 0.15758606143389087], [0.0007351565160431828, 0.0003667056325086385, 0.05700021040117676, 0.0071858119340686465, 7.199996873898636, 0.23125838106731644, 0.15758606143389087]]","[['', '', '', '', 'target_value', '', ''], ['', '', '', '', 'target_value', '', ''], ['target_value', 'target_value', '', 'upper_bound', 'upper_bound', '', ''], ['target_value', 'target_value', 'upper_bound', 'upper_bound', 'lower_bound', '', '']]","[[nan, nan, nan, nan, 0.1203197004098735, nan, nan], [nan, nan, nan, nan, 0.1297720121083481, nan, nan], [0.0006715599625512275, 0.000234713887473413, nan, 0.007227530005799922, 7.610097431848924, nan, nan], [0.0007351565160431828, 0.0003667056325086385, 0.05700021040117676, 0.0071858119340686465, 7.199996873898636, nan, nan]]",[],"[[0, 0, 0, 0, 1, 0, 0], [0, 0, 0, 0, 1, 0, 0], [1, 1, 0, 1, 1, 0, 0], [1, 1, 1, 1, 1, 0, 0]]","[['', '', '', '', '', '', ''], ['target_value', 'target_value', '', '', 'lower_bound', '', ''], ['target_value', 'target_value', 'upper_bound', 'upper_bound', 'lower_bound', '', ''], ['target_value', 'target_value', 'upper_bound', 'upper_bound', 'lower_bound', '', '']]","[[nan, nan, nan, nan, nan, nan, nan], [0.0, 0.0, nan, nan, 4.0, nan, nan], [0.0, 0.0, 0.06, 0.0072, 7.199999999999999, nan, nan], [0.0, 0.0, 0.04, 0.00288, 10.0, nan, nan]]","[[0, 0, 0, 0, 0, 0, 0], [1, 1, 0, 0, 1, 0, 0], [1, 1, 1, 1, 1, 0, 0], [1, 1, 1, 1, 1, 0, 0]]",28.53333333333333,0.08235696190803825,0.35291810180512323,0.11167913535683119,"[[nan, nan, nan, nan, nan, nan, nan], [nan, nan, nan, nan, nan, nan, nan], [0.014910161707095587, 0.014197840126869296, nan, 0.0015756359055655808, nan, nan, nan], [0.01632215013621025, 0.022182019138385606, 0.06558348907621805, 0.24643626794842188, 0.2776481312255397, nan, nan]]","[[nan, nan, nan, nan, nan, nan, nan], [nan, nan, nan, nan, nan, nan, nan], [0.0006715599625512275, 0.000234713887473413, nan, 2.753000579992261e-05, nan, nan, nan], [0.0007351565160431828, 0.0003667056325086385, 0.01700021040117676, 0.004305811934068647, 2.8000031261013643, nan, nan]]",9827.699296022281,3368.232579981944,3368.2325799819446,9827.699296022281
gmmhmm,S4SlideInsert,1342,8,"['surf_dist', 'center_dist', 'orient_err', 'speed', 'normal_force', 'start_dist', 'insert_err']","[0.04504042113987532, 0.016531661532743908, 0.2592147908053491, 0.017472314322540528, 10.084718070106007, 0.3422378234631881, 0.3338864451292424]","[[0.0002520953391689888, 3.0638588578235995e-07, 0.0889411106581908, 0.007224390068768467, 0.04892734220332606, 0.23125838106731644, 0.15758606143389087], [0.0007918768475728543, 0.00045985338050123304, 0.05699997343866966, 0.006842913094702139, 7.19999744576256, 0.23125838106731644, 0.15758606143389087], [0.0073846196186389485, 0.0001746360755930541, 0.05700021040117676, 0.007298819832565033, 7.199995165005124, 0.23125838106731644, 0.15758606143389087], [0.0005025358525473436, 0.00021154244163187202, 0.03800003525344996, 0.002555432234864442, 9.999997234333943, 0.23125838106731644, 0.009117152244724397]]","[['lower_bound', 'lower_bound', '', '', 'lower_bound', '', ''], ['target_value', 'target_value', 'upper_bound', 'target_value', 'lower_bound', '', ''], ['', 'target_value', 'upper_bound', 'upper_bound', 'lower_bound', '', ''], ['target_value', 'target_value', 'upper_bound', 'target_value', 'lower_bound', '', 'target_value']]","[[0.0002520953391689888, 3.0638588578235995e-07, nan, nan, 0.04892734220332606, nan, nan], [0.0007918768475728543, 0.00045985338050123304, 0.05699997343866966, 0.006842913094702139, 7.19999744576256, nan, nan], [nan, 0.0001746360755930541, 0.05700021040117676, 0.007298819832565033, 7.199995165005124, nan, nan], [0.0005025358525473436, 0.00021154244163187202, 0.03800003525344996, 0.002555432234864442, 9.999997234333943, nan, 0.009117152244724397]]",[],"[[1, 1, 0, 0, 1, 0, 0], [1, 1, 1, 1, 1, 0, 0], [0, 1, 1, 1, 1, 0, 0], [1, 1, 1, 1, 1, 0, 1]]","[['', '', '', '', '', '', ''], ['target_value', 'target_value', '', '', 'lower_bound', '', ''], ['target_value', 'target_value', 'upper_bound', 'upper_bound', 'lower_bound', '', ''], ['target_value', 'target_value', 'upper_bound', 'upper_bound', 'lower_bound', '', '']]","[[nan, nan, nan, nan, nan, nan, nan], [0.0, 0.0, nan, nan, 4.0, nan, nan], [0.0, 0.0, 0.06, 0.0072, 7.199999999999999, nan, nan], [0.0, 0.0, 0.04, 0.00288, 10.0, nan, nan]]","[[0, 0, 0, 0, 0, 0, 0], [1, 1, 0, 0, 1, 0, 0], [1, 1, 1, 1, 1, 0, 0], [1, 1, 1, 1, 1, 0, 0]]",25.366666666666667,0.03837923067282539,0.29156764229084337,0.07566723445937243,"[[nan, nan, nan, nan, nan, nan, nan], [0.01758147076630657, 0.027816525253097597, nan, nan, 0.31731154242658194, nan, nan], [nan, 0.010563734035272629, 0.011572601970370796, 0.005655795262196536, 4.794377831852567e-07, nan, nan], [0.011157441245646727, 0.012796199656814559, 0.00771547310373916, nan, 2.742432696514096e-07, nan, nan]]","[[nan, nan, nan, nan, nan, nan, nan], [0.0007918768475728543, 0.00045985338050123304, nan, nan, 3.19999744576256, nan, nan], [nan, 0.0001746360755930541, 0.0029997895988232368, 9.88198325650334e-05, 4.834994875579923e-06, nan, nan], [0.0005025358525473436, 0.00021154244163187202, 0.001999964746550044, nan, 2.7656660570585245e-06, nan, nan]]",9784.385319361405,4037.2749468537286,4037.2749468537286,9784.385319361405
gmmhmm,S4SlideInsert,1342,9,"['surf_dist', 'center_dist', 'orient_err', 'speed', 'normal_force', 'start_dist', 'insert_err']","[0.04504042113987532, 0.016531661532743908, 0.2592147908053491, 0.017472314322540528, 10.084718070106007, 0.3422378234631881, 0.3338864451292424]","[[0.0073846196186389485, 0.0027713173895587374, 0.0889411106581908, 0.007224390068768467, 0.11945250833100296, 0.23125838106731644, 0.15758606143389087], [0.0073846196186389485, 0.0027713173895587374, 0.0889411106581908, 0.007224390068768467, 0.12341754092331847, 0.23125838106731644, 0.15758606143389087], [6.8568292809555e-05, 2.188375034135881e-08, 0.0889411106581908, 0.007224390068768467, 7.642738712200542, 0.23125838106731644, 0.15758606143389087], [0.0005291088076540985, 0.00021433920578660783, 0.03800012984595746, 0.002563439978849079, 9.999997177419576, 0.23125838106731644, 0.15758606143389087]]","[['', '', '', '', 'target_value', '', ''], ['', '', '', '', 'target_value', '', ''], ['lower_bound', 'lower_bound', '', '', 'upper_bound', '', ''], ['target_value', 'target_value', 'upper_bound', 'target_value', 'lower_bound', '', '']]","[[nan, nan, nan, nan, 0.11945250833100296, nan, nan], [nan, nan, nan, nan, 0.12341754092331847, nan, nan], [6.8568292809555e-05, 2.188375034135881e-08, nan, nan, 7.642738712200542, nan, nan], [0.0005291088076540985, 0.00021433920578660783, 0.03800012984595746, 0.002563439978849079, 9.999997177419576, nan, nan]]",[],"[[0, 0, 0, 0, 1, 0, 0], [0, 0, 0, 0, 1, 0, 0], [1, 1, 0, 0, 1, 0, 0], [1, 1, 1, 1, 1, 0, 0]]","[['', '', '', '', '', '', ''], ['target_value', 'target_value', '', '', 'lower_bound', '', ''], ['target_value', 'target_value', 'upper_bound', 'upper_bound', 'lower_bound', '', ''], ['target_value', 'target_value', 'upper_bound', 'upper_bound', 'lower_bound', '', '']]","[[nan, nan, nan, nan, nan, nan, nan], [0.0, 0.0, nan, nan, 4.0, nan, nan], [0.0, 0.0, 0.06, 0.0072, 7.199999999999999, nan, nan], [0.0, 0.0, 0.04, 0.00288, 10.0, nan, nan]]","[[0, 0, 0, 0, 0, 0, 0], [1, 1, 0, 0, 1, 0, 0], [1, 1, 1, 1, 1, 0, 0], [1, 1, 1, 1, 1, 0, 0]]",14.1,0.008107046341945728,0.0006865351869767153,0.09368616172942942,"[[nan, nan, nan, nan, nan, nan, nan], [nan, nan, nan, nan, nan, nan, nan], [nan, nan, nan, nan, nan, nan, nan], [0.011747421410890546, 0.012965375885664654, 0.007715108184333109, nan, 2.798868946052577e-07, nan, nan]]","[[nan, nan, nan, nan, nan, nan, nan], [nan, nan, nan, nan, nan, nan, nan], [nan, nan, nan, nan, nan, nan, nan], [0.0005291088076540985, 0.00021433920578660783, 0.0019998701540425434, nan, 2.822580423611498e-06, nan, nan]]",8024.129494973371,2530.39714825532,2530.39714825532,8024.129494973371
gmmhmm,S5SphereInspect,127,0,"['surf_dist', 'normal_err', 'speed', 'ang_speed', 'start_dist', 'goal_dist']","[0.07448508906860322, 0.2735019597134474, 0.005167278655559288, 0.06608722993185281, 0.2420060651636752, 0.17611082692742402]","[[0.02045219957117411, 0.10158489238903948, 0.007639086684378288, 0.04112343753885147, 0.16447107839562072, 0.2889733595429724], [2.5519960690154053e-06, 0.03446665184228383, 0.007639086684378288, 0.04112343753885147, 0.16447107839562072, 0.2889733595429724], [2.142984295263467e-06, 0.03961388038490169, 0.008489679879340909, 0.04112343753885147, 0.16447107839562072, 0.2889733595429724], [7.082639486080677e-07, 0.01978643539638761, 0.007639086684378288, 0.04112343753885147, 0.16447107839562072, 0.2889733595429724], [0.024115169348993562, 0.10158489238903948, 0.007639086684378288, 0.04112343753885147, 0.16447107839562072, 0.2889733595429724]]","[['', '', '', '', '', ''], ['target_value', 'target_value', '', '', '', ''], ['target_value', 'upper_bound', 'upper_bound', '', '', ''], ['lower_bound', 'lower_bound', '', '', '', ''], ['lower_bound', '', '', '', '', '']]","[[nan, nan, nan, nan, nan, nan], [2.5519960690154053e-06, 0.03446665184228383, nan, nan, nan, nan], [2.142984295263467e-06, 0.03961388038490169, 0.008489679879340909, nan, nan, nan], [7.082639486080677e-07, 0.01978643539638761, nan, nan, nan, nan], [0.024115169348993562, nan, nan, nan, nan, nan]]",[],"[[0, 0, 0, 0, 0, 0], [1, 1, 0, 0, 0, 0], [1, 1, 1, 0, 0, 0], [1, 1, 0, 0, 0, 0], [1, 0, 0, 0, 0, 0]]","[['', '', '', '', '', ''], ['target_value', 'upper_bound', 'upper_bound', '', '', ''], ['', '', '', '', '', ''], ['target_value', '', 'upper_bound', '', '', ''], ['', '', '', '', '', '']]","[[nan, nan, nan, nan, nan, nan], [0.0, 0.04, 0.00846, nan, nan, nan], [nan, nan, nan, nan, nan, nan], [0.0324, nan, 0.00846, nan, nan, nan], [nan, nan, nan, nan, nan, nan]]","[[0, 0, 0, 0, 0, 0], [1, 1, 1, 0, 0, 0], [0, 0, 0, 0, 0, 0], [1, 0, 1, 0, 0, 0], [0, 0, 0, 0, 0, 0]]",13.3,3.4261838187035434e-05,2.5519960690154053e-06,0.07929450338610484,"[[nan, nan, nan, nan, nan, nan], [3.4261838187035434e-05, nan, nan, nan, nan, nan], [nan, nan, nan, nan, nan, nan], [nan, nan, nan, nan, nan, nan], [nan, nan, nan, nan, nan, nan]]","[[nan, nan, nan, nan, nan, nan], [2.5519960690154053e-06, nan, nan, nan, nan, nan], [nan, nan, nan, nan, nan, nan], [nan, nan, nan, nan, nan, nan], [nan, nan, nan, nan, nan, nan]]",-2557.0369235045464,-1371.8952295268214,-1371.8952295268214,-2557.0369235045464
gmmhmm,S5SphereInspect,127,1,"['surf_dist', 'normal_err', 'speed', 'ang_speed', 'start_dist', 'goal_dist']","[0.07448508906860322, 0.2735019597134474, 0.005167278655559288, 0.06608722993185281, 0.2420060651636752, 0.17611082692742402]","[[6.856406443052354e-07, 0.013510017867582949, 0.007639086684378288, 0.04112343753885147, 0.16447107839562072, 0.2889733595429724], [2.5495132900052453e-06, 0.03961395000534064, 0.008481815282405599, 0.04112343753885147, 0.16447107839562072, 0.2889733595429724], [1.8565019820823703e-06, 0.039617406985972055, 0.007639086684378288, 0.04112343753885147, 0.16447107839562072, 0.2889733595429724], [0.02045219957117411, 0.10158489238903948, 0.007639086684378288, 0.04112343753885147, 0.16447107839562072, 0.2889733595429724], [0.032398108822505794, 0.10158489238903948, 0.007639086684378288, 0.04112343753885147, 0.16447107839562072, 0.2889733595429724]]","[['lower_bound', 'lower_bound', '', '', '', ''], ['target_value', 'upper_bound', 'upper_bound', '', '', ''], ['target_value', 'upper_bound', '', '', '', ''], ['', '', '', '', '', ''], ['lower_bound', '', '', '', '', '']]","[[6.856406443052354e-07, 0.013510017867582949, nan, nan, nan, nan], [2.5495132900052453e-06, 0.03961395000534064, 0.008481815282405599, nan, nan, nan], [1.8565019820823703e-06, 0.039617406985972055, nan, nan, nan, nan], [nan, nan, nan, nan, nan, nan], [0.032398108822505794, nan, nan, nan, nan, nan]]",[],"[[1, 1, 0, 0, 0, 0], [1, 1, 1, 0, 0, 0], [1, 1, 0, 0, 0, 0], [0, 0, 0, 0, 0, 0], [1, 0, 0, 0, 0, 0]]","[['', '', '', '', '', ''], ['target_value', 'upper_bound', 'upper_bound', '', '', ''], ['', '', '', '', '', ''], ['target_value', '', 'upper_bound', '', '', ''], ['', '', '', '', '', '']]","[[nan, nan, nan, nan, nan, nan], [0.0, 0.04, 0.00846, nan, nan, nan], [nan, nan, nan, nan, nan, nan], [0.0324, nan, 0.00846, nan, nan, nan], [nan, nan, nan, nan, nan, nan]]","[[0, 0, 0, 0, 0, 0], [1, 1, 1, 0, 0, 0], [0, 0, 0, 0, 0, 0], [1, 0, 1, 0, 0, 0], [0, 0, 0, 0, 0, 0]]",10.7,0.0018891827972947197,0.0001368049301183217,0.08318149488675541,"[[nan, nan, nan, nan, nan, nan], [3.422850562287788e-05, 0.001411507234038953, 0.004221812652222328, nan, nan, nan], [nan, nan, nan, nan, nan, nan], [nan, nan, nan, nan, nan, nan], [nan, nan, nan, nan, nan, nan]]","[[nan, nan, nan, nan, nan, nan], [2.5495132900052453e-06, 0.00038604999465936124, 2.1815282405598588e-05, nan, nan, nan], [nan, nan, nan, nan, nan, nan], [nan, nan, nan, nan, nan, nan], [nan, nan, nan, nan, nan, nan]]",-2945.8517871448653,-1355.640255547191,-1355.6402555471907,-2945.8517871448653
gmmhmm,S5SphereInspect,127,2,"['surf_dist', 'normal_err', 'speed', 'ang_speed', 'start_dist', 'goal_dist']","[0.07448508906860322, 0.2735019597134474, 0.005167278655559288, 0.06608722993185281, 0.2420060651636752, 0.17611082692742402]","[[0.02045219957117411, 0.10158489238903948, 0.007639086684378288, 0.04112343753885147, 0.16447107839562072, 0.2889733595429724], [2.495688013151587e-06, 0.039616174731600964, 0.008504375766428932, 0.04112343753885147, 0.16447107839562072, 0.2889733595429724], [1.7856358611387235e-06, 0.03961548593837289, 0.007639086684378288, 0.04112343753885147, 0.16447107839562072, 0.2889733595429724], [0.02045219957117411, 0.10158489238903948, 0.007639086684378288, 0.04112343753885147, 0.16447107839562072, 0.2889733595429724], [0.03239920081394526, 0.10158489238903948, 0.007639086684378288, 0.04112343753885147, 0.16447107839562072, 0.2889733595429724]]","[['', '', '', '', '', ''], ['target_value', 'upper_bound', 'upper_bound', '', '', ''], ['target_value', 'upper_bound', '', '', '', ''], ['', '', '', '', '', ''], ['lower_bound', '', '', '', '', '']]","[[nan, nan, nan, nan, nan, nan], [2.495688013151587e-06, 0.039616174731600964, 0.008504375766428932, nan, nan, nan], [1.7856358611387235e-06, 0.03961548593837289, nan, nan, nan, nan], [nan, nan, nan, nan, nan, nan], [0.03239920081394526, nan, nan, nan, nan, nan]]",[],"[[0, 0, 0, 0, 0, 0], [1, 1, 1, 0, 0, 0], [1, 1, 0, 0, 0, 0], [0, 0, 0, 0, 0, 0], [1, 0, 0, 0, 0, 0]]","[['', '', '', '', '', ''], ['target_value', 'upper_bound', 'upper_bound', '', '', ''], ['', '', '', '', '', ''], ['target_value', '', 'upper_bound', '', '', ''], ['', '', '', '', '', '']]","[[nan, nan, nan, nan, nan, nan], [0.0, 0.04, 0.00846, nan, nan, nan], [nan, nan, nan, nan, nan, nan], [0.0324, nan, 0.00846, nan, nan, nan], [nan, nan, nan, nan, nan, nan]]","[[0, 0, 0, 0, 0, 0], [1, 1, 1, 0, 0, 0], [0, 0, 0, 0, 0, 0], [1, 0, 1, 0, 0, 0], [0, 0, 0, 0, 0, 0]]",8.925,0.0033415732257535027,0.00014356557428037327,0.07975773765523822,"[[nan, nan, nan, nan, nan, nan], [3.350587405289904e-05, 0.0014033730098357493, 0.008587840793371859, nan, nan, nan], [nan, nan, nan, nan, nan, nan], [nan, nan, nan, nan, nan, nan], [nan, nan, nan, nan, nan, nan]]","[[nan, nan, nan, nan, nan, nan], [2.495688013151587e-06, 0.00038382526839903647, 4.437576642893175e-05, nan, nan, nan], [nan, nan, nan, nan, nan, nan], [nan, nan, nan, nan, nan, nan], [nan, nan, nan, nan, nan, nan]]",-2585.1483351431116,-891.7170983983538,-891.7170983983538,-2585.1483351431116
gmmhmm,S5SphereInspect,127,3,"['surf_dist', 'normal_err', 'speed', 'ang_speed', 'start_dist', 'goal_dist']","[0.07448508906860322, 0.2735019597134474, 0.005167278655559288, 0.06608722993185281, 0.2420060651636752, 0.17611082692742402]","[[0.02045219957117411, 0.10158489238903948, 0.007639086684378288, 0.04112343753885147, 0.16447107839562072, 0.2889733595429724], [4.081757251361839e-06, 0.03961758199151134, 0.008531598660826704, 0.04112343753885147, 0.16447107839562072, 0.2889733595429724], [5.752304172677858e-07, 0.021169668539540526, 0.008459709905982013, 0.04112343753885147, 0.16447107839562072, 0.2889733595429724], [0.02045219957117411, 0.10158489238903948, 0.007639086684378288, 0.04112343753885147, 0.16447107839562072, 0.2889733595429724], [0.02045219957117411, 0.10158489238903948, 0.007639086684378288, 0.04112343753885147, 0.16447107839562072, 0.2889733595429724]]","[['', '', '', '', '', ''], ['target_value', 'upper_bound', 'upper_bound', '', '', ''], ['lower_bound', 'lower_bound', 'upper_bound', '', '', ''], ['', '', '', '', '', ''], ['', '', '', '', '', '']]","[[nan, nan, nan, nan, nan, nan], [4.081757251361839e-06, 0.03961758199151134, 0.008531598660826704, nan, nan, nan], [5.752304172677858e-07, 0.021169668539540526, 0.008459709905982013, nan, nan, nan], [nan, nan, nan, nan, nan, nan], [nan, nan, nan, nan, nan, nan]]",[],"[[0, 0, 0, 0, 0, 0], [1, 1, 1, 0, 0, 0], [1, 1, 1, 0, 0, 0], [0, 0, 0, 0, 0, 0], [0, 0, 0, 0, 0, 0]]","[['', '', '', '', '', ''], ['target_value', 'upper_bound', 'upper_bound', '', '', ''], ['', '', '', '', '', ''], ['target_value', '', 'upper_bound', '', '', ''], ['', '', '', '', '', '']]","[[nan, nan, nan, nan, nan, nan], [0.0, 0.04, 0.00846, nan, nan, nan], [nan, nan, nan, nan, nan, nan], [0.0324, nan, 0.00846, nan, nan, nan], [nan, nan, nan, nan, nan, nan]]","[[0, 0, 0, 0, 0, 0], [1, 1, 1, 0, 0, 0], [0, 0, 0, 0, 0, 0], [1, 0, 1, 0, 0, 0], [0, 0, 0, 0, 0, 0]]",6.65,0.005103063798090977,0.00015269947552224288,0.07406822348365917,"[[nan, nan, nan, nan, nan, nan], [5.4799655909686924e-05, 0.0013982276722599334, 0.01385616406610331, nan, nan, nan], [nan, nan, nan, nan, nan, nan], [nan, nan, nan, nan, nan, nan], [nan, nan, nan, nan, nan, nan]]","[[nan, nan, nan, nan, nan, nan], [4.081757251361839e-06, 0.0003824180084886636, 7.159866082670323e-05, nan, nan, nan], [nan, nan, nan, nan, nan, nan], [nan, nan, nan, nan, nan, nan], [nan, nan, nan, nan, nan, nan]]",-3415.207371142717,-2018.6614784255119,-2018.6614784255119,-3415.207371142717
gmmhmm,S5SphereInspect,127,4,"['surf_dist', 'normal_err', 'speed', 'ang_speed', 'start_dist', 'goal_dist']","[0.07448508906860322, 0.2735019597134474, 0.005167278655559288, 0.06608722993185281, 0.2420060651636752, 0.17611082692742402]","[[5.130570200698181e-07, 0.0199907850812881, 0.007639086684378288, 0.04112343753885147, 0.16447107839562072, 0.2889733595429724], [5.034377355793429e-07, 0.020924960086764102, 0.008484125419699326, 0.04112343753885147, 0.16447107839562072, 0.2889733595429724], [0.032401738957505394, 0.10158489238903948, 0.007639086684378288, 0.04112343753885147, 0.16447107839562072, 0.2889733595429724], [0.02045219957117411, 0.10158489238903948, 0.007639086684378288, 0.04112343753885147, 0.16447107839562072, 0.2889733595429724], [0.02045219957117411, 0.10158489238903948, 0.007639086684378288, 0.04112343753885147, 0.16447107839562072, 0.2889733595429724]]","[['lower_bound', 'lower_bound', '', '', '', ''], ['lower_bound', 'lower_bound', 'upper_bound', '', '', ''], ['upper_bound', '', '', '', '', ''], ['', '', '', '', '', ''], ['', '', '', '', '', '']]","[[5.130570200698181e-07, 0.0199907850812881, nan, nan, nan, nan], [5.034377355793429e-07, 0.020924960086764102, 0.008484125419699326, nan, nan, nan], [0.032401738957505394, nan, nan, nan, nan, nan], [nan, nan, nan, nan, nan, nan], [nan, nan, nan, nan, nan, nan]]",[],"[[1, 1, 0, 0, 0, 0], [1, 1, 1, 0, 0, 0], [1, 0, 0, 0, 0, 0], [0, 0, 0, 0, 0, 0], [0, 0, 0, 0, 0, 0]]","[['', '', '', '', '', ''], ['target_value', 'upper_bound', 'upper_bound', '', '', ''], ['', '', '', '', '', ''], ['target_value', '', 'upper_bound', '', '', ''], ['', '', '', '', '', '']]","[[nan, nan, nan, nan, nan, nan], [0.0, 0.04, 0.00846, nan, nan, nan], [nan, nan, nan, nan, nan, nan], [0.0324, nan, 0.00846, nan, nan, nan], [nan, nan, nan, nan, nan, nan]]","[[0, 0, 0, 0, 0, 0], [1, 1, 1, 0, 0, 0], [0, 0, 0, 0, 0, 0], [1, 0, 1, 0, 0, 0], [0, 0, 0, 0, 0, 0]]",8.825,0.00466888304414739,2.412541969932548e-05,0.0727839608678096,"[[nan, nan, nan, nan, nan, nan], [nan, nan, 0.00466888304414739, nan, nan, nan], [nan, nan, nan, nan, nan, nan], [nan, nan, nan, nan, nan, nan], [nan, nan, nan, nan, nan, nan]]","[[nan, nan, nan, nan, nan, nan], [nan, nan, 2.412541969932548e-05, nan, nan, nan], [nan, nan, nan, nan, nan, nan], [nan, nan, nan, nan, nan, nan], [nan, nan, nan, nan, nan, nan]]",-3392.127653503926,-2310.9965126895427,-2310.9965126895427,-3392.127653503926
gmmhmm,S5SphereInspect,127,5,"['surf_dist', 'normal_err', 'speed', 'ang_speed', 'start_dist', 'goal_dist']","[0.07448508906860322, 0.2735019597134474, 0.005167278655559288, 0.06608722993185281, 0.2420060651636752, 0.17611082692742402]","[[0.02045219957117411, 0.10158489238903948, 0.007639086684378288, 0.04112343753885147, 0.16447107839562072, 0.2889733595429724], [0.02045219957117411, 0.10158489238903948, 0.007639086684378288, 0.04112343753885147, 0.16447107839562072, 0.2889733595429724], [2.42854871101289e-06, 0.03961716066404047, 0.00852464092023851, 0.04112343753885147, 0.16447107839562072, 0.2889733595429724], [7.049263645309001e-07, 0.021039208800441828, 0.008459713672454423, 0.04112343753885147, 0.16447107839562072, 0.2889733595429724], [0.02045219957117411, 0.10158489238903948, 0.007639086684378288, 0.04112343753885147, 0.16447107839562072, 0.2889733595429724]]","[['', '', '', '', '', ''], ['', '', '', '', '', ''], ['target_value', 'upper_bound', 'upper_bound', '', '', ''], ['lower_bound', 'lower_bound', 'upper_bound', '', '', ''], ['', '', '', '', '', '']]","[[nan, nan, nan, nan, nan, nan], [nan, nan, nan, nan, nan, nan], [2.42854871101289e-06, 0.03961716066404047, 0.00852464092023851, nan, nan, nan], [7.049263645309001e-07, 0.021039208800441828, 0.008459713672454423, nan, nan, nan], [nan, nan, nan, nan, nan, nan]]",[],"[[0, 0, 0, 0, 0, 0], [0, 0, 0, 0, 0, 0], [1, 1, 1, 0, 0, 0], [1, 1, 1, 0, 0, 0], [0, 0, 0, 0, 0, 0]]","[['', '', '', '', '', ''], ['target_value', 'upper_bound', 'upper_bound', '', '', ''], ['', '', '', '', '', ''], ['target_value', '', 'upper_bound', '', '', ''], ['', '', '', '', '', '']]","[[nan, nan, nan, nan, nan, nan], [0.0, 0.04, 0.00846, nan, nan, nan], [nan, nan, nan, nan, nan, nan], [0.0324, nan, 0.00846, nan, nan, nan], [nan, nan, nan, nan, nan, nan]]","[[0, 0, 0, 0, 0, 0], [1, 1, 1, 0, 0, 0], [0, 0, 0, 0, 0, 0], [1, 0, 1, 0, 0, 0], [0, 0, 0, 0, 0, 0]]",16.5,5.541167114527494e-05,2.863275455778497e-07,0.07936891925076324,"[[nan, nan, nan, nan, nan, nan], [nan, nan, nan, nan, nan, nan], [nan, nan, nan, nan, nan, nan], [nan, nan, 5.541167114527494e-05, nan, nan, nan], [nan, nan, nan, nan, nan, nan]]","[[nan, nan, nan, nan, nan, nan], [nan, nan, nan, nan, nan, nan], [nan, nan, nan, nan, nan, nan], [nan, nan, 2.863275455778497e-07, nan, nan, nan], [nan, nan, nan, nan, nan, nan]]",-3407.2488007838865,-1688.9776649613314,-1688.977664961331,-3407.2488007838865
gmmhmm,S5SphereInspect,127,6,"['surf_dist', 'normal_err', 'speed', 'ang_speed', 'start_dist', 'goal_dist']","[0.07448508906860322, 0.2735019597134474, 0.005167278655559288, 0.06608722993185281, 0.2420060651636752, 0.17611082692742402]","[[4.520842728436558e-07, 0.02050978430863222, 0.007639086684378288, 0.04112343753885147, 0.16447107839562072, 0.2889733595429724], [0.02045219957117411, 0.10158489238903948, 0.007639086684378288, 0.04112343753885147, 0.16447107839562072, 0.2889733595429724], [0.032361318878955006, 0.10158489238903948, 0.008295916612971658, 0.04112343753885147, 0.16447107839562072, 0.2889733595429724], [0.02045219957117411, 0.10158489238903948, 0.007639086684378288, 0.04112343753885147, 0.16447107839562072, 0.2889733595429724], [0.02045219957117411, 0.10158489238903948, 0.007639086684378288, 0.04112343753885147, 0.16447107839562072, 0.2889733595429724]]","[['lower_bound', 'lower_bound', '', '', '', ''], ['', '', '', '', '', ''], ['target_value', '', 'upper_bound', '', '', ''], ['', '', '', '', '', ''], ['', '', '', '', '', '']]","[[4.520842728436558e-07, 0.02050978430863222, nan, nan, nan, nan], [nan, nan, nan, nan, nan, nan], [0.032361318878955006, nan, 0.008295916612971658, nan, nan, nan], [nan, nan, nan, nan, nan, nan], [nan, nan, nan, nan, nan, nan]]",[],"[[1, 1, 0, 0, 0, 0], [0, 0, 0, 0, 0, 0], [1, 0, 1, 0, 0, 0], [0, 0, 0, 0, 0, 0], [0, 0, 0, 0, 0, 0]]","[['', '', '', '', '', ''], ['target_value', 'upper_bound', 'upper_bound', '', '', ''], ['', '', '', '', '', ''], ['target_value', '', 'upper_bound', '', '', ''], ['', '', '', '', '', '']]","[[nan, nan, nan, nan, nan, nan], [0.0, 0.04, 0.00846, nan, nan, nan], [nan, nan, nan, nan, nan, nan], [0.0324, nan, 0.00846, nan, nan, nan], [nan, nan, nan, nan, nan, nan]]","[[0, 0, 0, 0, 0, 0], [1, 1, 1, 0, 0, 0], [0, 0, 0, 0, 0, 0], [1, 0, 1, 0, 0, 0], [0, 0, 0, 0, 0, 0]]",14.5,nan,nan,0.07855038212017205,"[[nan, nan, nan, nan, nan, nan], [nan, nan, nan, nan, nan, nan], [nan, nan, nan, nan, nan, nan], [nan, nan, nan, nan, nan, nan], [nan, nan, nan, nan, nan, nan]]","[[nan, nan, nan, nan, nan, nan], [nan, nan, nan, nan, nan, nan], [nan, nan, nan, nan, nan, nan], [nan, nan, nan, nan, nan, nan], [nan, nan, nan, nan, nan, nan]]",-3481.0553486550752,-2350.390490201478,-2350.390490201478,-3481.0553486550752
gmmhmm,S5SphereInspect,127,7,"['surf_dist', 'normal_err', 'speed', 'ang_speed', 'start_dist', 'goal_dist']","[0.07448508906860322, 0.2735019597134474, 0.005167278655559288, 0.06608722993185281, 0.2420060651636752, 0.17611082692742402]","[[0.02045219957117411, 0.10158489238903948, 0.007639086684378288, 0.04112343753885147, 0.16447107839562072, 0.2889733595429724], [2.4445665115779835e-07, 0.10158489238903948, 0.007639086684378288, 0.04112343753885147, 0.16447107839562072, 0.2889733595429724], [2.556058666367683e-06, 0.10158489238903948, 0.00848686401657718, 0.04112343753885147, 0.16447107839562072, 0.2889733595429724], [0.02045219957117411, 0.10158489238903948, 0.007639086684378288, 0.04112343753885147, 0.16447107839562072, 0.2889733595429724], [0.02045219957117411, 0.10158489238903948, 0.007639086684378288, 0.04112343753885147, 0.16447107839562072, 0.2889733595429724]]","[['', '', '', '', '', ''], ['lower_bound', '', '', '', '', ''], ['target_value', '', 'upper_bound', '', '', ''], ['', '', '', '', '', ''], ['', '', '', '', '', '']]","[[nan, nan, nan, nan, nan, nan], [2.4445665115779835e-07, nan, nan, nan, nan, nan], [2.556058666367683e-06, nan, 0.00848686401657718, nan, nan, nan], [nan, nan, nan, nan, nan, nan], [nan, nan, nan, nan, nan, nan]]",[],"[[0, 0, 0, 0, 0, 0], [1, 0, 0, 0, 0, 0], [1, 0, 1, 0, 0, 0], [0, 0, 0, 0, 0, 0], [0, 0, 0, 0, 0, 0]]","[['', '', '', '', '', ''], ['target_value', 'upper_bound', 'upper_bound', '', '', ''], ['', '', '', '', '', ''], ['target_value', '', 'upper_bound', '', '', ''], ['', '', '', '', '', '']]","[[nan, nan, nan, nan, nan, nan], [0.0, 0.04, 0.00846, nan, nan, nan], [nan, nan, nan, nan, nan, nan], [0.0324, nan, 0.00846, nan, nan, nan], [nan, nan, nan, nan, nan, nan]]","[[0, 0, 0, 0, 0, 0], [1, 1, 1, 0, 0, 0], [0, 0, 0, 0, 0, 0], [1, 0, 1, 0, 0, 0], [0, 0, 0, 0, 0, 0]]",13.7,nan,nan,0.07574935296573201,"[[nan, nan, nan, nan, nan, nan], [nan, nan, nan, nan, nan, nan], [nan, nan, nan, nan, nan, nan], [nan, nan, nan, nan, nan, nan], [nan, nan, nan, nan, nan, nan]]","[[nan, nan, nan, nan, nan, nan], [nan, nan, nan, nan, nan, nan], [nan, nan, nan, nan, nan, nan], [nan, nan, nan, nan, nan, nan], [nan, nan, nan, nan, nan, nan]]",-3547.72612244059,-1493.962328577473,-1493.962328577473,-3547.72612244059
gmmhmm,S5SphereInspect,127,8,"['surf_dist', 'normal_err', 'speed', 'ang_speed', 'start_dist', 'goal_dist']","[0.07448508906860322, 0.2735019597134474, 0.005167278655559288, 0.06608722993185281, 0.2420060651636752, 0.17611082692742402]","[[5.034301089439086e-07, 0.016825367341969905, 0.007639086684378288, 0.04112343753885147, 0.16447107839562072, 0.2889733595429724], [4.4009426636640314e-07, 0.020693579339288587, 0.008486869465412772, 0.04112343753885147, 0.16447107839562072, 0.2889733595429724], [0.03240073892990593, 0.10158489238903948, 0.007639086684378288, 0.04112343753885147, 0.16447107839562072, 0.2889733595429724], [0.02045219957117411, 0.10158489238903948, 0.007639086684378288, 0.04112343753885147, 0.16447107839562072, 0.2889733595429724], [0.02045219957117411, 0.10158489238903948, 0.007639086684378288, 0.04112343753885147, 0.16447107839562072, 0.2889733595429724]]","[['lower_bound', 'lower_bound', '', '', '', ''], ['lower_bound', 'lower_bound', 'upper_bound', '', '', ''], ['upper_bound', '', '', '', '', ''], ['', '', '', '', '', ''], ['', '', '', '', '', '']]","[[5.034301089439086e-07, 0.016825367341969905, nan, nan, nan, nan], [4.4009426636640314e-07, 0.020693579339288587, 0.008486869465412772, nan, nan, nan], [0.03240073892990593, nan, nan, nan, nan, nan], [nan, nan, nan, nan, nan, nan], [nan, nan, nan, nan, nan, nan]]",[],"[[1, 1, 0, 0, 0, 0], [1, 1, 1, 0, 0, 0], [1, 0, 0, 0, 0, 0], [0, 0, 0, 0, 0, 0], [0, 0, 0, 0, 0, 0]]","[['', '', '', '', '', ''], ['target_value', 'upper_bound', 'upper_bound', '', '', ''], ['', '', '', '', '', ''], ['target_value', '', 'upper_bound', '', '', ''], ['', '', '', '', '', '']]","[[nan, nan, nan, nan, nan, nan], [0.0, 0.04, 0.00846, nan, nan, nan], [nan, nan, nan, nan, nan, nan], [0.0324, nan, 0.00846, nan, nan, nan], [nan, nan, nan, nan, nan, nan]]","[[0, 0, 0, 0, 0, 0], [1, 1, 1, 0, 0, 0], [0, 0, 0, 0, 0, 0], [1, 0, 1, 0, 0, 0], [0, 0, 0, 0, 0, 0]]",6.35,0.005199925764379569,2.6869465412771368e-05,0.07214610210989035,"[[nan, nan, nan, nan, nan, nan], [nan, nan, 0.005199925764379569, nan, nan, nan], [nan, nan, nan, nan, nan, nan], [nan, nan, nan, nan, nan, nan], [nan, nan, nan, nan, nan, nan]]","[[nan, nan, nan, nan, nan, nan], [nan, nan, 2.6869465412771368e-05, nan, nan, nan], [nan, nan, nan, nan, nan, nan], [nan, nan, nan, nan, nan, nan], [nan, nan, nan, nan, nan, nan]]",-2988.2304692291195,-1976.853163133671,-1976.853163133671,-2988.2304692291195
gmmhmm,S5SphereInspect,127,9,"['surf_dist', 'normal_err', 'speed', 'ang_speed', 'start_dist', 'goal_dist']","[0.07448508906860322, 0.2735019597134474, 0.005167278655559288, 0.06608722993185281, 0.2420060651636752, 0.17611082692742402]","[[0.02045219957117411, 0.10158489238903948, 0.007639086684378288, 0.04112343753885147, 0.16447107839562072, 0.2889733595429724], [7.303461190683036e-07, 0.10158489238903948, 0.007639086684378288, 0.04112343753885147, 0.16447107839562072, 0.2889733595429724], [5.393115999167974e-07, 0.020845179166731898, 0.008495948309944787, 0.04112343753885147, 0.16447107839562072, 0.2889733595429724], [0.03299398084955968, 0.10158489238903948, 0.008296470497926547, 0.04112343753885147, 0.16447107839562072, 0.2889733595429724], [0.02045219957117411, 0.10158489238903948, 0.007639086684378288, 0.04112343753885147, 0.16447107839562072, 0.2889733595429724]]","[['', '', '', '', '', ''], ['lower_bound', '', '', '', '', ''], ['lower_bound', 'lower_bound', 'upper_bound', '', '', ''], ['target_value', '', 'upper_bound', '', '', ''], ['', '', '', '', '', '']]","[[nan, nan, nan, nan, nan, nan], [7.303461190683036e-07, nan, nan, nan, nan, nan], [5.393115999167974e-07, 0.020845179166731898, 0.008495948309944787, nan, nan, nan], [0.03299398084955968, nan, 0.008296470497926547, nan, nan, nan], [nan, nan, nan, nan, nan, nan]]",[],"[[0, 0, 0, 0, 0, 0], [1, 0, 0, 0, 0, 0], [1, 1, 1, 0, 0, 0], [1, 0, 1, 0, 0, 0], [0, 0, 0, 0, 0, 0]]","[['', '', '', '', '', ''], ['target_value', 'upper_bound', 'upper_bound', '', '', ''], ['', '', '', '', '', ''], ['target_value', '', 'upper_bound', '', '', ''], ['', '', '', '', '', '']]","[[nan, nan, nan, nan, nan, nan], [0.0, 0.04, 0.00846, nan, nan, nan], [nan, nan, nan, nan, nan, nan], [0.0324, nan, 0.00846, nan, nan, nan], [nan, nan, nan, nan, nan, nan]]","[[0, 0, 0, 0, 0, 0], [1, 1, 1, 0, 0, 0], [0, 0, 0, 0, 0, 0], [1, 0, 1, 0, 0, 0], [0, 0, 0, 0, 0, 0]]",9.375,0.01981080808132679,0.00037875517581656675,0.07202725699565377,"[[nan, nan, nan, nan, nan, nan], [nan, nan, nan, nan, nan, nan], [nan, nan, nan, nan, nan, nan], [0.007974493378300246, nan, 0.03164712278435334, nan, nan, nan], [nan, nan, nan, nan, nan, nan]]","[[nan, nan, nan, nan, nan, nan], [nan, nan, nan, nan, nan, nan], [nan, nan, nan, nan, nan, nan], [0.0005939808495596804, nan, 0.00016352950207345306, nan, nan, nan], [nan, nan, nan, nan, nan, nan]]",-3403.3505685698974,-2363.067797515504,-2363.067797515504,-3403.3505685698974
