method,half_t_scale_quantile,selection_objective,observation_noise_scale,cut_fraction,cut_n,mean_cut_n,cut_counts,true_cut_fraction,true_cut_n,true_cut_fraction_mean,true_cut_fraction_std,true_cut_counts,stage1_score,stage2_score,stage1_direction,stage2_direction,merged_direction,stage1_gain,stage2_gain,split_gain_sum,split_gain_weighted_mean,merged_gain,split_score_sum,split_score_weighted_mean,merged_score,stage1_activation_margin,stage2_activation_margin,stage1_total_margin,stage2_total_margin,split_total_margin,split_activation_margin_sum,split_activation_margin,merged_activation_margin,merged_total_margin,stage1_selected_active,stage2_selected_active,merged_selected_active,stage1_selected_nll,stage2_selected_nll,merged_selected_nll,stage1_selected_loglik,stage2_selected_loglik,split_selected_nll_sum,split_selected_nll_weighted_mean,split_selected_loglik,merged_selected_loglik,stage1_active_loglik,stage2_active_loglik,split_active_loglik,merged_active_loglik,selection_value,stage1_active_nll,stage2_active_nll,stage1_baseline_nll,stage2_baseline_nll,stage1_b,stage2_b,stage1_slack_scale,stage2_slack_scale,stage1_slack_scale_raw,stage2_slack_scale_raw,stage1_baseline_scale,stage2_baseline_scale,stage1_baseline_fit,stage2_baseline_fit,stage1_n,stage2_n,stage1_n_used,stage2_n_used
seg_q05,0.9,active-loglik,0.03,0.06172839506172839,5,5.0,5,0.16049382716049382,13,0.16049382716049382,0.0,13,-0.40920439161654154,1.156379350457438,lower,lower,lower,0.40920439161654154,-1.156379350457438,-85.83880867668259,-1.0597383787244765,-0.7031337244849345,85.83880867668259,1.0597383787244765,0.7031337244849345,0.2592043916165415,0.0,1.2960219580827075,0.0,1.2960219580827075,1.2960219580827075,0.016000271087440832,0.0,0.0,1,0,0,-0.6755639227190208,2.1921200392744904,2.571889800700079,3.3778196135951037,-166.60112298486126,163.22330337126616,2.0151025107563725,-163.22330337126616,-208.32307385670643,3.3778196135951037,0.0,3.3778196135951037,0.0,3.3778196135951037,-0.6755639227190208,3.3484993897319284,-0.26635953110247923,2.1921200392744904,-4.85679276149372,-4.590225303327156,0.18760017483883593,5.500275995166555,0.18760017483883593,5.500275995166555,0.17127648726364464,1.1639051106748781,mle,mle,5,76,5,76
seg_q05,0.9,active-loglik,0.03,0.07407407407407407,6,6.0,6,0.16049382716049382,13,0.16049382716049382,0.0,13,-0.46663344199560863,1.282247142444537,lower,lower,lower,0.46663344199560863,-1.282247142444537,-93.36873503136661,-1.1527004324860075,-0.7031337244849345,93.36873503136661,1.1527004324860075,0.7031337244849345,0.3166334419956086,0.0,1.8998006519736517,0.0,1.8998006519736517,1.8998006519736517,0.023454329036711748,0.0,0.0,1,0,0,-0.7859495239055954,2.0733037634349096,2.571889800700079,4.715697143433572,-155.4977822576182,150.78208511418464,1.861507223631909,-150.78208511418464,-208.32307385670643,4.715697143433572,0.0,4.715697143433572,0.0,4.715697143433572,-0.7859495239055954,3.3555509058794466,-0.3193160819099867,2.0733037634349096,-4.85679276149372,-4.501369483938301,0.18760017483883593,5.454362191079388,0.18760017483883593,5.454362191079388,0.1591952226232508,1.0071756716852756,mle,mle,6,75,6,75
seg_q05,0.9,active-loglik,0.03,0.08641975308641975,7,7.0,7,0.16049382716049382,13,0.16049382716049382,0.0,13,-0.48467139738903864,1.4191211166778777,lower,lower,lower,0.48467139738903864,-1.4191211166778777,-101.62226285243968,-1.2545958376844404,-0.7031337244849345,101.62226285243968,1.2545958376844404,0.7031337244849345,0.3346713973890386,0.0,2.34269978172327,0.0,2.34269978172327,2.34269978172327,0.02892221952744778,0.0,0.0,1,0,0,-0.8647963818960057,1.9389942573127028,2.571889800700079,6.05357467327204,-143.48557504114,137.43200036786797,1.6966913625662712,-137.43200036786797,-208.32307385670643,6.05357467327204,0.0,6.05357467327204,0.0,6.05357467327204,-0.8647963818960057,3.3581153739905805,-0.3801249845069671,1.9389942573127028,-4.85679276149372,-4.096173065887617,0.18760017483883593,5.241476904353951,0.18760017483883593,5.241476904353951,0.145839374210525,0.882357898685975,mle,mle,7,74,7,74
seg_q05,0.9,active-loglik,0.03,0.09876543209876543,8,8.0,8,0.16049382716049382,13,0.16049382716049382,0.0,13,-0.4344619278590256,1.5567212342296184,lower,lower,lower,0.4344619278590256,-1.5567212342296184,-110.16495467588993,-1.3600611688381472,-0.7031337244849345,110.16495467588993,1.3600611688381472,0.7031337244849345,0.2844619278590256,0.0,2.2756954228722046,0.0,2.2756954228722046,2.2756954228722046,0.028095005220644502,0.0,0.0,1,0,0,-0.7169585231639862,1.7934860758878788,2.571889800700079,5.73566818531189,-130.92448353981516,125.18881535450326,1.5455409303025094,-125.18881535450326,-208.32307385670643,5.73566818531189,0.0,5.73566818531189,0.0,5.73566818531189,-0.7169585231639862,3.350207310117497,-0.28249659530496063,1.7934860758878788,-4.85679276149372,-2.4775500477197685,0.18760017483883593,4.388118534656114,0.18760017483883593,4.388118534656114,0.1675481332115722,0.7834779117632321,mle,mle,8,73,8,73
seg_q05,0.9,active-loglik,0.03,0.1111111111111111,9,9.0,9,0.16049382716049382,13,0.16049382716049382,0.0,13,-0.3547393018186237,1.9557172140499075,lower,lower,lower,0.3547393018186237,-1.9557172140499075,-137.61898569522575,-1.6989998233978487,-0.7031337244849345,137.61898569522575,1.6989998233978487,0.7031337244849345,0.20473930181862368,0.0,1.842653716367613,0.0,1.842653716367613,1.842653716367613,0.02274881131318041,0.0,0.0,1,0,0,-0.601973521927971,1.6334759560065018,2.571889800700079,5.4177616973517395,-117.61026883246812,112.19250713511639,1.385092680680449,-112.19250713511639,-208.32307385670643,5.4177616973517395,0.0,5.4177616973517395,0.0,5.4177616973517395,-0.601973521927971,3.5891931700564093,-0.24723422010934737,1.6334759560065018,-4.85679276149372,1.810357311439296,0.18760017483883593,2.1258535437918025,0.18760017483883593,2.1258535437918025,0.1757507700276289,0.7036222532475669,mle,mle,9,72,9,72
seg_q05,0.9,active-loglik,0.03,0.12345679012345678,10,10.0,10,0.16049382716049382,13,0.16049382716049382,0.0,13,-0.40920439161654143,3.9297391136022286,lower,lower,lower,0.40920439161654143,-3.9297391136022286,-274.9194331495928,-3.3940670759208986,-0.7031337244849345,274.9194331495928,3.3940670759208986,0.7031337244849345,0.2592043916165414,0.0,2.592043916165414,0.0,2.592043916165414,2.592043916165414,0.03200054217488166,0.0,0.0,1,0,0,-0.6755639227190209,1.455194180910557,2.571889800700079,6.755639227190208,-103.31878684464955,96.56314761745935,1.1921376249069056,-96.56314761745935,-208.32307385670643,6.755639227190208,0.0,6.755639227190208,0.0,6.755639227190208,-0.6755639227190209,5.384933294512786,-0.26635953110247945,1.455194180910557,-4.85679276149372,4.5547686062829795,0.18760017483883593,0.6782795138577903,0.18760017483883593,0.6782795138577903,0.17127648651873015,0.6377164433721599,mle,mle,10,71,10,71
seg_q05,0.9,active-loglik,0.03,0.13580246913580246,11,11.0,11,0.16049382716049382,13,0.16049382716049382,0.0,13,-0.4445350866526449,2.185228049759895,lower,lower,lower,0.4445350866526449,-2.185228049759895,-148.07607753001355,-1.8280997225927598,-0.7031337244849345,148.07607753001355,1.8280997225927598,0.7031337244849345,0.29453508665264494,0.0,3.2398859531790944,0.0,3.2398859531790944,3.2398859531790944,0.03999859201455672,0.0,0.0,1,0,0,-0.7357742506389706,1.2627236459093987,2.571889800700079,8.093516757028677,-88.39065521365791,80.29713845662923,0.9913226969954225,-80.29713845662923,-208.32307385670643,8.093516757028677,0.0,8.093516757028677,0.0,8.093516757028677,-0.7357742506389706,3.4479516956692935,-0.2912391639863257,1.2627236459093987,-4.85679276149372,4.5547686062829795,0.18760017483883593,0.6862624892145308,0.18760017483883593,0.6862624892145308,0.16554566807946108,0.5824143214143568,mle,mle,11,70,11,70
seg_q05,0.9,active-loglik,0.03,0.14814814814814814,12,12.0,12,0.16049382716049382,13,0.16049382716049382,0.0,13,-0.3726689485660884,0.6378425188204695,lower,lower,lower,0.3726689485660884,-0.6378425188204695,-39.53910641581934,-0.4881371162446832,-0.7031337244849345,39.53910641581934,0.4881371162446832,0.7031337244849345,0.2226689485660884,0.0,2.6720273827930607,0.0,2.6720273827930607,2.6720273827930607,0.03298799238016124,0.0,0.0,1,0,0,-0.25696118218019076,1.068142353969642,2.571889800700079,3.0835341861622894,-73.7018224239053,70.618288237743,0.8718307189844815,-70.618288237743,-208.32307385670643,3.0835341861622894,0.0,3.0835341861622894,0.0,3.0835341861622894,-0.25696118218019076,1.7059848727901115,0.11570776638589764,1.068142353969642,-4.85679276149372,4.5547686062829795,0.18760017483883593,0.6942454645712712,0.18760017483883593,0.6942454645712712,0.2257877874172837,0.5353977328595346,mle,mle,12,69,12,69
seg_q05,0.9,active-loglik,0.03,0.16049382716049382,13,13.0,13,0.16049382716049382,13,0.16049382716049382,0.0,13,-0.5019713444730372,-0.45256303497106487,lower,lower,lower,0.5019713444730372,0.45256303497106487,37.299913856181895,0.4604927636565666,-0.7031337244849345,-37.299913856181895,-0.4604927636565666,0.7031337244849345,0.35197134447303713,0.30256303497106485,4.575627478149483,20.57428637803241,25.149913856181893,25.149913856181893,0.3104927636565666,0.0,0.0,1,1,0,0.46815028401559283,0.44275358765850714,2.571889800700079,-6.085953692202707,-30.107243960778487,36.19319765298119,0.4468296006540888,-36.19319765298119,-208.32307385670643,-6.085953692202707,-30.107243960778487,-36.19319765298119,0.0,-36.19319765298119,0.46815028401559283,0.44275358765850714,0.9701216284886299,0.895316622629572,-4.85679276149372,4.5547686062829795,0.450826668805578,0.7022284399280116,0.450826668805578,0.7022284399280116,0.3855839685376557,0.49543590912630714,mle,mle,13,68,13,68
seg_q05,0.9,active-loglik,0.03,0.1728395061728395,14,14.0,14,0.16049382716049382,13,0.16049382716049382,0.0,13,-0.5203185709331524,-0.4494781600529619,lower,lower,lower,0.5203185709331524,0.4494781600529619,37.39949671661258,0.4617221816865751,-0.7031337244849345,-37.39949671661258,-0.4617221816865751,0.7031337244849345,0.37031857093315235,0.2994781600529619,5.184459993064133,20.06503672354845,25.249496716612583,25.249496716612583,0.3117221816865751,0.0,0.0,1,1,0,1.4408778508700844,0.4526995018969309,2.571889800700079,-20.17228991218118,-30.330866627094373,50.50315653927555,0.6234957597441426,-50.50315653927555,-208.32307385670643,-20.17228991218118,-30.330866627094373,-50.50315653927555,0.0,-50.50315653927555,1.4408778508700844,0.4526995018969309,1.9611964218032367,0.9021776619498928,-4.85679276149372,4.5547686062829795,1.3790134802088485,0.7102114152847515,1.3790134802088485,0.7102114152847515,0.9045887343996428,0.5002791325521261,mle,mle,14,67,14,67
seg_q05,0.9,active-loglik,0.03,0.18518518518518517,15,15.0,15,0.16049382716049382,13,0.16049382716049382,0.0,13,-0.4176929530094595,-0.44632657565815936,lower,lower,lower,0.4176929530094595,0.44632657565815936,35.72294828858041,0.4410240529454372,-0.7031337244849345,-35.72294828858041,-0.4410240529454372,0.7031337244849345,0.2676929530094595,0.29632657565815934,4.015394295141893,19.557553993438518,23.57294828858041,23.57294828858041,0.29102405294543715,0.0,0.0,1,1,0,2.023684784679515,0.46269072610458384,2.571889800700079,-30.355271770192726,-30.53758792290253,60.89285969309526,0.7517636999147563,-60.89285969309526,-208.32307385670643,-30.355271770192726,-30.53758792290253,-60.89285969309526,0.0,-60.89285969309526,2.023684784679515,0.46269072610458384,2.4413777376889745,0.9090173017627432,-4.85679276149372,4.5547686062829795,3.6800186820558833,0.718194390641492,3.6800186820558833,0.718194390641492,1.906801301179824,0.5051314739484923,mle,mle,15,66,15,66
seg_q05,0.9,active-loglik,0.03,0.19753086419753085,16,16.0,16,0.16049382716049382,13,0.16049382716049382,0.0,13,-0.3960840491785613,-0.4431011881049144,lower,lower,lower,0.3960840491785613,0.4431011881049144,35.13892201367642,0.43381385202069656,-0.7031337244849345,-35.13892201367642,-0.43381385202069656,0.7031337244849345,0.24608404917856133,0.29310118810491437,3.9373447868569813,19.051577226819433,22.988922013676415,22.988922013676415,0.2838138520206965,0.0,0.0,1,1,0,2.2664800045798454,0.4727308527556431,2.571889800700079,-36.26368007327753,-30.7275054291168,66.99118550239433,0.8270516728690658,-66.99118550239433,-208.32307385670643,-36.26368007327753,-30.7275054291168,-66.99118550239433,0.0,-66.99118550239433,2.2664800045798454,0.4727308527556431,2.6625640537584068,0.9158320408605575,-4.85679276149372,4.5547686062829795,4.967627810550599,0.7261773659982325,4.967627810550599,0.7261773659982325,2.7724618367488567,0.5099902123531422,mle,mle,16,65,16,65
seg_q05,0.9,active-loglik,0.03,0.20987654320987653,17,17.0,17,0.16049382716049382,13,0.16049382716049382,0.0,13,-0.4388163813907826,-0.43979424862346056,lower,lower,lower,0.4388163813907826,0.43979424862346056,35.60671039554478,0.4395890172289479,-0.7031337244849345,-35.60671039554478,-0.4395890172289479,0.7031337244849345,0.2888163813907826,0.2897942486234606,4.909878483643304,18.546831911901478,23.456710395544782,23.456710395544782,0.2895890172289479,0.0,0.0,1,1,0,2.344586546831478,0.4828237232925215,2.571889800700079,-39.857971296135126,-30.900718290721375,70.7586895868565,0.8735640689735371,-70.7586895868565,-208.32307385670643,-39.857971296135126,-30.900718290721375,-70.7586895868565,0.0,-70.7586895868565,2.344586546831478,0.4828237232925215,2.7834029282222605,0.922617971915982,-4.85679276149372,4.5547686062829795,4.967627810550599,0.7341603413549729,4.967627810550599,0.7341603413549729,3.3456746809275586,0.5148522075202726,mle,mle,17,64,17,64
seg_q05,0.9,active-loglik,0.03,0.2222222222222222,18,18.0,18,0.16049382716049382,13,0.16049382716049382,0.0,13,-0.4440386975452748,-0.4363972890902907,lower,lower,lower,0.4440386975452748,0.4363972890902907,35.48572576850326,0.4380953798580649,-0.7031337244849345,-35.48572576850326,-0.4380953798580649,0.7031337244849345,0.2940386975452748,0.2863972890902907,5.292696555814946,18.043029212688314,23.33572576850326,23.33572576850326,0.28809537985806494,0.0,0.0,1,1,0,2.4140145843884846,0.49297344518570746,2.571889800700079,-43.452262518992725,-31.05732704669957,74.5095895656923,0.9198714761196579,-74.5095895656923,-208.32307385670643,-43.452262518992725,-31.05732704669957,-74.5095895656923,0.0,-74.5095895656923,2.4140145843884846,0.49297344518570746,2.8580532819337594,0.9293707342759981,-4.85679276149372,4.5547686062829795,4.967627810550599,0.7421433167117134,4.967627810550599,0.7421433167117134,3.7312315240814686,0.5197141690568607,mle,mle,18,63,18,63
seg_q05,0.9,active-loglik,0.03,0.2345679012345679,19,19.0,19,0.16049382716049382,13,0.16049382716049382,0.0,13,-0.43102640175840934,-0.4329010495338591,lower,lower,lower,0.43102640175840934,0.4329010495338591,35.029366704509044,0.43246131733961785,-0.7031337244849345,-35.029366704509044,-0.43246131733961785,0.7031337244849345,0.2810264017584093,0.2829010495338591,5.339501633409777,17.539865071099264,22.879366704509042,22.879366704509042,0.2824613173396178,0.0,0.0,1,1,0,2.4761344074658065,0.5031844108176967,2.571889800700079,-47.046553741850325,-31.197433470697195,78.24398721254752,0.9659751507721916,-78.24398721254752,-208.32307385670643,-47.046553741850325,-31.197433470697195,-78.24398721254752,0.0,-78.24398721254752,2.4761344074658065,0.5031844108176967,2.907160809224216,0.9360854603515558,-4.85679276149372,4.5547686062829795,4.967627810550599,0.7501262920684532,4.967627810550599,0.7501262920684532,3.99788854126542,0.5245720873439316,mle,mle,19,62,19,62
seg_q05,0.9,active-loglik,0.03,0.24691358024691357,20,20.0,20,0.16049382716049382,13,0.16049382716049382,0.0,13,-0.408400608622677,-0.4292953962035604,lower,lower,lower,0.408400608622677,0.4292953962035604,34.355031340870724,0.4241361893934657,-0.7031337244849345,-34.355031340870724,-0.4241361893934657,0.7031337244849345,0.258400608622677,0.27929539620356036,5.16801217245354,17.03701916841718,22.205031340870722,22.205031340870722,0.2741361893934657,0.0,0.0,1,1,0,2.5320422482353964,0.5134613183898298,2.571889800700079,-50.640844964707924,-31.321140421779617,81.96198538648754,1.0118763627961425,-81.96198538648754,-208.32307385670643,-50.640844964707924,-31.321140421779617,-81.96198538648754,0.0,-81.96198538648754,2.5320422482353964,0.5134613183898298,2.9404428568580734,0.9427567145933902,-4.85679276149372,4.5547686062829795,4.967627810550599,0.7581092674251937,4.967627810550599,0.7581092674251937,4.184576502144838,0.5294215025606066,mle,mle,20,61,20,61
seg_q05,0.9,active-loglik,0.03,0.25925925925925924,21,21.0,21,0.16049382716049382,13,0.16049382716049382,0.0,13,-0.38052700434001885,-0.43272526123240085,lower,lower,lower,0.38052700434001885,0.43272526123240085,33.954582765084446,0.41919237981585733,-0.7031337244849345,-33.954582765084446,-0.41919237981585733,0.7031337244849345,0.23052700434001885,0.2827252612324008,4.841067091140396,16.96351567394405,21.804582765084444,21.804582765084444,0.2691923798158573,0.0,0.0,1,1,0,2.5861472297394155,0.5201259497583075,2.571889800700079,-54.30909182452773,-31.20755698549845,85.51664881002617,1.055761096420076,-85.51664881002617,-208.32307385670643,-54.30909182452773,-31.20755698549845,-85.51664881002617,0.0,-85.51664881002617,2.5861472297394155,0.5201259497583075,2.9666742340794343,0.9528512109907084,-4.85679276149372,4.5547686062829795,4.967627810550599,0.7585678368873787,4.967627810550599,0.7585678368873787,4.32978570011431,0.5360590822789962,mle,mle,21,60,21,60
seg_q05,0.9,active-loglik,0.03,0.2716049382716049,22,22.0,22,0.16049382716049382,13,0.16049382716049382,0.0,13,-0.3489720495529198,-0.43803846360741594,lower,lower,lower,0.3489720495529198,0.43803846360741594,33.52165444300178,0.41384758571607133,-0.7031337244849345,-33.52165444300178,-0.41384758571607133,0.7031337244849345,0.19897204955291983,0.2880384636074159,4.377385090164236,16.994269352837538,21.371654443001773,21.371654443001773,0.26384758571607125,0.0,0.0,1,1,0,2.643023770138796,0.5173208405264806,2.571889800700079,-58.14652294305352,-30.521929591062356,88.66845253411587,1.0946722535076034,-88.66845253411587,-208.32307385670643,-58.14652294305352,-30.521929591062356,-88.66845253411587,0.0,-88.66845253411587,2.643023770138796,0.5173208405264806,2.991995819691716,0.9553593041338966,-4.85679276149372,4.5547686062829795,4.967627810550599,0.7590264063495636,4.967627810550599,0.7590264063495636,4.462336568387402,0.5350794159378275,mle,mle,22,59,22,59
seg_q05,0.9,active-loglik,0.03,0.2839506172839506,23,23.0,23,0.16049382716049382,13,0.16049382716049382,0.0,13,-0.31925743702359544,-0.4381402362395326,lower,lower,lower,0.31925743702359544,0.4381402362395326,32.75505475343559,0.4043833920177233,-0.7031337244849345,-32.75505475343559,-0.4043833920177233,0.7031337244849345,0.16925743702359544,0.28814023623953255,3.8929210515426953,16.71213370189289,20.605054753435585,20.605054753435585,0.25438339201772325,0.0,0.0,1,1,0,2.6954905123573814,0.5028992534769977,2.571889800700079,-61.99628178421977,-29.16815670166587,91.16443848588564,1.125486894887477,-91.16443848588564,-208.32307385670643,-61.99628178421977,-29.16815670166587,-91.16443848588564,0.0,-91.16443848588564,2.6954905123573814,0.5028992534769977,3.014747949380977,0.9410394897165303,-4.85679276149372,4.5547686062829795,5.075555046459978,0.7594849758117486,5.075555046459978,0.7594849758117486,4.5779063422558615,0.5224231146834456,mle,mle,23,58,23,58
seg_q05,0.9,active-loglik,0.03,0.2962962962962963,24,24.0,24,0.16049382716049382,13,0.16049382716049382,0.0,13,-0.2960414159857434,-0.45306644822356124,lower,lower,lower,0.2960414159857434,0.45306644822356124,32.92978153240083,0.40654051274568925,-0.7031337244849345,-32.92978153240083,-0.40654051274568925,0.7031337244849345,0.1460414159857434,0.3030664482235612,3.504993983657842,17.27478754874299,20.779781532400833,20.779781532400833,0.2565405127456893,0.0,0.0,1,1,0,2.7373377107896517,0.4606584795765978,2.571889800700079,-65.69610505895164,-26.257533335866075,91.95363839481772,1.135230103639725,-91.95363839481772,-208.32307385670643,-65.69610505895164,-26.257533335866075,-91.95363839481772,0.0,-91.95363839481772,2.7373377107896517,0.4606584795765978,3.033379126775395,0.913724927800159,-4.85679276149372,4.5547686062829795,5.31593473155183,0.7102114152847515,5.31593473155183,0.7102114152847515,4.671232815506158,0.5027059469117591,mle,mle,24,57,24,57
seg_q05,0.9,active-loglik,0.03,0.30864197530864196,25,25.0,25,0.16049382716049382,13,0.16049382716049382,0.0,13,-0.27380883027946723,-0.4626071629382252,lower,lower,lower,0.27380883027946723,0.4626071629382252,32.751221881527286,0.404336072611448,-0.7031337244849345,-32.751221881527286,-0.404336072611448,0.7031337244849345,0.12380883027946724,0.3126071629382252,3.0952207569866808,17.50600112454061,20.60122188152729,20.60122188152729,0.254336072611448,0.0,0.0,1,1,0,2.772856414374031,0.42017866013304445,2.571889800700079,-69.32141035935078,-23.530004967450488,92.85141532680126,1.1463137694666823,-92.85141532680126,-208.32307385670643,-69.32141035935078,-23.530004967450488,-92.85141532680126,0.0,-92.85141532680126,2.772856414374031,0.42017866013304445,3.0466652446534983,0.8827858230712696,-4.85679276149372,4.5547686062829795,5.538413427477795,0.673348315745082,5.538413427477795,0.673348315745082,4.737251625444799,0.4812179978626961,mle,mle,25,56,25,56
seg_q05,0.9,active-loglik,0.03,0.32098765432098764,26,26.0,26,0.16049382716049382,13,0.16049382716049382,0.0,13,-0.24758060705874962,-0.45937881865436897,lower,lower,lower,0.24758060705874962,0.45937881865436897,31.70293080951778,0.3913942075249109,-0.7031337244849345,-31.70293080951778,-0.3913942075249109,0.7031337244849345,0.09758060705874963,0.309378818654369,2.5370957835274903,17.015835025990295,19.552930809517786,19.552930809517786,0.24139420752491095,0.0,0.0,1,1,0,2.806278530160029,0.40112401470245324,2.571889800700079,-72.96324178416076,-22.061820808634927,95.02506259279568,1.173148920898712,-95.02506259279568,-208.32307385670643,-72.96324178416076,-22.061820808634927,-95.02506259279568,0.0,-95.02506259279568,2.806278530160029,0.40112401470245324,3.0538591372187787,0.8605028333568222,-4.85679276149372,4.5547686062829795,5.620411551279277,0.6743345553676237,5.620411551279277,0.6743345553676237,4.772231574320384,0.4635539103867702,mle,mle,26,55,26,55
seg_q05,0.9,active-loglik,0.03,0.3333333333333333,27,27.0,27,0.16049382716049382,13,0.16049382716049382,0.0,13,-0.218760790384239,-0.46209536383527366,lower,lower,lower,0.218760790384239,0.46209536383527366,30.85969098747923,0.3809838393515954,-0.7031337244849345,-30.85969098747923,-0.3809838393515954,0.7031337244849345,0.06876079038423902,0.3120953638352737,1.8565413403744535,16.85314964710478,18.70969098747923,18.70969098747923,0.23098383935159544,0.0,0.0,1,1,0,2.8360151534345843,0.3964753322784937,2.571889800700079,-76.57240914273378,-21.40966794303866,97.98207708577243,1.2096552726638572,-97.98207708577243,-208.32307385670643,-76.57240914273378,-21.40966794303866,-97.98207708577243,0.0,-97.98207708577243,2.8360151534345843,0.3964753322784937,3.0547759438188233,0.8585706961137674,-4.85679276149372,4.5547686062829795,5.619341514265511,0.6753207949901654,5.619341514265511,0.6753207949901654,4.774837993039562,0.45775801446988384,mle,mle,27,54,27,54
seg_q05,0.9,active-loglik,0.03,0.345679012345679,28,28.0,28,0.16049382716049382,13,0.16049382716049382,0.0,13,-0.1913667164681936,-0.4669527244754593,lower,lower,lower,0.1913667164681936,0.4669527244754593,30.106762458308765,0.3716884254112193,-0.7031337244849345,-30.106762458308765,-0.3716884254112193,0.7031337244849345,0.04136671646819359,0.3169527244754593,1.1582680611094207,16.79849439719934,17.956762458308763,17.956762458308763,0.2216884254112193,0.0,0.0,1,1,0,2.8584472697567955,0.4043848096583451,2.571889800700079,-80.03652355319028,-21.432394911892292,101.46891846508257,1.2527026970997848,-101.46891846508257,-208.32307385670643,-80.03652355319028,-21.432394911892292,-101.46891846508257,0.0,-101.46891846508257,2.8584472697567955,0.4043848096583451,3.049813986224989,0.8713375341338044,-4.85679276149372,4.5547686062829795,5.618271477251747,0.676307034612707,5.618271477251747,0.676307034612707,4.746832573953296,0.46547953215621846,mle,mle,28,53,28,53
seg_q05,0.9,active-loglik,0.03,0.35802469135802467,29,29.0,29,0.16049382716049382,13,0.16049382716049382,0.0,13,-0.16504141558875718,-0.4679680169180468,lower,lower,lower,0.16504141558875718,0.4679680169180468,29.120537931812393,0.3595128139729925,-0.7031337244849345,-29.120537931812393,-0.3595128139729925,0.7031337244849345,0.015041415588757184,0.31796801691804677,0.4362010520739583,16.534336879738433,16.97053793181239,16.97053793181239,0.20951281397299248,0.0,0.0,1,1,0,2.87753637466325,0.41365118931350187,2.571889800700079,-83.44855486523424,-21.509861844302097,104.95841670953634,1.2957829223399548,-104.95841670953634,-208.32307385670643,-83.44855486523424,-21.509861844302097,-104.95841670953634,0.0,-104.95841670953634,2.87753637466325,0.41365118931350187,3.042577790252007,0.8816192062315487,-4.85679276149372,4.5547686062829795,5.617201440237982,0.6772932742352487,5.617201440237982,0.6772932742352487,4.706169048120766,0.47248956009523635,mle,mle,29,52,29,52
seg_q05,0.9,active-loglik,0.03,0.37037037037037035,30,30.0,30,0.16049382716049382,13,0.16049382716049382,0.0,13,-0.13932871931207957,-0.4686774081435898,lower,lower,lower,0.13932871931207957,0.4686774081435898,28.08240939468547,0.34669641228006753,-0.7031337244849345,-28.08240939468547,-0.34669641228006753,0.7031337244849345,0.0,0.3186774081435898,0.0,16.25254781532308,16.25254781532308,16.25254781532308,0.20064873846077877,0.0,0.0,0,1,0,3.0346980530882233,0.42322510344181474,2.571889800700079,-91.0409415926467,-21.584480275532552,112.62542186817926,1.3904373070145588,-112.62542186817926,-208.32307385670643,0.0,-21.584480275532552,-21.584480275532552,0.0,-21.584480275532552,2.8953693337761437,0.42322510344181474,3.0346980530882233,0.8919025115854046,-4.85679276149372,4.5547686062829795,5.616131403224216,0.6782795138577903,5.616131403224216,0.6782795138577903,4.661237651236955,0.4795542877006907,mle,mle,30,51,30,51
seg_q05,0.9,active-loglik,0.03,0.38271604938271603,31,31.0,31,0.16049382716049382,13,0.16049382716049382,0.0,13,-0.11423079644009304,-0.4663040268101014,lower,lower,lower,0.11423079644009304,0.4663040268101014,26.856356030147953,0.3315599509894809,-0.7031337244849345,-26.856356030147953,-0.3315599509894809,0.7031337244849345,0.0,0.3163040268101014,0.0,15.81520134050507,15.81520134050507,15.81520134050507,0.19524939926549467,0.0,0.0,0,1,0,3.0262985220991534,0.43587961398008046,2.571889800700079,-93.81525418507375,-21.793980699004024,115.60923488407778,1.427274504741701,-115.60923488407778,-208.32307385670643,0.0,-21.793980699004024,-21.793980699004024,0.0,-21.793980699004024,2.9120677256590604,0.43587961398008046,3.0262985220991534,0.9021836407901819,-4.85679276149372,4.5547686062829795,5.615061366210451,0.6862624892145308,5.615061366210451,0.6862624892145308,4.612961101172621,0.4866711414868771,mle,mle,31,50,31,50
seg_q05,0.9,active-loglik,0.03,0.3950617283950617,32,32.0,32,0.16049382716049382,13,0.16049382716049382,0.0,13,-0.0881298314248351,-0.46379633308029067,lower,lower,lower,0.0881298314248351,0.46379633308029067,25.546174926528966,0.3153848756361601,-0.7031337244849345,-25.546174926528966,-0.3153848756361601,0.7031337244849345,0.0,0.31379633308029065,0.0,15.376020320934241,15.376020320934241,15.376020320934241,0.18982741136955852,0.0,0.0,0,1,0,3.0174780264188534,0.4486617031062671,2.571889800700079,-96.55929684540331,-21.984423452207086,118.54372029761039,1.463502719723585,-118.54372029761039,-208.32307385670643,0.0,-21.984423452207086,-21.984423452207086,0.0,-21.984423452207086,2.9293481949940183,0.4486617031062671,3.0174780264188534,0.9124580361865577,-4.85679276149372,4.5547686062829795,5.594294326006639,0.6942454645712712,5.594294326006639,0.6942454645712712,4.562070939897789,0.493836628256197,mle,mle,32,49,32,49
seg_q05,0.9,active-loglik,0.03,0.4074074074074074,33,33.0,33,0.16049382716049382,13,0.16049382716049382,0.0,13,-0.062408203746131985,-0.4611370158202024,lower,lower,lower,0.062408203746131985,0.4611370158202024,24.19404748299207,0.29869194423447,-0.7031337244849345,-24.19404748299207,-0.29869194423447,0.7031337244849345,0.0,0.31113701582020237,0.0,14.934576759369714,14.934576759369714,14.934576759369714,0.18437749085641622,0.0,0.0,0,1,0,3.0083161483275163,0.4615832609607211,2.571889800700079,-99.27443289480803,-22.155996526114613,121.43042942092265,1.499141103962008,-121.43042942092265,-208.32307385670643,0.0,-22.155996526114613,-22.155996526114613,0.0,-22.155996526114613,2.9459079445813843,0.4615832609607211,3.0083161483275163,0.9227202767809235,-4.85679276149372,4.5547686062829795,5.573527285802828,0.7022284399280116,5.573527285802828,0.7022284399280116,4.509156101024153,0.5010474508314513,mle,mle,33,48,33,48
seg_q05,0.9,active-loglik,0.03,0.41975308641975306,34,34.0,34,0.16049382716049382,13,0.16049382716049382,0.0,13,-0.03706082155458024,-0.4583068022592832,lower,lower,lower,0.03706082155458024,0.4583068022592832,22.80048763904204,0.2814875017165684,-0.7031337244849345,-22.80048763904204,-0.2814875017165684,0.7031337244849345,0.0,0.3083068022592832,0.0,14.49041970618631,14.49041970618631,14.49041970618631,0.17889407044674457,0.0,0.0,0,1,0,2.9988774269965877,0.474657140410352,2.571889800700079,-101.96183251788398,-22.308885599286544,124.27071811717052,1.534206396508278,-124.27071811717052,-208.32307385670643,0.0,-22.308885599286544,-22.308885599286544,0.0,-22.308885599286544,2.9618166054420074,0.474657140410352,2.9988774269965877,0.9329639426696352,-4.85679276149372,4.5547686062829795,5.552760245599016,0.7102114152847515,5.552760245599016,0.7102114152847515,4.454686870861705,0.5082987995773129,mle,mle,34,47,34,47
seg_q05,0.9,active-loglik,0.03,0.43209876543209874,35,35.0,35,0.16049382716049382,13,0.16049382716049382,0.0,13,-0.012078572751642813,-0.4552841927278863,lower,lower,lower,0.012078572751642813,0.4552841927278863,21.365822911790268,0.26377559150358354,-0.7031337244849345,-21.365822911790268,-0.26377559150358354,0.7031337244849345,0.0,0.3052841927278863,0.0,14.04307286548277,14.04307286548277,14.04307286548277,0.17337126994423174,0.0,0.0,0,1,0,2.9892145199079225,0.4878972620517978,2.571889800700079,-104.62250819677729,-22.443274054382698,127.06578225115999,1.568713361125432,-127.06578225115999,-208.32307385670643,0.0,-22.443274054382698,-22.443274054382698,0.0,-22.443274054382698,2.9771359471562797,0.4878972620517978,2.9892145199079225,0.9431814547796841,-4.85679276149372,4.5547686062829795,5.531993205395205,0.718194390641492,5.531993205395205,0.718194390641492,4.39904610244173,0.5155849509405329,mle,mle,35,46,35,46
seg_q05,0.9,active-loglik,0.03,0.4444444444444444,36,36.0,36,0.16049382716049382,13,0.16049382716049382,0.0,13,0.012550360107556724,-0.4520451515222268,lower,lower,lower,-0.012550360107556724,0.4520451515222268,19.890218854628166,0.24555825746454527,-0.7031337244849345,-19.890218854628166,-0.24555825746454527,0.7031337244849345,0.0,0.3020451515222268,0.0,13.592031818500205,13.592031818500205,13.592031818500205,0.16780286195679264,0.0,0.0,0,1,0,2.9793706112754195,0.5013187332266864,2.571889800700079,-107.2573420059151,-22.55934299520089,129.81668500111599,1.6026751234705676,-129.81668500111599,-208.32307385670643,0.0,-22.55934299520089,-22.55934299520089,0.0,-22.55934299520089,2.991920971382976,0.5013187332266864,2.9793706112754195,0.9533638847489132,-4.85679276149372,4.5547686062829795,5.511226165191393,0.7261773659982325,5.511226165191393,0.7261773659982325,4.342542114173913,0.5228989236699361,mle,mle,36,45,36,45
seg_q05,0.9,active-loglik,0.03,0.4567901234567901,37,37.0,37,0.16049382716049382,13,0.16049382716049382,0.0,13,0.036839559925418985,-0.44856274522953044,lower,lower,lower,-0.036839559925418985,0.44856274522953044,18.373697072858835,0.22683576633159055,-0.7031337244849345,-18.373697072858835,-0.22683576633159055,0.7031337244849345,0.0,0.2985627452295304,0.0,13.136760790099338,13.136760790099338,13.136760790099338,0.16218223197653503,0.0,0.0,0,1,0,2.969381268156168,0.5149379832780894,2.571889800700079,-109.86710692177823,-22.65727126423593,132.52437818601416,1.6361034343952365,-132.52437818601416,-208.32307385670643,0.0,-22.65727126423593,-22.65727126423593,0.0,-22.65727126423593,3.006220828081587,0.5149379832780894,2.969381268156168,0.9635007285076198,-4.85679276149372,4.5547686062829795,5.49045912498758,0.7341603413549729,5.49045912498758,0.7341603413549729,4.2854298863459075,0.5302323497398829,mle,mle,37,44,37,44
seg_q05,0.9,active-loglik,0.03,0.4691358024691358,38,38.0,38,0.16049382716049382,13,0.16049382716049382,0.0,13,0.06080370122131695,-0.4448067178121726,lower,lower,lower,-0.06080370122131695,0.4448067178121726,16.81614821951338,0.2076067681421405,-0.7031337244849345,-16.81614821951338,-0.2076067681421405,0.7031337244849345,0.0,0.2948067178121726,0.0,12.676688865923422,12.676688865923422,12.676688865923422,0.15650233167806693,0.0,0.0,0,1,0,2.9592758858773762,0.5287729176918414,2.571889800700079,-112.4524836633403,-22.737235460749183,135.1897191240895,1.6690088780751788,-135.1897191240895,-208.32307385670643,0.0,-22.737235460749183,-22.737235460749183,0.0,-22.737235460749183,3.020079587098693,0.5287729176918414,2.9592758858773762,0.973579635504014,-4.85679276149372,4.5547686062829795,5.4696920847837704,0.7421433167117134,5.4696920847837704,0.7421433167117134,4.227913552835519,0.5375751749564271,mle,mle,38,43,38,43
seg_q05,0.9,active-loglik,0.03,0.48148148148148145,39,39.0,39,0.16049382716049382,13,0.16049382716049382,0.0,13,0.0844580667737258,-0.44074298918518773,lower,lower,lower,-0.0844580667737258,0.44074298918518773,15.217340941602577,0.18786840668645158,-0.7031337244849345,-15.217340941602577,-0.18786840668645158,0.7031337244849345,0.0,0.2907429891851877,0.0,12.211205545777883,12.211205545777883,12.211205545777883,0.15075562402194917,0.0,0.0,0,1,0,2.949078824305548,0.5428430942698548,2.571889800700079,-115.01407414791638,-22.7994099593339,137.81348410725028,1.7014010383611144,-137.81348410725028,-208.32307385670643,0.0,-22.7994099593339,-22.7994099593339,0.0,-22.7994099593339,3.0335368910792737,0.5428430942698548,2.949078824305548,0.9835860834550425,-4.85679276149372,4.5547686062829795,5.448925044579958,0.7501262920684532,5.448925044579958,0.7501262920684532,4.170163074790347,0.5449150937591287,mle,mle,39,42,39,42
seg_q05,0.9,active-loglik,0.03,0.49382716049382713,40,40.0,40,0.16049382716049382,13,0.16049382716049382,0.0,13,0.10781820171257239,-0.4363330606654783,lower,lower,lower,-0.10781820171257239,0.4363330606654783,13.576927418781715,0.167616387886194,-0.7031337244849345,-13.576927418781715,-0.167616387886194,0.7031337244849345,0.0,0.28633306066547826,0.0,11.739655487284608,11.739655487284608,11.739655487284608,0.14493401836153838,0.0,0.0,0,1,0,2.9388103087591526,0.5571699250965508,2.571889800700079,-117.5524123503661,-22.843966928958583,140.3963792793247,1.7332886330780826,-140.3963792793247,-208.32307385670643,0.0,-22.843966928958583,-22.843966928958583,0.0,-22.843966928958583,3.046628510471725,0.5571699250965508,2.9388103087591526,0.9935029857620291,-4.85679276149372,4.5547686062829795,5.428158004376146,0.7581092674251937,5.428158004376146,0.7581092674251937,4.112315352111214,0.5522375973164566,mle,mle,40,41,40,41
seg_q05,0.9,active-loglik,0.03,0.5061728395061729,41,41.0,41,0.16049382716049382,13,0.16049382716049382,0.0,13,0.13089966742652104,-0.4335563095156161,lower,lower,lower,-0.13089966742652104,0.4335563095156161,11.975366016137281,0.1478440248905837,-0.7031337244849345,-11.975366016137281,-0.1478440248905837,0.7031337244849345,0.0,0.28355630951561606,0.0,11.342252380624643,11.342252380624643,11.342252380624643,0.14002780716820548,0.0,0.0,0,1,0,2.9284871499164167,0.5697539057272127,2.571889800700079,-120.06797314657308,-22.79015622908851,142.85812937566158,1.7636806095760689,-142.85812937566158,-208.32307385670643,0.0,-22.79015622908851,-22.79015622908851,0.0,-22.79015622908851,3.0593868173429377,0.5697539057272127,2.9284871499164167,1.0033102152428288,-4.85679276149372,4.5547686062829795,5.407390964172334,0.7585678368873787,5.407390964172334,0.7585678368873787,4.054482322905885,0.5595251340212904,mle,mle,41,40,41,40
seg_q05,0.9,active-loglik,0.03,0.5185185185185185,42,42.0,42,0.16049382716049382,13,0.16049382716049382,0.0,13,0.15185190619570132,-0.4381971963446236,lower,lower,lower,-0.15185190619570132,0.4381971963446236,10.711910597220866,0.13224580984223291,-0.7031337244849345,-10.711910597220866,-0.13224580984223291,0.7031337244849345,0.0,0.2881971963446236,0.0,11.23969065744032,11.23969065744032,11.23969065744032,0.13876161305481877,0.0,0.0,0,1,0,2.9191638985762642,0.5807543329713345,2.571889800700079,-122.60488374020309,-22.649418985882047,145.25430272608514,1.793262996618335,-145.25430272608514,-208.32307385670643,0.0,-22.649418985882047,-22.649418985882047,0.0,-22.649418985882047,3.0710158047719656,0.5807543329713345,2.9191638985762642,1.0189515293159581,-4.85679276149372,4.5547686062829795,5.4057141640275015,0.7590264063495636,5.4057141640275015,0.7590264063495636,4.00091174276373,0.5701756316411108,mle,mle,42,39,42,39
seg_q05,0.9,active-loglik,0.03,0.5308641975308642,43,43.0,43,0.16049382716049382,13,0.16049382716049382,0.0,13,0.1712477225593445,-0.44778728748153085,lower,lower,lower,-0.1712477225593445,0.44778728748153085,9.652264854246358,0.11916376363267109,-0.7031337244849345,-9.652264854246358,-0.11916376363267109,0.7031337244849345,0.0,0.2977872874815308,0.0,11.315916924298172,11.315916924298172,11.315916924298172,0.13970267807775522,0.0,0.0,0,1,0,2.912019615735373,0.5766929602137175,2.571889800700079,-125.21684347662104,-21.914332488121264,147.1311759647423,1.8164342711696582,-147.1311759647423,-208.32307385670643,0.0,-21.914332488121264,-21.914332488121264,0.0,-21.914332488121264,3.0832673382947173,0.5766929602137175,2.912019615735373,1.0244802476952484,-4.85679276149372,4.5547686062829795,5.42053307551883,0.7594849758117486,5.42053307551883,0.7594849758117486,3.9565115710610024,0.5700502600265934,mle,mle,43,38,43,38
seg_q05,0.9,active-loglik,0.03,0.5432098765432098,44,44.0,44,0.16049382716049382,13,0.16049382716049382,0.0,13,0.17397493242969286,-0.4518981315920506,lower,lower,lower,-0.17397493242969286,0.4518981315920506,9.065333841999387,0.11191770175307884,-0.7031337244849345,-9.065333841999387,-0.11191770175307884,0.7031337244849345,0.0,0.3018981315920506,0.0,11.170230868905872,11.170230868905872,11.170230868905872,0.13790408480130706,0.0,0.0,0,1,0,2.906459592604208,0.5546310184584732,2.571889800700079,-127.88422207458514,-20.52134768296351,148.40556975754865,1.832167527870971,-148.40556975754865,-208.32307385670643,0.0,-20.52134768296351,-20.52134768296351,0.0,-20.52134768296351,3.0804345250339007,0.5546310184584732,2.906459592604208,1.0065291500505238,-4.85679276149372,4.5547686062829795,5.557688537353952,0.7599435452739335,5.557688537353952,0.7599435452739335,3.9189059357043665,0.5519295799211503,mle,mle,44,37,44,37
seg_q05,0.9,active-loglik,0.03,0.5555555555555556,45,45.0,45,0.16049382716049382,13,0.16049382716049382,0.0,13,0.18641206850512004,-0.46280651059542866,lower,lower,lower,-0.18641206850512004,0.46280651059542866,8.27249129870503,0.10212952220623493,-0.7031337244849345,-8.27249129870503,-0.10212952220623493,0.7031337244849345,0.0,0.31280651059542863,0.0,11.261034381435431,11.261034381435431,11.261034381435431,0.1390251158201905,0.0,0.0,0,1,0,2.9015295712994367,0.5058895103072217,2.571889800700079,-130.56883070847465,-18.212022371059984,148.78085307953464,1.8368006553028968,-148.78085307953464,-208.32307385670643,0.0,-18.212022371059984,-18.212022371059984,0.0,-18.212022371059984,3.0879416398045567,0.5058895103072217,2.9015295712994367,0.9686960209026504,-4.85679276149372,4.5547686062829795,5.621481588293042,0.718194390641492,5.621481588293042,0.718194390641492,3.8840867277795526,0.5215292167097011,mle,mle,45,36,45,36
seg_q05,0.9,active-loglik,0.03,0.5679012345679012,46,46.0,46,0.16049382716049382,13,0.16049382716049382,0.0,13,0.2053716607311813,-0.47725836073662575,lower,lower,lower,-0.2053716607311813,0.47725836073662575,7.256946232147563,0.08959192879194522,-0.7031337244849345,-7.256946232147563,-0.08959192879194522,0.7031337244849345,0.0,0.32725836073662573,0.0,11.4540426257819,11.4540426257819,11.4540426257819,0.1414079336516284,0.0,0.0,0,1,0,2.8961648388320045,0.44607019427152284,2.571889800700079,-133.22358258627222,-15.612456799503299,148.8360393857755,1.8374819677256236,-148.8360393857755,-208.32307385670643,0.0,-15.612456799503299,-15.612456799503299,0.0,-15.612456799503299,3.101536499563186,0.44607019427152284,2.8961648388320045,0.9233285550081486,-4.85679276149372,4.5547686062829795,5.630903332265538,0.6614956168252415,5.630903332265538,0.6614956168252415,3.8475243373476284,0.48692066008698576,mle,mle,46,35,46,35
seg_q05,0.9,active-loglik,0.03,0.5802469135802469,47,47.0,47,0.16049382716049382,13,0.16049382716049382,0.0,13,0.2250938094744641,-0.4731764249985346,lower,lower,lower,-0.2250938094744641,0.4731764249985346,5.50858940465036,0.06800727660062172,-0.7031337244849345,-5.50858940465036,-0.06800727660062172,0.7031337244849345,0.0,0.3231764249985346,0.0,10.987998449950176,10.987998449950176,10.987998449950176,0.13565430185123675,0.0,0.0,0,1,0,2.8894566214866364,0.41610898582700834,2.571889800700079,-135.8044612098719,-14.147705518118283,149.95216672799017,1.8512613176295083,-149.95216672799017,-208.32307385670643,0.0,-14.147705518118283,-14.147705518118283,0.0,-14.147705518118283,3.1145504309611005,0.41610898582700834,2.8894566214866364,0.8892854108255429,-4.85679276149372,4.5547686062829795,5.629875013082051,0.6622346043395944,5.629875013082051,0.6622346043395944,3.805353949273873,0.45727267146479766,mle,mle,47,34,47,34
seg_q05,0.9,active-loglik,0.03,0.5925925925925926,48,48.0,48,0.16049382716049382,13,0.16049382716049382,0.0,13,0.24386292105569662,-0.47540046054981105,lower,lower,lower,-0.24386292105569662,0.47540046054981105,3.982794987470326,0.04917030848728798,-0.7031337244849345,-3.982794987470326,-0.04917030848728798,0.7031337244849345,0.0,0.3254004605498111,0.0,10.738215198143767,10.738215198143767,10.738215198143767,0.1325705580017749,0.0,0.0,0,1,0,2.8808790556911696,0.4121441931669047,2.571889800700079,-138.28219467317615,-13.600758374507855,151.882953047684,1.8750981857738764,-151.882953047684,-208.32307385670643,0.0,-13.600758374507855,-13.600758374507855,0.0,-13.600758374507855,3.1247419767468663,0.4121441931669047,2.8808790556911696,0.8875446537167158,-4.85679276149372,4.5547686062829795,5.628846693898564,0.6675829075123265,5.628846693898564,0.6675829075123265,3.7555407861127597,0.44713108832313536,mle,mle,48,33,48,33
seg_q05,0.9,active-loglik,0.03,0.6049382716049383,49,49.0,49,0.16049382716049382,13,0.16049382716049382,0.0,13,0.26109150349301924,-0.4817622955998296,lower,lower,lower,-0.26109150349301924,0.4817622955998296,2.622909788036603,0.032381602321439544,-0.7031337244849345,-2.622909788036603,-0.032381602321439544,0.7031337244849345,0.0,0.3317622955998296,0.0,10.616393459194548,10.616393459194548,10.616393459194548,0.13106658591598208,0.0,0.0,0,1,0,2.870433769064242,0.4282897638025242,2.571889800700079,-140.65125468414786,-13.705272441680775,154.35652712582862,1.905636137355909,-154.35652712582862,-208.32307385670643,0.0,-13.705272441680775,-13.705272441680775,0.0,-13.705272441680775,3.131525272557261,0.4282897638025242,2.870433769064242,0.9100520594023538,-4.85679276149372,4.5547686062829795,5.627818374715076,0.6729312106850586,5.627818374715076,0.6729312106850586,3.6988325228921837,0.46108965914561506,mle,mle,49,32,49,32
seg_q05,0.9,active-loglik,0.03,0.6172839506172839,50,50.0,50,0.16049382716049382,13,0.16049382716049382,0.0,13,0.2775993565337429,-0.4831322428447701,lower,lower,lower,-0.2775993565337429,0.4831322428447701,1.097131701500727,0.013544835820996628,-0.7031337244849345,-1.097131701500727,-0.013544835820996628,0.7031337244849345,0.0,0.33313224284477005,0.0,10.327099528187873,10.327099528187873,10.327099528187873,0.12749505590355398,0.0,0.0,0,1,0,2.859598284070233,0.44624764676937934,2.571889800700079,-142.97991420351167,-13.83367704985076,156.81359125336243,1.9359702623871906,-156.81359125336243,-208.32307385670643,0.0,-13.83367704985076,-13.83367704985076,0.0,-13.83367704985076,3.137197640603976,0.44624764676937934,2.859598284070233,0.9293798896141494,-4.85679276149372,4.5547686062829795,5.62679005553159,0.6782795138577903,5.62679005553159,0.6782795138577903,3.6412409026382013,0.47428057384430394,mle,mle,50,31,50,31
seg_q05,0.9,active-loglik,0.03,0.6296296296296297,51,51.0,51,0.16049382716049382,13,0.16049382716049382,0.0,13,0.29385212691699447,-0.48286833809064883,lower,lower,lower,-0.29385212691699447,0.48286833809064883,-0.5004083300472519,-0.006177880617867308,-0.7031337244849345,0.5004083300472519,0.006177880617867308,0.7031337244849345,0.0,0.33286833809064886,0.0,9.986050142719465,9.986050142719465,9.986050142719465,0.12328456966320328,0.0,0.0,0,1,0,2.848804749258245,0.4659271396960806,2.571889800700079,-145.2890422121705,-13.97781419088242,159.2668564030529,1.9662574864574434,-159.2668564030529,-208.32307385670643,0.0,-13.97781419088242,-13.97781419088242,0.0,-13.97781419088242,3.1426568761752396,0.4659271396960806,2.848804749258245,0.9487954777867295,-4.85679276149372,4.5547686062829795,5.625761736348102,0.6862624892145308,5.625761736348102,0.6862624892145308,3.5842501832848295,0.4877339036333965,mle,mle,51,30,51,30
seg_q05,0.9,active-loglik,0.03,0.6419753086419753,52,52.0,52,0.16049382716049382,13,0.16049382716049382,0.0,13,0.3098684606173987,-0.4820496437907378,lower,lower,lower,-0.3098684606173987,0.4820496437907378,-2.1337202821733356,-0.02634222570584365,-0.7031337244849345,2.1337202821733356,0.02634222570584365,0.7031337244849345,0.0,0.33204964379073776,0.0,9.629439669931395,9.629439669931395,9.629439669931395,0.11888197123372093,0.0,0.0,0,1,0,2.838052913832419,0.4862419921005857,2.571889800700079,-147.5787515192858,-14.101017770916986,161.67976929020278,1.996046534446948,-161.67976929020278,-208.32307385670643,0.0,-14.101017770916986,-14.101017770916986,0.0,-14.101017770916986,3.1479213744498176,0.4862419921005857,2.838052913832419,0.9682916358913235,-4.85679276149372,4.5547686062829795,5.624691699334337,0.694245464571271,5.624691699334337,0.694245464571271,3.5278722713060446,0.5014515260284773,mle,mle,52,29,52,29
seg_q05,0.9,active-loglik,0.03,0.654320987654321,53,53.0,53,0.16049382716049382,13,0.16049382716049382,0.0,13,0.3256543238598799,-0.4805862793587492,lower,lower,lower,-0.3256543238598799,0.4805862793587492,-3.803263342528659,-0.04695386842627974,-0.7031337244849345,3.803263342528659,0.04695386842627974,0.7031337244849345,0.0,0.3305862793587492,0.0,9.256415822044977,9.256415822044977,9.256415822044977,0.11427673854376515,0.0,0.0,0,1,0,2.827342236951647,0.507270431148448,2.571889800700079,-149.8491385584373,-14.203572072156545,164.05271063059382,2.025342106550541,-164.05271063059382,-208.32307385670643,0.0,-14.203572072156545,-14.203572072156545,0.0,-14.203572072156545,3.152996560811527,0.507270431148448,2.827342236951647,0.9878567105071973,-4.85679276149372,4.5547686062829795,5.623621662320572,0.7022284399280113,5.623621662320572,0.7022284399280113,3.4720435576858897,0.5154311036994927,mle,mle,53,28,53,28
seg_q05,0.9,active-loglik,0.03,0.6666666666666666,54,54.0,54,0.16049382716049382,13,0.16049382716049382,0.0,13,0.341221031822144,-0.4783712966269903,lower,lower,lower,-0.341221031822144,0.4783712966269903,-5.509910709467039,-0.06802358900576592,-0.7031337244849345,5.509910709467039,0.06802358900576592,0.7031337244849345,0.0,0.32837129662699027,0.0,8.866025008928737,8.866025008928737,8.866025008928737,0.10945709887566342,0.0,0.0,0,1,0,2.816671929995254,0.5291020223427457,2.571889800700079,-152.1002842197437,-14.285754603254135,166.38603882299785,2.054148627444418,-166.38603882299785,-208.32307385670643,0.0,-14.285754603254135,-14.285754603254135,0.0,-14.285754603254135,3.157892961817398,0.5291020223427457,2.816671929995254,1.007473318969736,-4.85679276149372,4.5547686062829795,5.622551625306807,0.7102114152847518,5.622551625306807,0.7102114152847518,3.416800221830355,0.52966572101465,mle,mle,54,27,54,27
seg_q05,0.9,active-loglik,0.03,0.6790123456790124,55,55.0,55,0.16049382716049382,13,0.16049382716049382,0.0,13,0.3565793465701774,-0.4752768121775972,lower,lower,lower,-0.3565793465701774,0.4752768121775972,-7.25466694474223,-0.08956378944126209,-0.7031337244849345,7.25466694474223,0.08956378944126209,0.7031337244849345,0.0,0.3252768121775972,0.0,8.457197116617527,8.457197116617527,8.457197116617527,0.1044098409458954,0.0,0.0,0,1,0,2.80604099189415,0.5518398591965519,2.571889800700079,-154.33225455417823,-14.347836339110348,168.6800908932886,2.0824702579418344,-168.6800908932886,-208.32307385670643,0.0,-14.347836339110348,-14.347836339110348,0.0,-14.347836339110348,3.162620338464327,0.5518398591965519,2.80604099189415,1.027116671374149,-4.85679276149372,4.5547686062829795,5.621481588293042,0.718194390641492,5.621481588293042,0.718194390641492,3.3621256923971936,0.5441414538334302,mle,mle,55,26,55,26
seg_q05,0.9,active-loglik,0.03,0.691358024691358,56,56.0,56,0.16049382716049382,13,0.16049382716049382,0.0,13,0.3717395152994105,-0.4711490447885357,lower,lower,lower,-0.3717395152994105,0.4711490447885357,-9.038686737053597,-0.11158872514880984,-0.7031337244849345,9.038686737053597,0.11158872514880984,0.7031337244849345,0.0,0.3211490447885357,0.0,8.028726119713392,8.028726119713392,8.028726119713392,0.09912007555201718,0.0,0.0,0,1,0,2.7954482392432602,0.5756032779510544,2.571889800700079,-156.54510139762257,-14.39008194877636,170.93518334639893,2.110310905511098,-170.93518334639893,-208.32307385670643,0.0,-14.39008194877636,-14.39008194877636,0.0,-14.39008194877636,3.1671877545426708,0.5756032779510544,2.7954482392432602,1.04675232273959,-4.85679276149372,4.5547686062829795,5.620411551279277,0.7261773659982325,5.620411551279277,0.7261773659982325,3.308001512905858,0.5588352285407289,mle,mle,56,25,56,25
seg_q05,0.9,active-loglik,0.03,0.7037037037037037,57,57.0,57,0.16049382716049382,13,0.16049382716049382,0.0,13,0.38671130608426374,-0.465801880048725,lower,lower,lower,-0.38671130608426374,0.465801880048725,-10.863299325633633,-0.13411480648930413,-0.7031337244849345,10.863299325633633,0.13411480648930413,0.7031337244849345,0.0,0.315801880048725,0.0,7.5792451211694,7.5792451211694,7.5792451211694,0.09357092742184445,0.0,0.0,0,1,0,2.7848923317104584,0.6005312505097805,2.571889800700079,-158.73886290749613,-14.412750012234731,173.15161291973087,2.137674233576924,-173.15161291973087,-208.32307385670643,0.0,-14.412750012234731,-14.412750012234731,0.0,-14.412750012234731,3.171603637794722,0.6005312505097805,2.7848923317104584,1.0663331305585055,-4.85679276149372,4.5547686062829795,5.619341514265511,0.7341603413549727,5.619341514265511,0.7341603413549727,3.254416171061194,0.573711446204344,mle,mle,57,24,57,24
seg_q05,0.9,active-loglik,0.03,0.7160493827160493,58,58.0,58,0.16049382716049382,13,0.16049382716049382,0.0,13,0.4015040411895532,-0.45900842584897894,lower,lower,lower,-0.4015040411895532,0.45900842584897894,-12.730040594467571,-0.1571609949934268,-0.7031337244849345,12.730040594467571,0.1571609949934268,0.7031337244849345,0.0,0.3090084258489789,0.0,7.107193794526515,7.107193794526515,7.107193794526515,0.08774313326575944,0.0,0.0,0,1,0,2.7743717935568863,0.6267866620334538,2.571889800700079,-160.9135640262994,-14.416093226769437,175.32965725306886,2.1645636697909736,-175.32965725306886,-208.32307385670643,0.0,-14.416093226769437,-14.416093226769437,0.0,-14.416093226769437,3.1758758347464395,0.6267866620334538,2.7743717935568863,1.0857950878824327,-4.85679276149372,4.5547686062829795,5.618271477251747,0.7421433167117131,5.618271477251747,0.7421433167117131,3.201356342367471,0.5887177123505813,mle,mle,58,23,58,23
seg_q05,0.9,active-loglik,0.03,0.7283950617283951,59,59.0,59,0.16049382716049382,13,0.16049382716049382,0.0,13,0.41612662808317813,-0.4504897843136805,lower,lower,lower,-0.41612662808317813,0.4504897843136805,-14.640695802006539,-0.1807493308889696,-0.7031337244849345,14.640695802006539,0.1807493308889696,0.7031337244849345,0.0,0.30048978431368045,0.0,6.61077525490097,6.61077525490097,6.61077525490097,0.08161450931976506,0.0,0.0,0,1,0,2.7638850318799086,0.6545617547082198,2.571889800700079,-163.0692168809146,-14.400358603580834,177.46957548449544,2.1909824133888325,-177.46957548449544,-208.32307385670643,0.0,-14.400358603580834,-14.400358603580834,0.0,-14.400358603580834,3.1800116599630868,0.6545617547082198,2.7638850318799086,1.1050515390219002,-4.85679276149372,4.5547686062829795,5.617201440237982,0.7501262920684536,5.617201440237982,0.7501262920684536,3.148805372726578,0.6037768403339904,mle,mle,59,22,59,22
seg_q05,0.9,active-loglik,0.03,0.7407407407407407,60,60.0,60,0.16049382716049382,13,0.16049382716049382,0.0,13,0.4305875883137573,-0.43989989973347265,lower,lower,lower,-0.4305875883137573,0.43989989973347265,-16.59735740442251,-0.20490564696817914,-0.7031337244849345,16.59735740442251,0.20490564696817914,0.7031337244849345,0.0,0.28989989973347263,0.0,6.087897894402925,6.087897894402925,6.087897894402925,0.07515923326423364,0.0,0.0,0,1,0,2.7534303520655268,0.6840851264405556,2.571889800700079,-165.2058211239316,-14.365787655251669,179.57160877918326,2.2169334417183117,-179.57160877918326,-208.32307385670643,0.0,-14.365787655251669,-14.365787655251669,0.0,-14.365787655251669,3.184017940379284,0.6840851264405556,2.7534303520655268,1.1239850261740283,-4.85679276149372,4.5547686062829795,5.616131403224216,0.7581092674251937,5.616131403224216,0.7581092674251937,3.096753558309014,0.6187811935979853,mle,mle,60,21,60,21
seg_q05,0.9,active-loglik,0.03,0.7530864197530864,61,61.0,61,0.16049382716049382,13,0.16049382716049382,0.0,13,0.444895084371423,-0.42702636455195986,lower,lower,lower,-0.444895084371423,0.42702636455195986,-18.598072855617605,-0.22960583772367413,-0.7031337244849345,18.598072855617605,0.22960583772367413,0.7031337244849345,0.0,0.27702636455195984,0.0,5.540527291039197,5.540527291039197,5.540527291039197,0.06840157149431107,0.0,0.0,0,1,0,2.743005970897327,0.7154092297760417,2.571889800700079,-167.32336422473696,-14.308184595520835,181.6315488202578,2.242364800250096,-181.6315488202578,-208.32307385670643,0.0,-14.308184595520835,-14.308184595520835,0.0,-14.308184595520835,3.18790105526875,0.7154092297760417,2.743005970897327,1.1424355943280016,-4.85679276149372,4.5547686062829795,5.615061366210451,0.7599467818466569,5.615061366210451,0.7599467818466569,3.045186839621391,0.6335760837816568,mle,mle,61,20,61,20
seg_q05,0.9,active-loglik,0.03,0.7654320987654321,62,62.0,62,0.16049382716049382,13,0.16049382716049382,0.0,13,0.459063580610533,-0.4104004864426928,lower,lower,lower,-0.459063580610533,0.4104004864426928,-20.664332755441883,-0.2551152192029862,-0.7031337244849345,20.664332755441883,0.2551152192029862,0.7031337244849345,0.0,0.26040048644269276,0.0,4.947609242411162,4.947609242411162,4.947609242411162,0.06108159558532299,0.0,0.0,0,1,0,2.7326100276471625,0.7497831912070344,2.571889800700079,-169.42182171412406,-14.245880632933654,183.6677023470577,2.2675024981118237,-183.6677023470577,-208.32307385670643,0.0,-14.245880632933654,-14.245880632933654,0.0,-14.245880632933654,3.1916736082576955,0.7497831912070344,2.7326100276471625,1.1601836776497272,-4.85679276149372,4.5547686062829795,5.613949987772108,0.7617842962681202,5.613949987772108,0.7617842962681202,2.994093546047268,0.6479432695154278,mle,mle,62,19,62,19
seg_q05,0.9,active-loglik,0.03,0.7777777777777778,63,63.0,63,0.16049382716049382,13,0.16049382716049382,0.0,13,0.47377598498624707,-0.4110811885352743,lower,lower,lower,-0.47377598498624707,0.4110811885352743,-22.44842566049863,-0.2771410575370201,-0.7031337244849345,22.44842566049863,0.2771410575370201,0.7031337244849345,0.0,0.2610811885352743,0.0,4.699461393634937,4.699461393634937,4.699461393634937,0.05801804189672762,0.0,0.0,0,1,0,2.7228638732110766,0.7816852239805452,2.571889800700079,-171.54042401229782,-14.070334031649814,185.61075804394764,2.2914908400487364,-185.61075804394764,-208.32307385670643,0.0,-14.070334031649814,-14.070334031649814,0.0,-14.070334031649814,3.1966398581973237,0.7816852239805452,2.7228638732110766,1.1927664125158195,-4.85679276149372,4.5547686062829795,5.612838609333764,0.7636218106895833,5.612838609333764,0.7636218106895833,2.9450501632243626,0.6738231787095273,mle,mle,63,18,63,18
seg_q05,0.9,active-loglik,0.03,0.7901234567901234,64,64.0,64,0.16049382716049382,13,0.16049382716049382,0.0,13,0.4890276373383404,-0.4363085258179491,lower,lower,lower,-0.4890276373383404,0.4363085258179491,-23.880523850748652,-0.29482128210800806,-0.7031337244849345,23.880523850748652,0.29482128210800806,0.7031337244849345,0.0,0.2863085258179491,0.0,4.867244938905134,4.867244938905134,4.867244938905134,0.060089443690186845,0.0,0.0,0,1,0,2.7146171190394,0.7815267246160014,2.571889800700079,-173.7354956185216,-13.285954318472022,187.02144993699363,2.3089067893456003,-187.02144993699363,-208.32307385670643,0.0,-13.285954318472022,-13.285954318472022,0.0,-13.285954318472022,3.2036447563777406,0.7815267246160014,2.7146171190394,1.2178352504339505,-4.85679276149372,4.5547686062829795,5.611727230895421,0.7654593251110465,5.611727230895421,0.7654593251110465,2.901794974430228,0.687791696062869,mle,mle,64,17,64,17
seg_q05,0.9,active-loglik,0.03,0.8024691358024691,65,65.0,65,0.16049382716049382,13,0.16049382716049382,0.0,13,0.5024758949000132,-0.46730058923728346,lower,lower,lower,-0.5024758949000132,0.46730058923728346,-25.184123740704326,-0.31091510790992993,-0.7031337244849345,25.184123740704326,0.31091510790992993,0.7031337244849345,0.0,0.31730058923728344,0.0,5.076809427796535,5.076809427796535,5.076809427796535,0.06267665960242635,0.0,0.0,0,1,0,2.707691584016311,0.7415872982900733,2.571889800700079,-175.99995296106022,-11.865396772641173,187.86534973370138,2.319325305354338,-187.86534973370138,-208.32307385670643,0.0,-11.865396772641173,-11.865396772641173,0.0,-11.865396772641173,3.210167478916324,0.7415872982900733,2.707691584016311,1.2088878875273568,-4.85679276149372,4.5547686062829795,5.621481588293042,0.7672968395325097,5.621481588293042,0.7672968395325097,2.8644341985225217,0.665217900222612,mle,mle,65,16,65,16
seg_q05,0.9,active-loglik,0.03,0.8148148148148148,66,66.0,66,0.16049382716049382,13,0.16049382716049382,0.0,13,0.515768134187562,-0.49636440808279947,lower,lower,lower,-0.515768134187562,0.49636440808279947,-26.595230735137093,-0.32833618191527275,-0.7031337244849345,26.595230735137093,0.32833618191527275,0.7031337244849345,0.0,0.34636440808279945,0.0,5.195466121241992,5.195466121241992,5.195466121241992,0.06414155705237028,0.0,0.0,0,1,0,2.701418769926441,0.6644844403839746,2.571889800700079,-178.29363881514513,-9.967266605759619,188.26090542090475,2.3242087089000587,-188.26090542090475,-208.32307385670643,0.0,-9.967266605759619,-9.967266605759619,0.0,-9.967266605759619,3.217186904114003,0.6644844403839746,2.701418769926441,1.160848848466774,-4.85679276149372,4.5547686062829795,5.630903332265538,0.7047841533073046,5.630903332265538,0.7047841533073046,2.830305109777771,0.604252202790851,mle,mle,66,15,66,15
seg_q05,0.9,active-loglik,0.03,0.8271604938271605,67,67.0,67,0.16049382716049382,13,0.16049382716049382,0.0,13,0.528934961885525,-0.5273479968818277,lower,lower,lower,-0.528934961885525,0.5273479968818277,-28.05577048998459,-0.34636753691339,-0.7031337244849345,28.05577048998459,0.34636753691339,0.7031337244849345,0.0,0.37734799688182763,0.0,5.282871956345587,5.282871956345587,5.282871956345587,0.06522064143636527,0.0,0.0,0,1,0,2.694906435709352,0.5539045251163507,2.571889800700079,-180.5587311925266,-7.75466335162891,188.31339454415553,2.3248567227673522,-188.31339454415553,-208.32307385670643,0.0,-7.75466335162891,-7.75466335162891,0.0,-7.75466335162891,3.223841397594877,0.5539045251163507,2.694906435709352,1.0812525219981783,-4.85679276149372,4.5547686062829795,5.63998988667314,0.5862222951600541,5.63998988667314,0.5862222951600541,2.795480743437466,0.5138900525713677,mle,mle,67,14,67,14
seg_q05,0.9,active-loglik,0.03,0.8395061728395061,68,68.0,68,0.16049382716049382,13,0.16049382716049382,0.0,13,0.5436244575438578,-0.5565289096666035,lower,lower,lower,-0.5436244575438578,0.5565289096666035,-29.731587287316486,-0.36705663317674675,-0.7031337244849345,29.731587287316486,0.36705663317674675,0.7031337244849345,0.0,0.4065289096666035,0.0,5.2848758256658455,5.2848758256658455,5.2848758256658455,0.06524538056377586,0.0,0.0,0,1,0,2.687362910625101,0.43849094247167825,2.571889800700079,-182.74067792250685,-5.700382252131817,188.44106017463866,2.3264328416622058,-188.44106017463866,-208.32307385670643,0.0,-5.700382252131817,-5.700382252131817,0.0,-5.700382252131817,3.2309873681689587,0.43849094247167825,2.687362910625101,0.9950198521382817,-4.85679276149372,4.5547686062829795,5.639003647050598,0.47466504191222253,5.639003647050598,0.47466504191222253,2.7564128242246158,0.4101776554903809,mle,mle,68,13,68,13
seg_q05,0.9,active-loglik,0.03,0.8518518518518519,69,69.0,69,0.16049382716049382,13,0.16049382716049382,0.0,13,0.5579026383305363,-0.5658796369903001,lower,lower,lower,-0.5579026383305363,0.5658796369903001,-31.704726400923406,-0.39141637532004203,-0.7031337244849345,31.704726400923406,0.39141637532004203,0.7031337244849345,0.0,0.41587963699030006,0.0,4.990555643883601,4.990555643883601,4.990555643883601,0.06161179807263705,0.0,0.0,0,1,0,2.6784011619180825,0.4032470256123705,2.571889800700079,-184.8096801723477,-4.838964307348446,189.64864447969615,2.341341289872792,-189.64864447969615,-208.32307385670643,0.0,-4.838964307348446,-4.838964307348446,0.0,-4.838964307348446,3.236303800248619,0.4032470256123705,2.6784011619180825,0.9691266626026707,-4.85679276149372,4.5547686062829795,5.638017407428056,0.45361718618679037,5.638017407428056,0.45361718618679037,2.711828505782362,0.32910788329041196,mle,mle,69,12,69,12
seg_q05,0.9,active-loglik,0.03,0.8641975308641975,70,70.0,70,0.16049382716049382,13,0.16049382716049382,0.0,13,0.5710934635933027,-0.5763267998738058,lower,lower,lower,-0.5710934635933027,0.5763267998738058,-33.636947652919325,-0.41527095867801633,-0.7031337244849345,33.636947652919325,0.41527095867801633,0.7031337244849345,0.0,0.42632679987380573,0.0,4.689594798611863,4.689594798611863,4.689594798611863,0.05789623208162794,0.0,0.0,0,1,0,2.6682587351805083,0.4866285557698293,2.571889800700079,-186.7781114626356,-5.352914113468122,192.13102557610372,2.3719879700753546,-192.13102557610372,-208.32307385670643,0.0,-5.352914113468122,-5.352914113468122,0.0,-5.352914113468122,3.239352198773811,0.4866285557698293,2.6682587351805083,1.062955355643635,-4.85679276149372,4.5547686062829795,5.637031167805515,0.4962158588957481,5.637031167805515,0.4962158588957481,2.6641381821657477,0.3891053218176164,mle,mle,70,11,70,11
seg_q05,0.9,active-loglik,0.03,0.8765432098765432,71,71.0,71,0.16049382716049382,13,0.16049382716049382,0.0,13,0.5838796267272817,-0.5614713173198078,lower,lower,lower,-0.5838796267272817,0.5614713173198078,-35.84074032443892,-0.442478275610357,-0.7031337244849345,35.84074032443892,0.442478275610357,0.7031337244849345,0.0,0.4114713173198078,0.0,4.114713173198078,4.114713173198078,4.114713173198078,0.050798928064173805,0.0,0.0,0,1,0,2.6579865835163528,0.5942853435930076,2.571889800700079,-188.71704742966105,-5.9428534359300755,194.6599008655911,2.4032086526616188,-194.6599008655911,-208.32307385670643,0.0,-5.9428534359300755,-5.9428534359300755,0.0,-5.9428534359300755,3.2418662102436344,0.5942853435930076,2.6579865835163528,1.1557566609128154,-4.85679276149372,4.5547686062829795,5.636044928182973,0.6146186014527181,5.636044928182973,0.6146186014527181,2.616846683720034,0.46357604647181366,mle,mle,71,10,71,10
seg_q05,0.9,active-loglik,0.03,0.8888888888888888,72,72.0,72,0.16049382716049382,13,0.16049382716049382,0.0,13,0.5965893029781739,-0.5492518178828357,lower,lower,lower,-0.5965893029781739,0.5492518178828357,-38.011163453483,-0.4692736228825062,-0.7031337244849345,38.011163453483,0.4692736228825062,0.7031337244849345,0.0,0.3992518178828357,0.0,3.5932663609455213,3.5932663609455213,3.5932663609455213,0.04436131309809285,0.0,0.0,0,1,0,2.647734737691305,0.6995776322592514,2.571889800700079,-190.63690111377397,-6.296198690333263,196.93309980410723,2.4312728370877434,-196.93309980410723,-208.32307385670643,0.0,-6.296198690333263,-6.296198690333263,0.0,-6.296198690333263,3.244324040669479,0.6995776322592514,2.647734737691305,1.2488294501420871,-4.85679276149372,4.5547686062829795,5.635016608999486,0.7330213440096893,5.635016608999486,0.7330213440096893,2.5700061259478324,0.549082053692348,mle,mle,72,9,72,9
seg_q05,0.9,active-loglik,0.03,0.9012345679012346,73,73.0,73,0.16049382716049382,13,0.16049382716049382,0.0,13,0.6092200503151317,-0.5386015006892628,lower,lower,lower,-0.6092200503151317,0.5386015006892628,-40.16425166749052,-0.49585495885790765,-0.7031337244849345,40.16425166749052,0.49585495885790765,0.7031337244849345,0.0,0.3886015006892628,0.0,3.1088120055141024,3.1088120055141024,3.1088120055141024,0.038380395129803735,0.0,0.0,0,1,0,2.6375010035608923,0.8038083036596624,2.571889800700079,-192.53757325994513,-6.430466429277299,198.96803968922242,2.456395551718795,-198.96803968922242,-208.32307385670643,0.0,-6.430466429277299,-6.430466429277299,0.0,-6.430466429277299,3.246721053876024,0.8038083036596624,2.6375010035608923,1.3424098043489252,-4.85679276149372,4.5547686062829795,5.633988289815999,0.8514240865666592,5.633988289815999,0.8514240865666592,2.5236106653243944,0.6480976215566491,mle,mle,73,8,73,8
seg_q05,0.9,active-loglik,0.03,0.9135802469135802,74,74.0,74,0.16049382716049382,13,0.16049382716049382,0.0,13,0.6217765095995391,-0.5270760144470443,lower,lower,lower,-0.6217765095995391,0.5270760144470443,-42.321929609236584,-0.5224929581387232,-0.7031337244849345,42.321929609236584,0.5224929581387232,0.7031337244849345,0.0,0.3770760144470443,0.0,2.6395321011293102,2.6395321011293102,2.6395321011293102,0.032586816063324815,0.0,0.0,0,1,0,2.6272832120316734,0.9093812016144784,2.571889800700079,-194.41895769034383,-6.365668411301349,200.7846261016452,2.4788225444647556,-200.7846261016452,-208.32307385670643,0.0,-6.365668411301349,-6.365668411301349,0.0,-6.365668411301349,3.2490597216312125,0.9093812016144784,2.6272832120316734,1.4364572160615228,-4.85679276149372,4.5547686062829795,5.632959970632512,0.9698268291236305,5.632959970632512,0.9698268291236305,2.477652554264082,0.7620542127647508,mle,mle,74,7,74,7
seg_q05,0.9,active-loglik,0.03,0.9259259259259259,75,75.0,75,0.16049382716049382,13,0.16049382716049382,0.0,13,0.6342631621407553,-0.5104677106429754,lower,lower,lower,-0.6342631621407553,0.5104677106429754,-44.5069308966988,-0.5494682826752938,-0.7031337244849345,44.5069308966988,0.5494682826752938,0.7031337244849345,0.0,0.36046771064297534,0.0,2.162806263857852,2.162806263857852,2.162806263857852,0.026701311899479652,0.0,0.0,0,1,0,2.617079221739577,1.0200617554940314,2.571889800700079,-196.28094163046828,-6.120370532964189,202.40131216343246,2.4987816316473146,-202.40131216343246,-208.32307385670643,0.0,-6.120370532964189,-6.120370532964189,0.0,-6.120370532964189,3.251342383880332,1.0200617554940314,2.617079221739577,1.5305294661370068,-4.85679276149372,4.5547686062829795,5.631931651449024,1.0882295716806005,5.631931651449024,1.0882295716806005,2.432126595608545,0.890866127782501,mle,mle,75,6,75,6
seg_q05,0.9,active-loglik,0.03,0.9382716049382716,76,76.0,76,0.16049382716049382,13,0.16049382716049382,0.0,13,0.6466843354094953,-0.4808050474157737,lower,lower,lower,-0.6466843354094953,0.4808050474157737,-46.74398425404277,-0.5770862253585527,-0.7031337244849345,46.74398425404277,0.5770862253585527,0.7031337244849345,0.0,0.33080504741577366,0.0,1.6540252370788684,1.6540252370788684,1.6540252370788684,0.02042006465529467,0.0,0.0,0,1,0,2.606886922009057,1.14216749400866,2.571889800700079,-198.12340607268834,-5.7108374700433,203.83424354273163,2.5164721425028596,-203.83424354273163,-208.32307385670643,0.0,-5.7108374700433,-5.7108374700433,0.0,-5.7108374700433,3.2535712574185522,1.14216749400866,2.606886922009057,1.6229725414244336,-4.85679276149372,4.5547686062829795,5.630903332265538,1.206632314237571,5.630903332265538,1.206632314237571,2.387024287414922,1.0319855070489885,mle,mle,76,5,76,5
