method,dataset,dataset_seed,method_seed,ConstraintFeatureNames,ConstraintFeatureScales,ConstraintLearnedRawValueMatrix,ConstraintLearnedSemanticsMatrix,ConstraintLearnedValueMatrix,ConstraintLearnedValuePerDemo,ConstraintPredictedActiveMask,ConstraintSemanticsMatrix,ConstraintTargetMatrix,ConstraintTrueActiveMask,MeanAbsCutpointError,MeanParameterError,MeanParameterErrorRaw,MeanStageSubgoalError,ParameterErrorMatrix,ParameterErrorMatrixRaw,PredictedConstraintCount,SemanticConstraintF1,SemanticConstraintMatchCount,SemanticConstraintPrecision,SemanticConstraintRecall,TrueConstraintCount,ModelObjectiveFinal,PosthocFeatureObjectiveFinal,PosthocObjectiveFinal,SegmentationLogLikelihoodFinal
arhsmm,S3ObsAvoid,1259149,0,"['obs_dist', 'speed', 'arc_dist', 'heading', 'line_dist', 'noise']","[1.0099001918441046, 0.23400965023278456, 1.5296480064975375, 6.3271107859210876, 0.7801270192468435, 0.7509006094170386]","[[1.0476006803161357, 0.04949265114784215, 0.22321170546626368, -1.9233363624021396, 0.9081373989151309, 0.0009495591566612824], [1.4131117555586443, 0.03948952728750768, 0.210587023034839, -1.9233363624021396, 0.9081373989151309, 0.0009495591566612824], [1.0176916019202296, 0.0871280375624544, 0.204795714753055, -1.9233363624021396, 0.9081373989151309, 0.0009495591566612824]]","[['', 'lower_bound', 'lower_bound', '', '', ''], ['upper_bound', 'lower_bound', 'upper_bound', '', '', ''], ['lower_bound', '', 'upper_bound', '', '', '']]","[[nan, 0.04949265114784215, 0.22321170546626368, nan, nan, nan], [1.4131117555586443, 0.03948952728750768, 0.210587023034839, nan, nan, nan], [1.0176916019202296, nan, 0.204795714753055, nan, nan, nan]]",[],"[[0, 1, 1, 0, 0, 0], [1, 1, 1, 0, 0, 0], [1, 0, 1, 0, 0, 0]]","[['lower_bound', '', '', '', '', ''], ['', 'target_value', '', '', '', ''], ['', 'target_value', 'target_value', '', '', '']]","[[0.4, nan, nan, nan, nan, nan], [nan, 0.055, nan, nan, nan, nan], [nan, 0.045, 0.2, nan, nan, nan]]","[[1, 0, 0, 0, 0, 0], [0, 1, 0, 0, 0, 0], [0, 1, 1, 0, 0, 0]]",24.15,nan,nan,0.25060912753975745,"[[nan, nan, nan, nan, nan, nan], [nan, nan, nan, nan, nan, nan], [nan, nan, nan, nan, nan, nan]]","[[nan, nan, nan, nan, nan, nan], [nan, nan, nan, nan, nan, nan], [nan, nan, nan, nan, nan, nan]]",7,0.0,0,0.0,0.0,4,1220.7830440895507,-1097.3966315045927,-1097.3966315045927,1220.7830440895507
arhsmm,S3ObsAvoid,1259149,1,"['obs_dist', 'speed', 'arc_dist', 'heading', 'line_dist', 'noise']","[1.0099001918441046, 0.23400965023278456, 1.5296480064975375, 6.3271107859210876, 0.7801270192468435, 0.7509006094170386]","[[1.408133535377874, 0.04011670682388463, 0.18891064927804035, 0.5486823979719044, 0.9081373989151309, 0.0009495591566612824], [1.0144372984821635, 0.0871280375624544, 0.20501684373735587, -1.9233363624021396, 0.9081373989151309, 0.37865658148006703], [1.0476006803161357, 0.0871280375624544, 0.19740465225221832, -1.9233363624021396, 0.9081373989151309, -0.3771751387829165]]","[['upper_bound', 'lower_bound', 'lower_bound', 'upper_bound', '', ''], ['lower_bound', '', 'upper_bound', '', '', 'upper_bound'], ['', '', 'lower_bound', '', '', 'lower_bound']]","[[1.408133535377874, 0.04011670682388463, 0.18891064927804035, 0.5486823979719044, nan, nan], [1.0144372984821635, nan, 0.20501684373735587, nan, nan, 0.37865658148006703], [nan, nan, 0.19740465225221832, nan, nan, -0.3771751387829165]]",[],"[[1, 1, 1, 1, 0, 0], [1, 0, 1, 0, 0, 1], [0, 0, 1, 0, 0, 1]]","[['lower_bound', '', '', '', '', ''], ['', 'target_value', '', '', '', ''], ['', 'target_value', 'target_value', '', '', '']]","[[0.4, nan, nan, nan, nan, nan], [nan, 0.055, nan, nan, nan, nan], [nan, 0.045, 0.2, nan, nan, nan]]","[[1, 0, 0, 0, 0, 0], [0, 1, 0, 0, 0, 0], [0, 1, 1, 0, 0, 0]]",51.25,nan,nan,0.19908563096220905,"[[nan, nan, nan, nan, nan, nan], [nan, nan, nan, nan, nan, nan], [nan, nan, nan, nan, nan, nan]]","[[nan, nan, nan, nan, nan, nan], [nan, nan, nan, nan, nan, nan], [nan, nan, nan, nan, nan, nan]]",9,0.0,0,0.0,0.0,4,842.4145210421864,-4123.401075126474,-4123.401075126474,842.4145210421864
arhsmm,S3ObsAvoid,1259149,2,"['obs_dist', 'speed', 'arc_dist', 'heading', 'line_dist', 'noise']","[1.0099001918441046, 0.23400965023278456, 1.5296480064975375, 6.3271107859210876, 0.7801270192468435, 0.7509006094170386]","[[1.0476006803161357, 0.04003664230498908, 0.18440745241854828, -1.9233363624021396, 0.6527846118879592, 0.0009495591566612824], [1.4138000643630146, 0.0871280375624544, 0.20724624152033108, -1.9233363624021396, 1.0543142620142971, 0.0009495591566612824], [1.0476006803161357, 0.0871280375624544, 0.19752338290190696, -1.9233363624021396, 0.9081373989151309, -0.3779672014484193]]","[['', 'lower_bound', 'lower_bound', '', 'lower_bound', ''], ['upper_bound', '', 'upper_bound', '', 'upper_bound', ''], ['', '', 'lower_bound', '', '', 'lower_bound']]","[[nan, 0.04003664230498908, 0.18440745241854828, nan, 0.6527846118879592, nan], [1.4138000643630146, nan, 0.20724624152033108, nan, 1.0543142620142971, nan], [nan, nan, 0.19752338290190696, nan, nan, -0.3779672014484193]]",[],"[[0, 1, 1, 0, 1, 0], [1, 0, 1, 0, 1, 0], [0, 0, 1, 0, 0, 1]]","[['lower_bound', '', '', '', '', ''], ['', 'target_value', '', '', '', ''], ['', 'target_value', 'target_value', '', '', '']]","[[0.4, nan, nan, nan, nan, nan], [nan, 0.055, nan, nan, nan, nan], [nan, 0.045, 0.2, nan, nan, nan]]","[[1, 0, 0, 0, 0, 0], [0, 1, 0, 0, 0, 0], [0, 1, 1, 0, 0, 0]]",37.35,nan,nan,0.29280095016472224,"[[nan, nan, nan, nan, nan, nan], [nan, nan, nan, nan, nan, nan], [nan, nan, nan, nan, nan, nan]]","[[nan, nan, nan, nan, nan, nan], [nan, nan, nan, nan, nan, nan], [nan, nan, nan, nan, nan, nan]]",8,0.0,0,0.0,0.0,4,1125.5583523470254,-1887.4465344965097,-1887.4465344965097,1125.5583523470254
arhsmm,S3ObsAvoid,1259149,3,"['obs_dist', 'speed', 'arc_dist', 'heading', 'line_dist', 'noise']","[1.0099001918441046, 0.23400965023278456, 1.5296480064975375, 6.3271107859210876, 0.7801270192468435, 0.7509006094170386]","[[0.3828235500194488, 0.0871280375624544, 0.44878861607549564, -1.9233363624021396, 0.9081373989151309, 0.0009495591566612824], [1.0476006803161357, 0.0871280375624544, 0.44878861607549564, -1.9233363624021396, 0.9081373989151309, 0.0009495591566612824], [1.0476006803161357, 0.0871280375624544, 0.16970019152041116, -1.9233363624021396, 0.9081373989151309, 0.0009495591566612824]]","[['lower_bound', '', '', '', '', ''], ['', '', '', '', '', ''], ['', '', 'lower_bound', '', '', '']]","[[0.3828235500194488, nan, nan, nan, nan, nan], [nan, nan, nan, nan, nan, nan], [nan, nan, 0.16970019152041116, nan, nan, nan]]",[],"[[1, 0, 0, 0, 0, 0], [0, 0, 0, 0, 0, 0], [0, 0, 1, 0, 0, 0]]","[['lower_bound', '', '', '', '', ''], ['', 'target_value', '', '', '', ''], ['', 'target_value', 'target_value', '', '', '']]","[[0.4, nan, nan, nan, nan, nan], [nan, 0.055, nan, nan, nan, nan], [nan, 0.045, 0.2, nan, nan, nan]]","[[1, 0, 0, 0, 0, 0], [0, 1, 0, 0, 0, 0], [0, 1, 1, 0, 0, 0]]",7.9,0.01700806685578164,0.017176449980551234,0.21722242823840934,"[[0.01700806685578164, nan, nan, nan, nan, nan], [nan, nan, nan, nan, nan, nan], [nan, nan, nan, nan, nan, nan]]","[[0.017176449980551234, nan, nan, nan, nan, nan], [nan, nan, nan, nan, nan, nan], [nan, nan, nan, nan, nan, nan]]",2,0.3333333333333333,1,0.5,0.25,4,1211.421144217175,-1381.8553479453674,-1381.8553479453676,1211.421144217175
arhsmm,S3ObsAvoid,1259149,4,"['obs_dist', 'speed', 'arc_dist', 'heading', 'line_dist', 'noise']","[1.0099001918441046, 0.23400965023278456, 1.5296480064975375, 6.3271107859210876, 0.7801270192468435, 0.7509006094170386]","[[1.0476006803161357, 0.04352667203718883, 0.1811549781613907, -1.9233363624021396, 0.9081373989151309, 0.0009495591566612824], [1.412766939975253, 0.0871280375624544, 0.1927051749576772, -1.9233363624021396, 1.0525036690419667, 0.0009495591566612824], [1.0476006803161357, 0.0871280375624544, 0.19752338290190696, -1.9233363624021396, 0.9081373989151309, -0.3779672014484193]]","[['', 'lower_bound', 'lower_bound', '', '', ''], ['upper_bound', '', 'lower_bound', '', 'upper_bound', ''], ['', '', 'lower_bound', '', '', 'lower_bound']]","[[nan, 0.04352667203718883, 0.1811549781613907, nan, nan, nan], [1.412766939975253, nan, 0.1927051749576772, nan, 1.0525036690419667, nan], [nan, nan, 0.19752338290190696, nan, nan, -0.3779672014484193]]",[],"[[0, 1, 1, 0, 0, 0], [1, 0, 1, 0, 1, 0], [0, 0, 1, 0, 0, 1]]","[['lower_bound', '', '', '', '', ''], ['', 'target_value', '', '', '', ''], ['', 'target_value', 'target_value', '', '', '']]","[[0.4, nan, nan, nan, nan, nan], [nan, 0.055, nan, nan, nan, nan], [nan, 0.045, 0.2, nan, nan, nan]]","[[1, 0, 0, 0, 0, 0], [0, 1, 0, 0, 0, 0], [0, 1, 1, 0, 0, 0]]",33.55,nan,nan,0.25452334583970654,"[[nan, nan, nan, nan, nan, nan], [nan, nan, nan, nan, nan, nan], [nan, nan, nan, nan, nan, nan]]","[[nan, nan, nan, nan, nan, nan], [nan, nan, nan, nan, nan, nan], [nan, nan, nan, nan, nan, nan]]",7,0.0,0,0.0,0.0,4,1180.5294985337566,-1484.0982350465838,-1484.098235046584,1180.5294985337566
arhsmm,S3ObsAvoid,1259149,5,"['obs_dist', 'speed', 'arc_dist', 'heading', 'line_dist', 'noise']","[1.0099001918441046, 0.23400965023278456, 1.5296480064975375, 6.3271107859210876, 0.7801270192468435, 0.7509006094170386]","[[0.3828237821497117, 0.0871280375624544, 0.44878861607549564, -1.9233363624021396, 0.9081373989151309, 0.0009495591566612824], [1.0476006803161357, 0.0871280375624544, 0.44878861607549564, -1.9233363624021396, 0.9081373989151309, 0.0009495591566612824], [1.0476006803161357, 0.0871280375624544, 0.19321297328379167, -1.9233363624021396, 0.9081373989151309, 0.0009495591566612824]]","[['lower_bound', '', '', '', '', ''], ['', '', '', '', '', ''], ['', '', 'lower_bound', '', '', '']]","[[0.3828237821497117, nan, nan, nan, nan, nan], [nan, nan, nan, nan, nan, nan], [nan, nan, 0.19321297328379167, nan, nan, nan]]",[],"[[1, 0, 0, 0, 0, 0], [0, 0, 0, 0, 0, 0], [0, 0, 1, 0, 0, 0]]","[['lower_bound', '', '', '', '', ''], ['', 'target_value', '', '', '', ''], ['', 'target_value', 'target_value', '', '', '']]","[[0.4, nan, nan, nan, nan, nan], [nan, 0.055, nan, nan, nan, nan], [nan, 0.045, 0.2, nan, nan, nan]]","[[1, 0, 0, 0, 0, 0], [0, 1, 0, 0, 0, 0], [0, 1, 1, 0, 0, 0]]",0.1,0.017007837001123946,0.017176217850288333,0.0747193420799277,"[[0.017007837001123946, nan, nan, nan, nan, nan], [nan, nan, nan, nan, nan, nan], [nan, nan, nan, nan, nan, nan]]","[[0.017176217850288333, nan, nan, nan, nan, nan], [nan, nan, nan, nan, nan, nan], [nan, nan, nan, nan, nan, nan]]",2,0.3333333333333333,1,0.5,0.25,4,1402.1038010687212,137.54467192236643,137.54467192236643,1402.1038010687212
arhsmm,S3ObsAvoid,1259149,6,"['obs_dist', 'speed', 'arc_dist', 'heading', 'line_dist', 'noise']","[1.0099001918441046, 0.23400965023278456, 1.5296480064975375, 6.3271107859210876, 0.7801270192468435, 0.7509006094170386]","[[1.0476006803161357, 0.039730141955745285, 0.18457791434059873, -1.9233363624021396, 0.6533720496746883, 0.0009495591566612824], [1.0201707065401522, 0.0871280375624544, 0.19230813657167017, -1.9233363624021396, 0.9081373989151309, 0.0009495591566612824], [1.0476006803161357, 0.0871280375624544, 0.19740495739950897, -6.098948496357441, 0.9081373989151309, 0.0009495591566612824]]","[['', 'lower_bound', 'lower_bound', '', 'lower_bound', ''], ['lower_bound', '', 'lower_bound', '', '', ''], ['', '', 'lower_bound', 'target_value', '', '']]","[[nan, 0.039730141955745285, 0.18457791434059873, nan, 0.6533720496746883, nan], [1.0201707065401522, nan, 0.19230813657167017, nan, nan, nan], [nan, nan, 0.19740495739950897, -6.098948496357441, nan, nan]]",[],"[[0, 1, 1, 0, 1, 0], [1, 0, 1, 0, 0, 0], [0, 0, 1, 1, 0, 0]]","[['lower_bound', '', '', '', '', ''], ['', 'target_value', '', '', '', ''], ['', 'target_value', 'target_value', '', '', '']]","[[0.4, nan, nan, nan, nan, nan], [nan, 0.055, nan, nan, nan, nan], [nan, 0.045, 0.2, nan, nan, nan]]","[[1, 0, 0, 0, 0, 0], [0, 1, 0, 0, 0, 0], [0, 1, 1, 0, 0, 0]]",41.9,nan,nan,0.2515200931764972,"[[nan, nan, nan, nan, nan, nan], [nan, nan, nan, nan, nan, nan], [nan, nan, nan, nan, nan, nan]]","[[nan, nan, nan, nan, nan, nan], [nan, nan, nan, nan, nan, nan], [nan, nan, nan, nan, nan, nan]]",7,0.0,0,0.0,0.0,4,1051.9943067668096,-2420.1743932705463,-2420.1743932705467,1051.9943067668096
arhsmm,S3ObsAvoid,1259149,7,"['obs_dist', 'speed', 'arc_dist', 'heading', 'line_dist', 'noise']","[1.0099001918441046, 0.23400965023278456, 1.5296480064975375, 6.3271107859210876, 0.7801270192468435, 0.7509006094170386]","[[1.0476006803161357, 0.0871280375624544, 0.44878861607549564, -1.9233363624021396, 0.9081373989151309, 0.37836111381777054], [1.4105361857816248, 0.039929736131271994, 0.18509372943940638, 0.5890545947102759, 0.6566126950339302, 0.0009495591566612824], [1.018173759480812, 0.0871280375624544, 0.44878861607549564, -1.9233363624021396, 0.9081373989151309, 0.0009495591566612824]]","[['', '', '', '', '', 'upper_bound'], ['upper_bound', 'lower_bound', 'lower_bound', 'upper_bound', 'lower_bound', ''], ['lower_bound', '', '', '', '', '']]","[[nan, nan, nan, nan, nan, 0.37836111381777054], [1.4105361857816248, 0.039929736131271994, 0.18509372943940638, 0.5890545947102759, 0.6566126950339302, nan], [1.018173759480812, nan, nan, nan, nan, nan]]",[],"[[0, 0, 0, 0, 0, 1], [1, 1, 1, 1, 1, 0], [1, 0, 0, 0, 0, 0]]","[['lower_bound', '', '', '', '', ''], ['', 'target_value', '', '', '', ''], ['', 'target_value', 'target_value', '', '', '']]","[[0.4, nan, nan, nan, nan, nan], [nan, 0.055, nan, nan, nan, nan], [nan, 0.045, 0.2, nan, nan, nan]]","[[1, 0, 0, 0, 0, 0], [0, 1, 0, 0, 0, 0], [0, 1, 1, 0, 0, 0]]",21.25,nan,nan,0.5423532052458085,"[[nan, nan, nan, nan, nan, nan], [nan, nan, nan, nan, nan, nan], [nan, nan, nan, nan, nan, nan]]","[[nan, nan, nan, nan, nan, nan], [nan, nan, nan, nan, nan, nan], [nan, nan, nan, nan, nan, nan]]",7,0.0,0,0.0,0.0,4,1019.8708393680811,-2983.2426689021736,-2983.2426689021736,1019.8708393680811
arhsmm,S3ObsAvoid,1259149,8,"['obs_dist', 'speed', 'arc_dist', 'heading', 'line_dist', 'noise']","[1.0099001918441046, 0.23400965023278456, 1.5296480064975375, 6.3271107859210876, 0.7801270192468435, 0.7509006094170386]","[[1.0476006803161357, 0.0494922621572381, 0.17954232897336425, -1.9233363624021396, 0.9081373989151309, 0.0009495591566612824], [1.4123024884875088, 0.0871280375624544, 0.19290604659393112, -1.9233363624021396, 0.9081373989151309, 0.0009495591566612824], [1.0476006803161357, 0.0871280375624544, 0.19764168779461316, -1.9233363624021396, 0.9081373989151309, -0.3783600851874468]]","[['', 'lower_bound', 'lower_bound', '', '', ''], ['upper_bound', '', 'lower_bound', '', '', ''], ['', '', 'lower_bound', '', '', 'lower_bound']]","[[nan, 0.0494922621572381, 0.17954232897336425, nan, nan, nan], [1.4123024884875088, nan, 0.19290604659393112, nan, nan, nan], [nan, nan, 0.19764168779461316, nan, nan, -0.3783600851874468]]",[],"[[0, 1, 1, 0, 0, 0], [1, 0, 1, 0, 0, 0], [0, 0, 1, 0, 0, 1]]","[['lower_bound', '', '', '', '', ''], ['', 'target_value', '', '', '', ''], ['', 'target_value', 'target_value', '', '', '']]","[[0.4, nan, nan, nan, nan, nan], [nan, 0.055, nan, nan, nan, nan], [nan, 0.045, 0.2, nan, nan, nan]]","[[1, 0, 0, 0, 0, 0], [0, 1, 0, 0, 0, 0], [0, 1, 1, 0, 0, 0]]",32.55,nan,nan,0.2315822329918317,"[[nan, nan, nan, nan, nan, nan], [nan, nan, nan, nan, nan, nan], [nan, nan, nan, nan, nan, nan]]","[[nan, nan, nan, nan, nan, nan], [nan, nan, nan, nan, nan, nan], [nan, nan, nan, nan, nan, nan]]",6,0.0,0,0.0,0.0,4,1206.8110263008825,-1431.0312817290448,-1431.0312817290448,1206.8110263008825
arhsmm,S3ObsAvoid,1259149,9,"['obs_dist', 'speed', 'arc_dist', 'heading', 'line_dist', 'noise']","[1.0099001918441046, 0.23400965023278456, 1.5296480064975375, 6.3271107859210876, 0.7801270192468435, 0.7509006094170386]","[[1.0476006803161357, 0.0871280375624544, 0.44878861607549564, -1.9233363624021396, 0.9081373989151309, 0.0009495591566612824], [0.382823111700904, 0.0871280375624544, 0.44878861607549564, -1.9233363624021396, 0.9081373989151309, 0.0009495591566612824], [1.0476006803161357, 0.0871280375624544, 0.1686768704319373, -1.9233363624021396, 0.9081373989151309, 0.0009495591566612824]]","[['', '', '', '', '', ''], ['lower_bound', '', '', '', '', ''], ['', '', 'lower_bound', '', '', '']]","[[nan, nan, nan, nan, nan, nan], [0.382823111700904, nan, nan, nan, nan, nan], [nan, nan, 0.1686768704319373, nan, nan, nan]]",[],"[[0, 0, 0, 0, 0, 0], [1, 0, 0, 0, 0, 0], [0, 0, 1, 0, 0, 0]]","[['lower_bound', '', '', '', '', ''], ['', 'target_value', '', '', '', ''], ['', 'target_value', 'target_value', '', '', '']]","[[0.4, nan, nan, nan, nan, nan], [nan, 0.055, nan, nan, nan, nan], [nan, 0.045, 0.2, nan, nan, nan]]","[[1, 0, 0, 0, 0, 0], [0, 1, 0, 0, 0, 0], [0, 1, 1, 0, 0, 0]]",16.05,nan,nan,0.598668243379913,"[[nan, nan, nan, nan, nan, nan], [nan, nan, nan, nan, nan, nan], [nan, nan, nan, nan, nan, nan]]","[[nan, nan, nan, nan, nan, nan], [nan, nan, nan, nan, nan, nan], [nan, nan, nan, nan, nan, nan]]",2,0.0,0,0.0,0.0,4,1223.5221491577047,-1923.8143607508048,-1923.8143607508046,1223.5221491577047
arhsmm,S4SlideInsert,1342,0,"['surf_dist', 'center_dist', 'orient_err', 'speed', 'normal_force', 'start_dist', 'insert_err']","[0.04504042113987532, 0.016531661532743908, 0.2592147908053491, 0.017472314322540528, 10.084718070106007, 0.3422378234631881, 0.3338864451292424]","[[0.0073846196186389485, 0.0027713173895587374, 0.0889411106581908, 0.007224390068768467, 0.1808949804971105, 0.23125838106731644, 0.15758606143389087], [7.219453074264453e-05, 4.122993167199589e-06, 0.0889411106581908, 0.007227504373186655, 7.616534054866854, 0.23125838106731644, 0.15758606143389087], [4.1404191682773046e-05, 0.00045513737799861374, 0.057000119872103155, 0.006827429929945448, 7.199994196509694, 0.23125838106731644, 0.15758606143389087], [2.7389124294525252e-05, 2.6635407778932696e-05, 0.03800009706619118, 0.0027261584042479444, 9.999990285492007, 0.23125838106731644, 0.15758606143389087]]","[['', '', '', '', 'upper_bound', '', ''], ['lower_bound', 'lower_bound', '', 'upper_bound', 'upper_bound', '', ''], ['lower_bound', 'target_value', 'upper_bound', 'target_value', 'lower_bound', '', ''], ['lower_bound', 'lower_bound', 'upper_bound', 'upper_bound', 'lower_bound', '', '']]","[[nan, nan, nan, nan, 0.1808949804971105, nan, nan], [7.219453074264453e-05, 4.122993167199589e-06, nan, 0.007227504373186655, 7.616534054866854, nan, nan], [4.1404191682773046e-05, 0.00045513737799861374, 0.057000119872103155, 0.006827429929945448, 7.199994196509694, nan, nan], [2.7389124294525252e-05, 2.6635407778932696e-05, 0.03800009706619118, 0.0027261584042479444, 9.999990285492007, nan, nan]]",[],"[[0, 0, 0, 0, 1, 0, 0], [1, 1, 0, 1, 1, 0, 0], [1, 1, 1, 1, 1, 0, 0], [1, 1, 1, 1, 1, 0, 0]]","[['', '', '', '', '', '', ''], ['target_value', 'target_value', '', '', 'lower_bound', '', ''], ['target_value', 'target_value', 'upper_bound', 'upper_bound', 'lower_bound', '', ''], ['target_value', 'target_value', 'upper_bound', 'upper_bound', 'lower_bound', '', '']]","[[nan, nan, nan, nan, nan, nan, nan], [0.0, 0.0, nan, nan, 4.0, nan, nan], [0.0, 0.0, 0.06, 0.0072, 7.199999999999999, nan, nan], [0.0, 0.0, 0.04, 0.00288, 10.0, nan, nan]]","[[0, 0, 0, 0, 0, 0, 0], [1, 1, 0, 0, 1, 0, 0], [1, 1, 1, 1, 1, 0, 0], [1, 1, 1, 1, 1, 0, 0]]",11.333333333333332,0.009270976154476494,0.0009373800056257069,0.056104895892935616,"[[nan, nan, nan, nan, nan, nan, nan], [nan, nan, nan, nan, nan, nan, nan], [nan, 0.02753125432051297, 0.01157295121384307, nan, 5.754737281565634e-07, nan, nan], [nan, nan, 0.007715234642264674, 0.008804877986517745, 9.632899923592358e-07, nan, nan]]","[[nan, nan, nan, nan, nan, nan, nan], [nan, nan, nan, nan, nan, nan, nan], [nan, 0.00045513737799861374, 0.0029998801278968423, nan, 5.803490305211767e-06, nan, nan], [nan, nan, 0.0019999029338088198, 0.0001538415957520558, 9.714507992697463e-06, nan, nan]]",15,0.42857142857142855,6,0.4,0.46153846153846156,13,4387.505232803373,8418.44934958003,8418.44934958003,4387.505232803373
arhsmm,S4SlideInsert,1342,1,"['surf_dist', 'center_dist', 'orient_err', 'speed', 'normal_force', 'start_dist', 'insert_err']","[0.04504042113987532, 0.016531661532743908, 0.2592147908053491, 0.017472314322540528, 10.084718070106007, 0.3422378234631881, 0.3338864451292424]","[[0.00025143575449316276, 1.0159712093130158e-05, 0.0889411106581908, 0.007224390068768467, 0.049174007748462145, 0.23125838106731644, 0.15758606143389087], [0.0001030257868969587, 0.0004734377070295219, 0.057000040366484615, 0.006834765060025015, 7.199991068768549, 0.23125838106731644, 0.15758606143389087], [1.7145545446427268e-06, 7.412649247869052e-06, 0.057000158808873526, 0.007224390068768467, 7.199999999999999, 0.23125838106731644, 0.03402757785533357], [2.7407497215964707e-05, 3.393163913539268e-05, 0.03800024716308789, 0.002726163288079957, 9.999992003342935, 0.23125838106731644, 0.15758606143389087]]","[['lower_bound', 'lower_bound', '', '', 'lower_bound', '', ''], ['lower_bound', 'target_value', 'upper_bound', 'target_value', 'lower_bound', '', ''], ['lower_bound', 'lower_bound', 'upper_bound', '', 'lower_bound', '', 'target_value'], ['lower_bound', 'lower_bound', 'upper_bound', 'upper_bound', 'lower_bound', '', '']]","[[0.00025143575449316276, 1.0159712093130158e-05, nan, nan, 0.049174007748462145, nan, nan], [0.0001030257868969587, 0.0004734377070295219, 0.057000040366484615, 0.006834765060025015, 7.199991068768549, nan, nan], [1.7145545446427268e-06, 7.412649247869052e-06, 0.057000158808873526, nan, 7.199999999999999, nan, 0.03402757785533357], [2.7407497215964707e-05, 3.393163913539268e-05, 0.03800024716308789, 0.002726163288079957, 9.999992003342935, nan, nan]]",[],"[[1, 1, 0, 0, 1, 0, 0], [1, 1, 1, 1, 1, 0, 0], [1, 1, 1, 0, 1, 0, 1], [1, 1, 1, 1, 1, 0, 0]]","[['', '', '', '', '', '', ''], ['target_value', 'target_value', '', '', 'lower_bound', '', ''], ['target_value', 'target_value', 'upper_bound', 'upper_bound', 'lower_bound', '', ''], ['target_value', 'target_value', 'upper_bound', 'upper_bound', 'lower_bound', '', '']]","[[nan, nan, nan, nan, nan, nan, nan], [0.0, 0.0, nan, nan, 4.0, nan, nan], [0.0, 0.0, 0.06, 0.0072, 7.199999999999999, nan, nan], [0.0, 0.0, 0.04, 0.00288, 10.0, nan, nan]]","[[0, 0, 0, 0, 0, 0, 0], [1, 1, 0, 0, 1, 0, 0], [1, 1, 1, 1, 1, 0, 0], [1, 1, 1, 1, 1, 0, 0]]",25.76666666666667,0.05343457129957892,0.4579465619818003,0.082900221011706,"[[nan, nan, nan, nan, nan, nan, nan], [nan, 0.028638240995425293, nan, nan, 0.31731091008426293, nan, nan], [nan, nan, 0.011572801003393082, nan, 0.0, nan, nan], [nan, nan, 0.0077146555977732545, 0.00880459846819394, 7.929480039931307e-07, nan, nan]]","[[nan, nan, nan, nan, nan, nan, nan], [nan, 0.0004734377070295219, nan, nan, 3.199991068768549, nan, nan], [nan, nan, 0.002999841191126472, nan, 0.0, nan, nan], [nan, nan, 0.0019997528369121095, 0.0001538367119200434, 7.996657064524015e-06, nan, nan]]",18,0.45161290322580644,7,0.3888888888888889,0.5384615384615384,13,4154.903388369239,5496.304153684992,5496.304153684993,4154.903388369239
arhsmm,S4SlideInsert,1342,2,"['surf_dist', 'center_dist', 'orient_err', 'speed', 'normal_force', 'start_dist', 'insert_err']","[0.04504042113987532, 0.016531661532743908, 0.2592147908053491, 0.017472314322540528, 10.084718070106007, 0.3422378234631881, 0.3338864451292424]","[[0.0002513933053656355, 1.0193432375128243e-05, 0.0889411106581908, 0.007224390068768467, 0.04916854860220887, 0.23125838106731644, 0.15758606143389087], [8.495683178279603e-05, 0.0004418725237175171, 0.05700022430582064, 0.0068493991253044334, 7.199990287532157, 0.23125838106731644, 0.15758606143389087], [7.048864145665305e-05, 0.0, 0.0889411106581908, 0.007224390068768467, 5.717345210650845, 0.23125838106731644, 0.021741129765177253], [2.8296736587698525e-05, 5.428168889863279e-05, 0.038000206206299215, 0.00272759422861336, 9.999995445688647, 0.23125838106731644, 0.15758606143389087]]","[['lower_bound', 'lower_bound', '', '', 'lower_bound', '', ''], ['lower_bound', 'target_value', 'upper_bound', 'target_value', 'lower_bound', '', ''], ['lower_bound', 'lower_bound', '', '', '', '', 'target_value'], ['lower_bound', 'lower_bound', 'upper_bound', 'upper_bound', 'lower_bound', '', '']]","[[0.0002513933053656355, 1.0193432375128243e-05, nan, nan, 0.04916854860220887, nan, nan], [8.495683178279603e-05, 0.0004418725237175171, 0.05700022430582064, 0.0068493991253044334, 7.199990287532157, nan, nan], [7.048864145665305e-05, 0.0, nan, nan, nan, nan, 0.021741129765177253], [2.8296736587698525e-05, 5.428168889863279e-05, 0.038000206206299215, 0.00272759422861336, 9.999995445688647, nan, nan]]",[],"[[1, 1, 0, 0, 1, 0, 0], [1, 1, 1, 1, 1, 0, 0], [1, 1, 0, 0, 0, 0, 1], [1, 1, 1, 1, 1, 0, 0]]","[['', '', '', '', '', '', ''], ['target_value', 'target_value', '', '', 'lower_bound', '', ''], ['target_value', 'target_value', 'upper_bound', 'upper_bound', 'lower_bound', '', ''], ['target_value', 'target_value', 'upper_bound', 'upper_bound', 'lower_bound', '', '']]","[[nan, nan, nan, nan, nan, nan, nan], [0.0, 0.0, nan, nan, 4.0, nan, nan], [0.0, 0.0, 0.06, 0.0072, 7.199999999999999, nan, nan], [0.0, 0.0, 0.04, 0.00288, 10.0, nan, nan]]","[[0, 0, 0, 0, 0, 0, 0], [1, 1, 0, 0, 1, 0, 0], [1, 1, 1, 1, 1, 0, 0], [1, 1, 1, 1, 1, 0, 0]]",28.1,0.0720955324292352,0.640517782786463,0.08302972905635655,"[[nan, nan, nan, nan, nan, nan, nan], [nan, 0.02672886345043477, nan, nan, 0.3173108326169122, nan, nan], [nan, nan, nan, nan, nan, nan, nan], [nan, nan, 0.007714813601059057, 0.008722700872547035, 4.516052229991105e-07, nan, nan]]","[[nan, nan, nan, nan, nan, nan, nan], [nan, 0.0004418725237175171, nan, nan, 3.199990287532157, nan, nan], [nan, nan, nan, nan, nan, nan, nan], [nan, nan, 0.0019997937937007854, 0.00015240577138664032, 4.554311352933382e-06, nan, nan]]",16,0.3448275862068966,5,0.3125,0.38461538461538464,13,4177.3300493253055,4778.955981401252,4778.955981401252,4177.3300493253055
arhsmm,S4SlideInsert,1342,3,"['surf_dist', 'center_dist', 'orient_err', 'speed', 'normal_force', 'start_dist', 'insert_err']","[0.04504042113987532, 0.016531661532743908, 0.2592147908053491, 0.017472314322540528, 10.084718070106007, 0.3422378234631881, 0.3338864451292424]","[[0.0073846196186389485, 0.0027713173895587374, 0.0889411106581908, 0.007224390068768467, 0.18217125088830421, 0.23125838106731644, 0.15758606143389087], [0.0073846196186389485, 0.0027713173895587374, 0.0889411106581908, 0.007224390068768467, 5.717345210650845, 0.23125838106731644, 0.15758606143389087], [7.052657443852844e-05, 6.856609719943334e-06, 0.0889411106581908, 0.007213921154382061, 5.717345210650845, 0.23125838106731644, 0.15758606143389087], [3.30719300907379e-05, 0.00038820743157207474, 0.03799999999999981, 0.002727604994894537, 10.000000203742664, 0.23125838106731644, 0.15758606143389087]]","[['', '', '', '', 'upper_bound', '', ''], ['', '', '', '', '', '', ''], ['lower_bound', 'lower_bound', '', 'upper_bound', '', '', ''], ['lower_bound', 'upper_bound', 'lower_bound', 'upper_bound', 'lower_bound', '', '']]","[[nan, nan, nan, nan, 0.18217125088830421, nan, nan], [nan, nan, nan, nan, nan, nan, nan], [7.052657443852844e-05, 6.856609719943334e-06, nan, 0.007213921154382061, nan, nan, nan], [3.30719300907379e-05, 0.00038820743157207474, 0.03799999999999981, 0.002727604994894537, 10.000000203742664, nan, nan]]",[],"[[0, 0, 0, 0, 1, 0, 0], [0, 0, 0, 0, 0, 0, 0], [1, 1, 0, 1, 0, 0, 0], [1, 1, 1, 1, 1, 0, 0]]","[['', '', '', '', '', '', ''], ['target_value', 'target_value', '', '', 'lower_bound', '', ''], ['target_value', 'target_value', 'upper_bound', 'upper_bound', 'lower_bound', '', ''], ['target_value', 'target_value', 'upper_bound', 'upper_bound', 'lower_bound', '', '']]","[[nan, nan, nan, nan, nan, nan, nan], [0.0, 0.0, nan, nan, 4.0, nan, nan], [0.0, 0.0, 0.06, 0.0072, 7.199999999999999, nan, nan], [0.0, 0.0, 0.04, 0.00288, 10.0, nan, nan]]","[[0, 0, 0, 0, 0, 0, 0], [1, 1, 0, 0, 1, 0, 0], [1, 1, 1, 1, 1, 0, 0], [1, 1, 1, 1, 1, 0, 0]]",12.033333333333335,0.003172953306058673,5.550663405038441e-05,0.06547803760056652,"[[nan, nan, nan, nan, nan, nan, nan], [nan, nan, nan, nan, nan, nan, nan], [nan, nan, nan, 0.0007967550334246075, nan, nan, nan], [nan, nan, nan, 0.008722084681641892, 2.020310951807027e-08, nan, nan]]","[[nan, nan, nan, nan, nan, nan, nan], [nan, nan, nan, nan, nan, nan, nan], [nan, nan, nan, 1.3921154382061027e-05, nan, nan, nan], [nan, nan, nan, 0.00015239500510546298, 2.037426636292139e-07, nan, nan]]",9,0.27272727272727276,3,0.3333333333333333,0.23076923076923078,13,4074.7125671758813,2879.4183054655778,2879.4183054655778,4074.7125671758813
arhsmm,S4SlideInsert,1342,4,"['surf_dist', 'center_dist', 'orient_err', 'speed', 'normal_force', 'start_dist', 'insert_err']","[0.04504042113987532, 0.016531661532743908, 0.2592147908053491, 0.017472314322540528, 10.084718070106007, 0.3422378234631881, 0.3338864451292424]","[[0.0002521250190783541, 1.0181754435272233e-05, 0.0889411106581908, 0.007224390068768467, 0.04916876962309491, 0.23125838106731644, 0.15758606143389087], [7.952307575781123e-05, 0.00042342424656654533, 0.05700018999765933, 0.006858897009200544, 7.199984515595693, 0.23125838106731644, 0.15758606143389087], [0.0073846196186389485, 3.0046777400197754e-05, 0.03800005531270871, 0.0027272352808735993, 9.99999468855236, 0.23125838106731644, 0.15758606143389087], [2.7383140085998972e-05, 0.0027713173895587374, 0.03799999999999981, 0.002727973238666633, 5.717345210650845, 0.23125838106731644, 0.15758606143389087]]","[['lower_bound', 'lower_bound', '', '', 'lower_bound', '', ''], ['lower_bound', 'target_value', 'upper_bound', 'target_value', 'lower_bound', '', ''], ['', 'lower_bound', 'upper_bound', 'upper_bound', 'lower_bound', '', ''], ['lower_bound', '', 'lower_bound', 'upper_bound', '', '', '']]","[[0.0002521250190783541, 1.0181754435272233e-05, nan, nan, 0.04916876962309491, nan, nan], [7.952307575781123e-05, 0.00042342424656654533, 0.05700018999765933, 0.006858897009200544, 7.199984515595693, nan, nan], [nan, 3.0046777400197754e-05, 0.03800005531270871, 0.0027272352808735993, 9.99999468855236, nan, nan], [2.7383140085998972e-05, nan, 0.03799999999999981, 0.002727973238666633, nan, nan, nan]]",[],"[[1, 1, 0, 0, 1, 0, 0], [1, 1, 1, 1, 1, 0, 0], [0, 1, 1, 1, 1, 0, 0], [1, 0, 1, 1, 0, 0, 0]]","[['', '', '', '', '', '', ''], ['target_value', 'target_value', '', '', 'lower_bound', '', ''], ['target_value', 'target_value', 'upper_bound', 'upper_bound', 'lower_bound', '', ''], ['target_value', 'target_value', 'upper_bound', 'upper_bound', 'lower_bound', '', '']]","[[nan, nan, nan, nan, nan, nan, nan], [0.0, 0.0, nan, nan, 4.0, nan, nan], [0.0, 0.0, 0.06, 0.0072, 7.199999999999999, nan, nan], [0.0, 0.0, 0.04, 0.00288, 10.0, nan, nan]]","[[0, 0, 0, 0, 0, 0, 0], [1, 1, 0, 0, 1, 0, 0], [1, 1, 1, 1, 1, 0, 0], [1, 1, 1, 1, 1, 0, 0]]",33.66666666666667,0.1616890869567711,1.004504560760395,0.0941536065732151,"[[nan, nan, nan, nan, nan, nan, nan], [nan, 0.025612927395584406, nan, nan, 0.31731026027206094, nan, nan], [nan, nan, 0.08487148676562828, 0.25599154391105566, 0.2776472945587191, nan, nan], [nan, nan, nan, 0.008701008837578069, nan, nan, nan]]","[[nan, nan, nan, nan, nan, nan, nan], [nan, 0.00042342424656654533, nan, nan, 3.199984515595693, nan, nan], [nan, nan, 0.021999944687291287, 0.0044727647191264005, 2.79999468855236, nan, nan], [nan, nan, nan, 0.000152026761333367, nan, nan, nan]]",15,0.42857142857142855,6,0.4,0.46153846153846156,13,4085.9619124174487,4498.036001431185,4498.036001431185,4085.9619124174487
arhsmm,S4SlideInsert,1342,5,"['surf_dist', 'center_dist', 'orient_err', 'speed', 'normal_force', 'start_dist', 'insert_err']","[0.04504042113987532, 0.016531661532743908, 0.2592147908053491, 0.017472314322540528, 10.084718070106007, 0.3422378234631881, 0.3338864451292424]","[[0.0073846196186389485, 0.0027713173895587374, 0.0889411106581908, 0.007224390068768467, 0.1738139594909569, 0.23125838106731644, 0.15758606143389087], [0.0073846196186389485, 0.0027713173895587374, 0.0889411106581908, 0.007224390068768467, 0.18028861171496757, 0.23125838106731644, 0.15758606143389087], [6.256812018375774e-05, 7.88253081226379e-06, 0.0889411106581908, 0.0011622987977435491, 3.9999916647186415, 0.23125838106731644, 0.15758606143389087], [6.666512846354236e-05, 1.78562336867979e-05, 0.05700003821162487, 0.007213359621742601, 7.199996209792303, 0.23125838106731644, 0.15758606143389087]]","[['', '', '', '', 'upper_bound', '', ''], ['', '', '', '', 'upper_bound', '', ''], ['lower_bound', 'lower_bound', '', 'upper_bound', 'lower_bound', '', ''], ['lower_bound', 'lower_bound', 'upper_bound', 'upper_bound', 'lower_bound', '', '']]","[[nan, nan, nan, nan, 0.1738139594909569, nan, nan], [nan, nan, nan, nan, 0.18028861171496757, nan, nan], [6.256812018375774e-05, 7.88253081226379e-06, nan, 0.0011622987977435491, 3.9999916647186415, nan, nan], [6.666512846354236e-05, 1.78562336867979e-05, 0.05700003821162487, 0.007213359621742601, 7.199996209792303, nan, nan]]",[],"[[0, 0, 0, 0, 1, 0, 0], [0, 0, 0, 0, 1, 0, 0], [1, 1, 0, 1, 1, 0, 0], [1, 1, 1, 1, 1, 0, 0]]","[['', '', '', '', '', '', ''], ['target_value', 'target_value', '', '', 'lower_bound', '', ''], ['target_value', 'target_value', 'upper_bound', 'upper_bound', 'lower_bound', '', ''], ['target_value', 'target_value', 'upper_bound', 'upper_bound', 'lower_bound', '', '']]","[[nan, nan, nan, nan, nan, nan, nan], [0.0, 0.0, nan, nan, 4.0, nan, nan], [0.0, 0.0, 0.06, 0.0072, 7.199999999999999, nan, nan], [0.0, 0.0, 0.04, 0.00288, 10.0, nan, nan]]","[[0, 0, 0, 0, 0, 0, 0], [1, 1, 0, 0, 1, 0, 0], [1, 1, 1, 1, 1, 0, 0], [1, 1, 1, 1, 1, 0, 0]]",36.13333333333334,0.25082294873097544,1.2054766449049357,0.12663683090643002,"[[nan, nan, nan, nan, nan, nan, nan], [nan, nan, nan, nan, nan, nan, nan], [nan, nan, nan, 0.3455581836956417, 0.3173126222305707, nan, nan], [nan, nan, 0.06558282480258092, 0.2480129158478026, 0.27764819707828126, nan, nan]]","[[nan, nan, nan, nan, nan, nan, nan], [nan, nan, nan, nan, nan, nan, nan], [nan, nan, nan, 0.006037701202256451, 3.2000083352813578, nan, nan], [nan, nan, 0.017000038211624872, 0.0043333596217426, 2.800003790207697, nan, nan]]",11,0.41666666666666663,5,0.45454545454545453,0.38461538461538464,13,4176.532927635742,5730.867988734229,5730.867988734229,4176.532927635742
arhsmm,S4SlideInsert,1342,6,"['surf_dist', 'center_dist', 'orient_err', 'speed', 'normal_force', 'start_dist', 'insert_err']","[0.04504042113987532, 0.016531661532743908, 0.2592147908053491, 0.017472314322540528, 10.084718070106007, 0.3422378234631881, 0.3338864451292424]","[[0.0002521250190783541, 1.0181754435272233e-05, 0.0889411106581908, 0.007224390068768467, 0.04916876962309491, 0.23125838106731644, 0.15758606143389087], [8.124688616900026e-05, 0.00042741626965735755, 0.057000460968870466, 0.006856940509386025, 7.199995834669597, 0.23125838106731644, 0.15758606143389087], [1.7923630551847265e-05, 0.0027713173895587374, 0.03799999999999981, 0.002725789845084186, 9.999992460486556, 0.23125838106731644, 0.15758606143389087], [3.1517790929182395e-05, 0.0027713173895587374, 0.038000186450416404, 0.0027256670442886233, 9.999988999702547, 0.23125838106731644, 0.15758606143389087]]","[['lower_bound', 'lower_bound', '', '', 'lower_bound', '', ''], ['lower_bound', 'target_value', 'upper_bound', 'target_value', 'lower_bound', '', ''], ['lower_bound', '', 'lower_bound', 'upper_bound', 'lower_bound', '', ''], ['lower_bound', '', 'upper_bound', 'upper_bound', 'lower_bound', '', '']]","[[0.0002521250190783541, 1.0181754435272233e-05, nan, nan, 0.04916876962309491, nan, nan], [8.124688616900026e-05, 0.00042741626965735755, 0.057000460968870466, 0.006856940509386025, 7.199995834669597, nan, nan], [1.7923630551847265e-05, nan, 0.03799999999999981, 0.002725789845084186, 9.999992460486556, nan, nan], [3.1517790929182395e-05, nan, 0.038000186450416404, 0.0027256670442886233, 9.999988999702547, nan, nan]]",[],"[[1, 1, 0, 0, 1, 0, 0], [1, 1, 1, 1, 1, 0, 0], [1, 0, 1, 1, 1, 0, 0], [1, 0, 1, 1, 1, 0, 0]]","[['', '', '', '', '', '', ''], ['target_value', 'target_value', '', '', 'lower_bound', '', ''], ['target_value', 'target_value', 'upper_bound', 'upper_bound', 'lower_bound', '', ''], ['target_value', 'target_value', 'upper_bound', 'upper_bound', 'lower_bound', '', '']]","[[nan, nan, nan, nan, nan, nan, nan], [0.0, 0.0, nan, nan, 4.0, nan, nan], [0.0, 0.0, 0.06, 0.0072, 7.199999999999999, nan, nan], [0.0, 0.0, 0.04, 0.00288, 10.0, nan, nan]]","[[0, 0, 0, 0, 0, 0, 0], [1, 1, 0, 0, 1, 0, 0], [1, 1, 1, 1, 1, 0, 0], [1, 1, 1, 1, 1, 0, 0]]",29.46666666666666,0.12763373043282036,0.8581507240547822,0.09292706992162787,"[[nan, nan, nan, nan, nan, nan, nan], [nan, 0.025854404822575353, nan, nan, 0.3173113826707066, nan, nan], [nan, nan, nan, 0.25607427111952563, 0.2776470736238563, nan, nan], [nan, nan, 0.007714889815393703, 0.00883300018889177, 1.0907887931925957e-06, nan, nan]]","[[nan, nan, nan, nan, nan, nan, nan], [nan, 0.00042741626965735755, nan, nan, 3.199995834669597, nan, nan], [nan, nan, nan, 0.004474210154915814, 2.799992460486557, nan, nan], [nan, nan, 0.001999813549583597, 0.00015433295571137687, 1.1000297453378494e-05, nan, nan]]",16,0.4827586206896552,7,0.4375,0.5384615384615384,13,4166.984312295184,4699.235531805742,4699.235531805742,4166.984312295184
arhsmm,S4SlideInsert,1342,7,"['surf_dist', 'center_dist', 'orient_err', 'speed', 'normal_force', 'start_dist', 'insert_err']","[0.04504042113987532, 0.016531661532743908, 0.2592147908053491, 0.017472314322540528, 10.084718070106007, 0.3422378234631881, 0.3338864451292424]","[[0.0073846196186389485, 0.0027713173895587374, 0.0889411106581908, 0.007224390068768467, 0.17381839402928811, 0.23125838106731644, 0.15758606143389087], [0.0073846196186389485, 0.0027713173895587374, 0.0889411106581908, 0.007224390068768467, 0.18027562343811265, 0.23125838106731644, 0.15758606143389087], [5.509030339635734e-05, 7.902069740746333e-06, 0.0889411106581908, 0.0011652912027827322, 3.9999858406205666, 0.23125838106731644, 0.15758606143389087], [6.666512846354236e-05, 1.78562336867979e-05, 0.05700003821162487, 0.007213359621742601, 7.199996209792303, 0.23125838106731644, 0.15758606143389087]]","[['', '', '', '', 'upper_bound', '', ''], ['', '', '', '', 'upper_bound', '', ''], ['lower_bound', 'lower_bound', '', 'upper_bound', 'lower_bound', '', ''], ['lower_bound', 'lower_bound', 'upper_bound', 'upper_bound', 'lower_bound', '', '']]","[[nan, nan, nan, nan, 0.17381839402928811, nan, nan], [nan, nan, nan, nan, 0.18027562343811265, nan, nan], [5.509030339635734e-05, 7.902069740746333e-06, nan, 0.0011652912027827322, 3.9999858406205666, nan, nan], [6.666512846354236e-05, 1.78562336867979e-05, 0.05700003821162487, 0.007213359621742601, 7.199996209792303, nan, nan]]",[],"[[0, 0, 0, 0, 1, 0, 0], [0, 0, 0, 0, 1, 0, 0], [1, 1, 0, 1, 1, 0, 0], [1, 1, 1, 1, 1, 0, 0]]","[['', '', '', '', '', '', ''], ['target_value', 'target_value', '', '', 'lower_bound', '', ''], ['target_value', 'target_value', 'upper_bound', 'upper_bound', 'lower_bound', '', ''], ['target_value', 'target_value', 'upper_bound', 'upper_bound', 'lower_bound', '', '']]","[[nan, nan, nan, nan, nan, nan, nan], [0.0, 0.0, nan, nan, 4.0, nan, nan], [0.0, 0.0, 0.06, 0.0072, 7.199999999999999, nan, nan], [0.0, 0.0, 0.04, 0.00288, 10.0, nan, nan]]","[[0, 0, 0, 0, 0, 0, 0], [1, 1, 0, 0, 1, 0, 0], [1, 1, 1, 1, 1, 0, 0], [1, 1, 1, 1, 1, 0, 0]]",35.833333333333336,0.25078881112994333,1.205477211243543,0.12487022991625063,"[[nan, nan, nan, nan, nan, nan, nan], [nan, nan, nan, nan, nan, nan, nan], [nan, nan, nan, 0.34538691817328765, 0.317313199747764, nan, nan], [nan, nan, 0.06558282480258092, 0.2480129158478026, 0.27764819707828126, nan, nan]]","[[nan, nan, nan, nan, nan, nan, nan], [nan, nan, nan, nan, nan, nan, nan], [nan, nan, nan, 0.006034708797217268, 3.2000141593794327, nan, nan], [nan, nan, 0.017000038211624872, 0.0043333596217426, 2.800003790207697, nan, nan]]",11,0.41666666666666663,5,0.45454545454545453,0.38461538461538464,13,4185.511035465794,5525.745708823292,5525.745708823292,4185.511035465794
arhsmm,S4SlideInsert,1342,8,"['surf_dist', 'center_dist', 'orient_err', 'speed', 'normal_force', 'start_dist', 'insert_err']","[0.04504042113987532, 0.016531661532743908, 0.2592147908053491, 0.017472314322540528, 10.084718070106007, 0.3422378234631881, 0.3338864451292424]","[[0.0002521250190783541, 1.0181754435272233e-05, 0.0889411106581908, 0.007224390068768467, 0.04916876962309491, 0.23125838106731644, 0.15758606143389087], [8.12090161443407e-05, 0.00042918688906940644, 0.05700012409083063, 0.006856085783814987, 7.199992494789413, 0.23125838106731644, 0.15758606143389087], [7.990238648792822e-06, 5.3865924559818625e-06, 0.03800000529575036, 0.0027258295861851177, 9.999985074602353, 0.23125838106731644, 0.15758606143389087], [3.309651799870018e-05, 0.0027713173895587374, 0.038000236695857004, 0.002720494574982268, 9.999995199596132, 0.23125838106731644, 0.15758606143389087]]","[['lower_bound', 'lower_bound', '', '', 'lower_bound', '', ''], ['lower_bound', 'target_value', 'upper_bound', 'target_value', 'lower_bound', '', ''], ['lower_bound', 'lower_bound', 'upper_bound', 'upper_bound', 'lower_bound', '', ''], ['lower_bound', '', 'upper_bound', 'upper_bound', 'lower_bound', '', '']]","[[0.0002521250190783541, 1.0181754435272233e-05, nan, nan, 0.04916876962309491, nan, nan], [8.12090161443407e-05, 0.00042918688906940644, 0.05700012409083063, 0.006856085783814987, 7.199992494789413, nan, nan], [7.990238648792822e-06, 5.3865924559818625e-06, 0.03800000529575036, 0.0027258295861851177, 9.999985074602353, nan, nan], [3.309651799870018e-05, nan, 0.038000236695857004, 0.002720494574982268, 9.999995199596132, nan, nan]]",[],"[[1, 1, 0, 0, 1, 0, 0], [1, 1, 1, 1, 1, 0, 0], [1, 1, 1, 1, 1, 0, 0], [1, 0, 1, 1, 1, 0, 0]]","[['', '', '', '', '', '', ''], ['target_value', 'target_value', '', '', 'lower_bound', '', ''], ['target_value', 'target_value', 'upper_bound', 'upper_bound', 'lower_bound', '', ''], ['target_value', 'target_value', 'upper_bound', 'upper_bound', 'lower_bound', '', '']]","[[nan, nan, nan, nan, nan, nan, nan], [0.0, 0.0, nan, nan, 4.0, nan, nan], [0.0, 0.0, 0.06, 0.0072, 7.199999999999999, nan, nan], [0.0, 0.0, 0.04, 0.00288, 10.0, nan, nan]]","[[0, 0, 0, 0, 0, 0, 0], [1, 1, 0, 0, 1, 0, 0], [1, 1, 1, 1, 1, 0, 0], [1, 1, 1, 1, 1, 0, 0]]",29.9,0.12233834860159382,0.7536306238164913,0.09215033988619181,"[[nan, nan, nan, nan, nan, nan, nan], [nan, 0.025961509568734224, nan, nan, 0.3173110514884008, nan, nan], [nan, nan, 0.0848716797212779, 0.2560719966010962, 0.27764634124005033, nan, nan], [nan, nan, 0.007714695978304223, 0.009129038207145742, 4.7600774110065737e-07, nan, nan]]","[[nan, nan, nan, nan, nan, nan, nan], [nan, 0.00042918688906940644, nan, nan, 3.199992494789413, nan, nan], [nan, nan, 0.02199999470424964, 0.004474170413814882, 2.799985074602354, nan, nan], [nan, nan, 0.001999763304142997, 0.00015950542501773227, 4.800403868188141e-06, nan, nan]]",17,0.5333333333333333,8,0.47058823529411764,0.6153846153846154,13,4176.249515822943,4692.099737211101,4692.0997372111015,4176.249515822943
arhsmm,S4SlideInsert,1342,9,"['surf_dist', 'center_dist', 'orient_err', 'speed', 'normal_force', 'start_dist', 'insert_err']","[0.04504042113987532, 0.016531661532743908, 0.2592147908053491, 0.017472314322540528, 10.084718070106007, 0.3422378234631881, 0.3338864451292424]","[[0.0073846196186389485, 0.0027713173895587374, 0.0889411106581908, 0.007224390068768467, 5.717345210650845, 0.23125838106731644, 0.15758606143389087], [0.0073846196186389485, 0.0027713173895587374, 0.0889411106581908, 0.007224390068768467, 0.18199320308032174, 0.23125838106731644, 0.15758606143389087], [6.947438801999366e-05, 6.676814847321726e-06, 0.0889411106581908, 0.007217021157276885, 5.717345210650845, 0.23125838106731644, 0.15758606143389087], [1.4068302484404605e-05, 0.0027713173895587374, 0.0380000536271031, 0.0027275886080094956, 9.99999040779002, 0.23125838106731644, 0.15758606143389087]]","[['', '', '', '', '', '', ''], ['', '', '', '', 'upper_bound', '', ''], ['lower_bound', 'lower_bound', '', 'upper_bound', '', '', ''], ['lower_bound', '', 'upper_bound', 'upper_bound', 'lower_bound', '', '']]","[[nan, nan, nan, nan, nan, nan, nan], [nan, nan, nan, nan, 0.18199320308032174, nan, nan], [6.947438801999366e-05, 6.676814847321726e-06, nan, 0.007217021157276885, nan, nan, nan], [1.4068302484404605e-05, nan, 0.0380000536271031, 0.0027275886080094956, 9.99999040779002, nan, nan]]",[],"[[0, 0, 0, 0, 0, 0, 0], [0, 0, 0, 0, 1, 0, 0], [1, 1, 0, 1, 0, 0, 0], [1, 0, 1, 1, 1, 0, 0]]","[['', '', '', '', '', '', ''], ['target_value', 'target_value', '', '', 'lower_bound', '', ''], ['target_value', 'target_value', 'upper_bound', 'upper_bound', 'lower_bound', '', ''], ['target_value', 'target_value', 'upper_bound', 'upper_bound', 'lower_bound', '', '']]","[[nan, nan, nan, nan, nan, nan, nan], [0.0, 0.0, nan, nan, 4.0, nan, nan], [0.0, 0.0, 0.06, 0.0072, 7.199999999999999, nan, nan], [0.0, 0.0, 0.04, 0.00288, 10.0, nan, nan]]","[[0, 0, 0, 0, 0, 0, 0], [1, 1, 0, 0, 1, 0, 0], [1, 1, 1, 1, 1, 0, 0], [1, 1, 1, 1, 1, 0, 0]]",18.46666666666667,0.004353388672676496,0.0005447427830358741,0.10711705893847039,"[[nan, nan, nan, nan, nan, nan, nan], [nan, nan, nan, nan, nan, nan, nan], [nan, nan, nan, 0.0009741787471695415, nan, nan, nan], [nan, nan, 0.007715402221776431, 0.008723022558830862, 9.511629291489527e-07, nan, nan]]","[[nan, nan, nan, nan, nan, nan, nan], [nan, nan, nan, nan, nan, nan, nan], [nan, nan, nan, 1.702115727688497e-05, nan, nan, nan], [nan, nan, 0.0019999463728969033, 0.0001524113919905046, 9.592209979203403e-06, nan, nan]]",8,0.380952380952381,4,0.5,0.3076923076923077,13,3948.635666031446,2703.0655448194925,2703.0655448194925,3948.635666031446
arhsmm,S5SphereInspect,127,0,"['surf_dist', 'normal_err', 'speed', 'ang_speed', 'start_dist', 'goal_dist']","[0.07448508906860322, 0.2735019597134474, 0.005167278655559288, 0.06608722993185281, 0.2420060651636752, 0.17611082692742402]","[[0.02045219957117411, 0.10158489238903948, 0.007639086684378288, 0.04112343753885147, 0.16447107839562072, 0.2889733595429724], [3.508170815652578e-08, 0.03961185203066881, 0.007639086684378288, 0.04112343753885147, 0.16447107839562072, 0.2889733595429724], [1.1147583798415406e-07, 0.039615494780250796, 0.008459716121601426, 0.04112343753885147, 0.16447107839562072, 0.2889733595429724], [6.980444119605855e-08, 0.03961434505727848, 0.007639086684378288, 0.04112343753885147, 0.16447107839562072, 0.2889733595429724], [0.02045219957117411, 0.10158489238903948, 0.007639086684378288, 0.04112343753885147, 0.16447107839562072, 0.2889733595429724]]","[['', '', '', '', '', ''], ['lower_bound', 'upper_bound', '', '', '', ''], ['lower_bound', 'upper_bound', 'upper_bound', '', '', ''], ['lower_bound', 'upper_bound', '', '', '', ''], ['', '', '', '', '', '']]","[[nan, nan, nan, nan, nan, nan], [3.508170815652578e-08, 0.03961185203066881, nan, nan, nan, nan], [1.1147583798415406e-07, 0.039615494780250796, 0.008459716121601426, nan, nan, nan], [6.980444119605855e-08, 0.03961434505727848, nan, nan, nan, nan], [nan, nan, nan, nan, nan, nan]]",[],"[[0, 0, 0, 0, 0, 0], [1, 1, 0, 0, 0, 0], [1, 1, 1, 0, 0, 0], [1, 1, 0, 0, 0, 0], [0, 0, 0, 0, 0, 0]]","[['', '', '', '', '', ''], ['target_value', 'upper_bound', 'upper_bound', '', '', ''], ['', '', '', '', '', ''], ['target_value', '', 'upper_bound', '', '', ''], ['', '', '', '', '', '']]","[[nan, nan, nan, nan, nan, nan], [0.0, 0.04, 0.00846, nan, nan, nan], [nan, nan, nan, nan, nan, nan], [0.0324, nan, 0.00846, nan, nan, nan], [nan, nan, nan, nan, nan, nan]]","[[0, 0, 0, 0, 0, 0], [1, 1, 1, 0, 0, 0], [0, 0, 0, 0, 0, 0], [1, 0, 1, 0, 0, 0], [0, 0, 0, 0, 0, 0]]",16.025,0.0014191780188261148,0.0003881479693311901,0.08817249841380853,"[[nan, nan, nan, nan, nan, nan], [nan, 0.0014191780188261148, nan, nan, nan, nan], [nan, nan, nan, nan, nan, nan], [nan, nan, nan, nan, nan, nan], [nan, nan, nan, nan, nan, nan]]","[[nan, nan, nan, nan, nan, nan], [nan, 0.0003881479693311901, nan, nan, nan, nan], [nan, nan, nan, nan, nan, nan], [nan, nan, nan, nan, nan, nan], [nan, nan, nan, nan, nan, nan]]",7,0.16666666666666666,1,0.14285714285714285,0.2,5,1121.6417541448873,-170.70234413107792,-170.70234413107792,1121.6417541448873
arhsmm,S5SphereInspect,127,1,"['surf_dist', 'normal_err', 'speed', 'ang_speed', 'start_dist', 'goal_dist']","[0.07448508906860322, 0.2735019597134474, 0.005167278655559288, 0.06608722993185281, 0.2420060651636752, 0.17611082692742402]","[[5.129174798848557e-07, 0.019321818269746882, 0.007639086684378288, 0.04112343753885147, 0.16447107839562072, 0.2889733595429724], [5.40176146125726e-07, 0.03961377351814832, 0.007639086684378288, 0.04112343753885147, 0.16447107839562072, 0.2889733595429724], [1.779905498683343e-08, 0.03961455407419966, 0.007639086684378288, 0.04112343753885147, 0.16447107839562072, 0.2889733595429724], [0.02045219957117411, 0.10158489238903948, 0.0039000462901210126, 0.04112343753885147, 0.16447107839562072, 0.2889733595429724], [0.02045219957117411, 0.10158489238903948, 0.007639086684378288, 0.04112343753885147, 0.16447107839562072, 0.2889733595429724]]","[['lower_bound', 'lower_bound', '', '', '', ''], ['lower_bound', 'upper_bound', '', '', '', ''], ['lower_bound', 'upper_bound', '', '', '', ''], ['', '', 'lower_bound', '', '', ''], ['', '', '', '', '', '']]","[[5.129174798848557e-07, 0.019321818269746882, nan, nan, nan, nan], [5.40176146125726e-07, 0.03961377351814832, nan, nan, nan, nan], [1.779905498683343e-08, 0.03961455407419966, nan, nan, nan, nan], [nan, nan, 0.0039000462901210126, nan, nan, nan], [nan, nan, nan, nan, nan, nan]]",[],"[[1, 1, 0, 0, 0, 0], [1, 1, 0, 0, 0, 0], [1, 1, 0, 0, 0, 0], [0, 0, 1, 0, 0, 0], [0, 0, 0, 0, 0, 0]]","[['', '', '', '', '', ''], ['target_value', 'upper_bound', 'upper_bound', '', '', ''], ['', '', '', '', '', ''], ['target_value', '', 'upper_bound', '', '', ''], ['', '', '', '', '', '']]","[[nan, nan, nan, nan, nan, nan], [0.0, 0.04, 0.00846, nan, nan, nan], [nan, nan, nan, nan, nan, nan], [0.0324, nan, 0.00846, nan, nan, nan], [nan, nan, nan, nan, nan, nan]]","[[0, 0, 0, 0, 0, 0], [1, 1, 1, 0, 0, 0], [0, 0, 0, 0, 0, 0], [1, 0, 1, 0, 0, 0], [0, 0, 0, 0, 0, 0]]",14.025,0.001412152520794864,0.00038622648185168,0.08183821275741385,"[[nan, nan, nan, nan, nan, nan], [nan, 0.001412152520794864, nan, nan, nan, nan], [nan, nan, nan, nan, nan, nan], [nan, nan, nan, nan, nan, nan], [nan, nan, nan, nan, nan, nan]]","[[nan, nan, nan, nan, nan, nan], [nan, 0.00038622648185168, nan, nan, nan, nan], [nan, nan, nan, nan, nan, nan], [nan, nan, nan, nan, nan, nan], [nan, nan, nan, nan, nan, nan]]",7,0.16666666666666666,1,0.14285714285714285,0.2,5,965.198170505485,-1406.3165273201043,-1406.3165273201043,965.198170505485
arhsmm,S5SphereInspect,127,2,"['surf_dist', 'normal_err', 'speed', 'ang_speed', 'start_dist', 'goal_dist']","[0.07448508906860322, 0.2735019597134474, 0.005167278655559288, 0.06608722993185281, 0.2420060651636752, 0.17611082692742402]","[[5.802239683647126e-07, 0.013509388852981682, 0.007639086684378288, 0.04112343753885147, 0.16447107839562072, 0.2889733595429724], [6.112736368121818e-08, 0.03960882081984109, 0.008469162035974769, 0.04112343753885147, 0.16447107839562072, 0.2889733595429724], [5.4202815222281764e-08, 0.0396153153599899, 0.007639086684378288, 0.04112343753885147, 0.16447107839562072, 0.2889733595429724], [0.02045219957117411, 0.10158489238903948, 0.003900045874779017, 0.04112343753885147, 0.16447107839562072, 0.2889733595429724], [0.02045219957117411, 0.10158489238903948, 0.007639086684378288, 0.04112343753885147, 0.16447107839562072, 0.2889733595429724]]","[['lower_bound', 'lower_bound', '', '', '', ''], ['lower_bound', 'upper_bound', 'upper_bound', '', '', ''], ['lower_bound', 'upper_bound', '', '', '', ''], ['', '', 'lower_bound', '', '', ''], ['', '', '', '', '', '']]","[[5.802239683647126e-07, 0.013509388852981682, nan, nan, nan, nan], [6.112736368121818e-08, 0.03960882081984109, 0.008469162035974769, nan, nan, nan], [5.4202815222281764e-08, 0.0396153153599899, nan, nan, nan, nan], [nan, nan, 0.003900045874779017, nan, nan, nan], [nan, nan, nan, nan, nan, nan]]",[],"[[1, 1, 0, 0, 0, 0], [1, 1, 1, 0, 0, 0], [1, 1, 0, 0, 0, 0], [0, 0, 1, 0, 0, 0], [0, 0, 0, 0, 0, 0]]","[['', '', '', '', '', ''], ['target_value', 'upper_bound', 'upper_bound', '', '', ''], ['', '', '', '', '', ''], ['target_value', '', 'upper_bound', '', '', ''], ['', '', '', '', '', '']]","[[nan, nan, nan, nan, nan, nan], [0.0, 0.04, 0.00846, nan, nan, nan], [nan, nan, nan, nan, nan, nan], [0.0324, nan, 0.00846, nan, nan, nan], [nan, nan, nan, nan, nan, nan]]","[[0, 0, 0, 0, 0, 0], [1, 1, 1, 0, 0, 0], [0, 0, 0, 0, 0, 0], [1, 0, 1, 0, 0, 0], [0, 0, 0, 0, 0, 0]]",12.225,0.0016016741206895753,0.00020017060806684119,0.08079876268629237,"[[nan, nan, nan, nan, nan, nan], [nan, 0.001430260977174566, 0.0017730872642045847, nan, nan, nan], [nan, nan, nan, nan, nan, nan], [nan, nan, nan, nan, nan, nan], [nan, nan, nan, nan, nan, nan]]","[[nan, nan, nan, nan, nan, nan], [nan, 0.000391179180158914, 9.162035974768362e-06, nan, nan, nan], [nan, nan, nan, nan, nan, nan], [nan, nan, nan, nan, nan, nan], [nan, nan, nan, nan, nan, nan]]",8,0.3076923076923077,2,0.25,0.4,5,1025.1674435301106,-535.3029448618937,-535.3029448618938,1025.1674435301106
arhsmm,S5SphereInspect,127,3,"['surf_dist', 'normal_err', 'speed', 'ang_speed', 'start_dist', 'goal_dist']","[0.07448508906860322, 0.2735019597134474, 0.005167278655559288, 0.06608722993185281, 0.2420060651636752, 0.17611082692742402]","[[0.02045219957117411, 0.10158489238903948, 0.007639086684378288, 0.04112343753885147, 0.16447107839562072, 0.2889733595429724], [3.508170815652578e-08, 0.03960985029365041, 0.007639086684378288, 0.04112343753885147, 0.16447107839562072, 0.2889733595429724], [6.97165507598102e-07, 0.020860309158312454, 0.008462084890531763, 0.04112343753885147, 0.16447107839562072, 0.2889733595429724], [0.02045219957117411, 0.10158489238903948, 0.007639086684378288, 0.04112343753885147, 0.16447107839562072, 0.2889733595429724], [0.02045219957117411, 0.10158489238903948, 0.007639086684378288, 0.04112343753885147, 0.16447107839562072, 0.2889733595429724]]","[['', '', '', '', '', ''], ['lower_bound', 'upper_bound', '', '', '', ''], ['lower_bound', 'lower_bound', 'upper_bound', '', '', ''], ['', '', '', '', '', ''], ['', '', '', '', '', '']]","[[nan, nan, nan, nan, nan, nan], [3.508170815652578e-08, 0.03960985029365041, nan, nan, nan, nan], [6.97165507598102e-07, 0.020860309158312454, 0.008462084890531763, nan, nan, nan], [nan, nan, nan, nan, nan, nan], [nan, nan, nan, nan, nan, nan]]",[],"[[0, 0, 0, 0, 0, 0], [1, 1, 0, 0, 0, 0], [1, 1, 1, 0, 0, 0], [0, 0, 0, 0, 0, 0], [0, 0, 0, 0, 0, 0]]","[['', '', '', '', '', ''], ['target_value', 'upper_bound', 'upper_bound', '', '', ''], ['', '', '', '', '', ''], ['target_value', '', 'upper_bound', '', '', ''], ['', '', '', '', '', '']]","[[nan, nan, nan, nan, nan, nan], [0.0, 0.04, 0.00846, nan, nan, nan], [nan, nan, nan, nan, nan, nan], [0.0324, nan, 0.00846, nan, nan, nan], [nan, nan, nan, nan, nan, nan]]","[[0, 0, 0, 0, 0, 0], [1, 1, 1, 0, 0, 0], [0, 0, 0, 0, 0, 0], [1, 0, 1, 0, 0, 0], [0, 0, 0, 0, 0, 0]]",9.075,0.0014264969317161593,0.0003901497063495893,0.07425722225089611,"[[nan, nan, nan, nan, nan, nan], [nan, 0.0014264969317161593, nan, nan, nan, nan], [nan, nan, nan, nan, nan, nan], [nan, nan, nan, nan, nan, nan], [nan, nan, nan, nan, nan, nan]]","[[nan, nan, nan, nan, nan, nan], [nan, 0.0003901497063495893, nan, nan, nan, nan], [nan, nan, nan, nan, nan, nan], [nan, nan, nan, nan, nan, nan], [nan, nan, nan, nan, nan, nan]]",5,0.20000000000000004,1,0.2,0.2,5,1039.3703160140453,-1666.4701358207037,-1666.4701358207035,1039.3703160140453
arhsmm,S5SphereInspect,127,4,"['surf_dist', 'normal_err', 'speed', 'ang_speed', 'start_dist', 'goal_dist']","[0.07448508906860322, 0.2735019597134474, 0.005167278655559288, 0.06608722993185281, 0.2420060651636752, 0.17611082692742402]","[[5.115358564858341e-07, 0.016825457139912015, 0.007639086684378288, 0.04112343753885147, 0.16447107839562072, 0.2889733595429724], [5.954070964320213e-07, 0.020693555717451878, 0.00846775270941892, 0.04112343753885147, 0.16447107839562072, 0.2889733595429724], [0.0323981020036256, 0.10158489238903948, 0.008295914946952272, 0.04112343753885147, 0.16447107839562072, 0.2889733595429724], [0.02045219957117411, 0.10158489238903948, 0.007639086684378288, 1.0880165223839389e-06, 0.16447107839562072, 0.2889733595429724], [0.02045219957117411, 0.10158489238903948, 0.007639086684378288, 0.04112343753885147, 0.16447107839562072, 0.2889733595429724]]","[['lower_bound', 'lower_bound', '', '', '', ''], ['lower_bound', 'lower_bound', 'upper_bound', '', '', ''], ['lower_bound', '', 'upper_bound', '', '', ''], ['', '', '', 'lower_bound', '', ''], ['', '', '', '', '', '']]","[[5.115358564858341e-07, 0.016825457139912015, nan, nan, nan, nan], [5.954070964320213e-07, 0.020693555717451878, 0.00846775270941892, nan, nan, nan], [0.0323981020036256, nan, 0.008295914946952272, nan, nan, nan], [nan, nan, nan, 1.0880165223839389e-06, nan, nan], [nan, nan, nan, nan, nan, nan]]",[],"[[1, 1, 0, 0, 0, 0], [1, 1, 1, 0, 0, 0], [1, 0, 1, 0, 0, 0], [0, 0, 0, 1, 0, 0], [0, 0, 0, 0, 0, 0]]","[['', '', '', '', '', ''], ['target_value', 'upper_bound', 'upper_bound', '', '', ''], ['', '', '', '', '', ''], ['target_value', '', 'upper_bound', '', '', ''], ['', '', '', '', '', '']]","[[nan, nan, nan, nan, nan, nan], [0.0, 0.04, 0.00846, nan, nan, nan], [nan, nan, nan, nan, nan, nan], [0.0324, nan, 0.00846, nan, nan, nan], [nan, nan, nan, nan, nan, nan]]","[[0, 0, 0, 0, 0, 0], [1, 1, 1, 0, 0, 0], [0, 0, 0, 0, 0, 0], [1, 0, 1, 0, 0, 0], [0, 0, 0, 0, 0, 0]]",9.475,0.0015003466884020939,7.752709418919201e-06,0.07474151159938047,"[[nan, nan, nan, nan, nan, nan], [nan, nan, 0.0015003466884020939, nan, nan, nan], [nan, nan, nan, nan, nan, nan], [nan, nan, nan, nan, nan, nan], [nan, nan, nan, nan, nan, nan]]","[[nan, nan, nan, nan, nan, nan], [nan, nan, 7.752709418919201e-06, nan, nan, nan], [nan, nan, nan, nan, nan, nan], [nan, nan, nan, nan, nan, nan], [nan, nan, nan, nan, nan, nan]]",8,0.15384615384615385,1,0.125,0.2,5,922.4379826004194,-2135.153556168099,-2135.153556168099,922.4379826004194
arhsmm,S5SphereInspect,127,5,"['surf_dist', 'normal_err', 'speed', 'ang_speed', 'start_dist', 'goal_dist']","[0.07448508906860322, 0.2735019597134474, 0.005167278655559288, 0.06608722993185281, 0.2420060651636752, 0.17611082692742402]","[[0.02045219957117411, 0.10158489238903948, 0.007639086684378288, 0.04112343753885147, 0.16447107839562072, 0.2889733595429724], [0.02045219957117411, 0.10158489238903948, 0.007639086684378288, 0.04112343753885147, 0.16447107839562072, 0.2889733595429724], [8.756825507771904e-09, 0.03961238758989704, 0.007639086684378288, 0.04112343753885147, 0.16447107839562072, 0.2889733595429724], [6.854015321793028e-07, 0.020925087972402515, 0.00845444279510654, 0.04112343753885147, 0.16447107839562072, 0.2889733595429724], [0.02045219957117411, 0.10158489238903948, 0.007639086684378288, 0.04112343753885147, 0.16447107839562072, 0.2889733595429724]]","[['', '', '', '', '', ''], ['', '', '', '', '', ''], ['lower_bound', 'upper_bound', '', '', '', ''], ['lower_bound', 'lower_bound', 'upper_bound', '', '', ''], ['', '', '', '', '', '']]","[[nan, nan, nan, nan, nan, nan], [nan, nan, nan, nan, nan, nan], [8.756825507771904e-09, 0.03961238758989704, nan, nan, nan, nan], [6.854015321793028e-07, 0.020925087972402515, 0.00845444279510654, nan, nan, nan], [nan, nan, nan, nan, nan, nan]]",[],"[[0, 0, 0, 0, 0, 0], [0, 0, 0, 0, 0, 0], [1, 1, 0, 0, 0, 0], [1, 1, 1, 0, 0, 0], [0, 0, 0, 0, 0, 0]]","[['', '', '', '', '', ''], ['target_value', 'upper_bound', 'upper_bound', '', '', ''], ['', '', '', '', '', ''], ['target_value', '', 'upper_bound', '', '', ''], ['', '', '', '', '', '']]","[[nan, nan, nan, nan, nan, nan], [0.0, 0.04, 0.00846, nan, nan, nan], [nan, nan, nan, nan, nan, nan], [0.0324, nan, 0.00846, nan, nan, nan], [nan, nan, nan, nan, nan, nan]]","[[0, 0, 0, 0, 0, 0], [1, 1, 1, 0, 0, 0], [0, 0, 0, 0, 0, 0], [1, 0, 1, 0, 0, 0], [0, 0, 0, 0, 0, 0]]",17.975,0.001075460656158452,5.557204893461357e-06,0.08015649808561019,"[[nan, nan, nan, nan, nan, nan], [nan, nan, nan, nan, nan, nan], [nan, nan, nan, nan, nan, nan], [nan, nan, 0.001075460656158452, nan, nan, nan], [nan, nan, nan, nan, nan, nan]]","[[nan, nan, nan, nan, nan, nan], [nan, nan, nan, nan, nan, nan], [nan, nan, nan, nan, nan, nan], [nan, nan, 5.557204893461357e-06, nan, nan, nan], [nan, nan, nan, nan, nan, nan]]",5,0.20000000000000004,1,0.2,0.2,5,1051.9940302304574,-1141.0815271360757,-1141.0815271360757,1051.9940302304574
arhsmm,S5SphereInspect,127,6,"['surf_dist', 'normal_err', 'speed', 'ang_speed', 'start_dist', 'goal_dist']","[0.07448508906860322, 0.2735019597134474, 0.005167278655559288, 0.06608722993185281, 0.2420060651636752, 0.17611082692742402]","[[0.02045219957117411, 0.10158489238903948, 0.007639086684378288, 0.04112343753885147, 0.16447107839562072, 0.2889733595429724], [3.782518604202034e-07, 0.021093279989907912, 0.008515100542651748, 0.04112343753885147, 0.16447107839562072, 0.2889733595429724], [0.032398149974290774, 0.10158489238903948, 0.00831260406327008, 0.04112343753885147, 0.16447107839562072, 0.2889733595429724], [0.03239911955385252, 0.10158489238903948, 0.007639086684378288, 0.04112343753885147, 0.16447107839562072, 0.2889733595429724], [0.02045219957117411, 0.10158489238903948, 0.007639086684378288, 0.04112343753885147, 0.16447107839562072, 0.2889733595429724]]","[['', '', '', '', '', ''], ['lower_bound', 'lower_bound', 'upper_bound', '', '', ''], ['lower_bound', '', 'upper_bound', '', '', ''], ['lower_bound', '', '', '', '', ''], ['', '', '', '', '', '']]","[[nan, nan, nan, nan, nan, nan], [3.782518604202034e-07, 0.021093279989907912, 0.008515100542651748, nan, nan, nan], [0.032398149974290774, nan, 0.00831260406327008, nan, nan, nan], [0.03239911955385252, nan, nan, nan, nan, nan], [nan, nan, nan, nan, nan, nan]]",[],"[[0, 0, 0, 0, 0, 0], [1, 1, 1, 0, 0, 0], [1, 0, 1, 0, 0, 0], [1, 0, 0, 0, 0, 0], [0, 0, 0, 0, 0, 0]]","[['', '', '', '', '', ''], ['target_value', 'upper_bound', 'upper_bound', '', '', ''], ['', '', '', '', '', ''], ['target_value', '', 'upper_bound', '', '', ''], ['', '', '', '', '', '']]","[[nan, nan, nan, nan, nan, nan], [0.0, 0.04, 0.00846, nan, nan, nan], [nan, nan, nan, nan, nan, nan], [0.0324, nan, 0.00846, nan, nan, nan], [nan, nan, nan, nan, nan, nan]]","[[0, 0, 0, 0, 0, 0], [1, 1, 1, 0, 0, 0], [0, 0, 0, 0, 0, 0], [1, 0, 1, 0, 0, 0], [0, 0, 0, 0, 0, 0]]",8.775,0.010663358089362262,5.510054265174709e-05,0.0708693617234297,"[[nan, nan, nan, nan, nan, nan], [nan, nan, 0.010663358089362262, nan, nan, nan], [nan, nan, nan, nan, nan, nan], [nan, nan, nan, nan, nan, nan], [nan, nan, nan, nan, nan, nan]]","[[nan, nan, nan, nan, nan, nan], [nan, nan, 5.510054265174709e-05, nan, nan, nan], [nan, nan, nan, nan, nan, nan], [nan, nan, nan, nan, nan, nan], [nan, nan, nan, nan, nan, nan]]",6,0.1818181818181818,1,0.16666666666666666,0.2,5,1106.0355342440532,-2271.6470367207776,-2271.6470367207776,1106.0355342440532
arhsmm,S5SphereInspect,127,7,"['surf_dist', 'normal_err', 'speed', 'ang_speed', 'start_dist', 'goal_dist']","[0.07448508906860322, 0.2735019597134474, 0.005167278655559288, 0.06608722993185281, 0.2420060651636752, 0.17611082692742402]","[[0.02045219957117411, 0.10158489238903948, 0.007639086684378288, 0.04112343753885147, 0.16447107839562072, 0.2889733595429724], [4.444610750969913e-08, 0.10158489238903948, 0.007639086684378288, 0.04112343753885147, 0.16447107839562072, 0.2889733595429724], [6.112736368121818e-08, 0.03961384578845635, 0.007639086684378288, 0.04112343753885147, 0.16447107839562072, 0.2889733595429724], [6.897613792668233e-07, 0.020822774588909077, 0.00845552965534722, 0.04112343753885147, 0.16447107839562072, 0.2889733595429724], [0.02045219957117411, 0.10158489238903948, 0.007639086684378288, 0.04112343753885147, 0.16447107839562072, 0.2889733595429724]]","[['', '', '', '', '', ''], ['lower_bound', '', '', '', '', ''], ['lower_bound', 'upper_bound', '', '', '', ''], ['lower_bound', 'lower_bound', 'upper_bound', '', '', ''], ['', '', '', '', '', '']]","[[nan, nan, nan, nan, nan, nan], [4.444610750969913e-08, nan, nan, nan, nan, nan], [6.112736368121818e-08, 0.03961384578845635, nan, nan, nan, nan], [6.897613792668233e-07, 0.020822774588909077, 0.00845552965534722, nan, nan, nan], [nan, nan, nan, nan, nan, nan]]",[],"[[0, 0, 0, 0, 0, 0], [1, 0, 0, 0, 0, 0], [1, 1, 0, 0, 0, 0], [1, 1, 1, 0, 0, 0], [0, 0, 0, 0, 0, 0]]","[['', '', '', '', '', ''], ['target_value', 'upper_bound', 'upper_bound', '', '', ''], ['', '', '', '', '', ''], ['target_value', '', 'upper_bound', '', '', ''], ['', '', '', '', '', '']]","[[nan, nan, nan, nan, nan, nan], [0.0, 0.04, 0.00846, nan, nan, nan], [nan, nan, nan, nan, nan, nan], [0.0324, nan, 0.00846, nan, nan, nan], [nan, nan, nan, nan, nan, nan]]","[[0, 0, 0, 0, 0, 0], [1, 1, 1, 0, 0, 0], [0, 0, 0, 0, 0, 0], [1, 0, 1, 0, 0, 0], [0, 0, 0, 0, 0, 0]]",15.0,0.0008651255236584282,4.470344652779748e-06,0.07578304734645426,"[[nan, nan, nan, nan, nan, nan], [nan, nan, nan, nan, nan, nan], [nan, nan, nan, nan, nan, nan], [nan, nan, 0.0008651255236584282, nan, nan, nan], [nan, nan, nan, nan, nan, nan]]","[[nan, nan, nan, nan, nan, nan], [nan, nan, nan, nan, nan, nan], [nan, nan, nan, nan, nan, nan], [nan, nan, 4.470344652779748e-06, nan, nan, nan], [nan, nan, nan, nan, nan, nan]]",6,0.1818181818181818,1,0.16666666666666666,0.2,5,1064.8959510741145,-1132.967841764276,-1132.967841764276,1064.8959510741145
arhsmm,S5SphereInspect,127,8,"['surf_dist', 'normal_err', 'speed', 'ang_speed', 'start_dist', 'goal_dist']","[0.07448508906860322, 0.2735019597134474, 0.005167278655559288, 0.06608722993185281, 0.2420060651636752, 0.17611082692742402]","[[5.115358564858341e-07, 0.016825457139912015, 0.007639086684378288, 0.04112343753885147, 0.16447107839562072, 0.2889733595429724], [9.145984691816267e-09, 0.03961431603713494, 0.008486872588597769, 0.04112343753885147, 0.16447107839562072, 0.2889733595429724], [0.02045219957117411, 0.10158489238903948, 0.007639086684378288, 0.04112343753885147, 0.16447107839562072, 0.2889733595429724], [0.02045219957117411, 0.10158489238903948, 0.007639086684378288, 0.04112343753885147, 0.16447107839562072, 0.2889733595429724], [0.02045219957117411, 0.10158489238903948, 0.007639086684378288, 0.04112343753885147, 0.16447107839562072, 0.2889733595429724]]","[['lower_bound', 'lower_bound', '', '', '', ''], ['lower_bound', 'upper_bound', 'upper_bound', '', '', ''], ['', '', '', '', '', ''], ['', '', '', '', '', ''], ['', '', '', '', '', '']]","[[5.115358564858341e-07, 0.016825457139912015, nan, nan, nan, nan], [9.145984691816267e-09, 0.03961431603713494, 0.008486872588597769, nan, nan, nan], [nan, nan, nan, nan, nan, nan], [nan, nan, nan, nan, nan, nan], [nan, nan, nan, nan, nan, nan]]",[],"[[1, 1, 0, 0, 0, 0], [1, 1, 1, 0, 0, 0], [0, 0, 0, 0, 0, 0], [0, 0, 0, 0, 0, 0], [0, 0, 0, 0, 0, 0]]","[['', '', '', '', '', ''], ['target_value', 'upper_bound', 'upper_bound', '', '', ''], ['', '', '', '', '', ''], ['target_value', '', 'upper_bound', '', '', ''], ['', '', '', '', '', '']]","[[nan, nan, nan, nan, nan, nan], [0.0, 0.04, 0.00846, nan, nan, nan], [nan, nan, nan, nan, nan, nan], [0.0324, nan, 0.00846, nan, nan, nan], [nan, nan, nan, nan, nan, nan]]","[[0, 0, 0, 0, 0, 0], [1, 1, 1, 0, 0, 0], [0, 0, 0, 0, 0, 0], [1, 0, 1, 0, 0, 0], [0, 0, 0, 0, 0, 0]]",3.95,0.0033053495495874025,0.00020627827573141584,0.06866440625599418,"[[nan, nan, nan, nan, nan, nan], [nan, 0.0014101689189691762, 0.005200530180205629, nan, nan, nan], [nan, nan, nan, nan, nan, nan], [nan, nan, nan, nan, nan, nan], [nan, nan, nan, nan, nan, nan]]","[[nan, nan, nan, nan, nan, nan], [nan, 0.00038568396286506323, 2.687258859776845e-05, nan, nan, nan], [nan, nan, nan, nan, nan, nan], [nan, nan, nan, nan, nan, nan], [nan, nan, nan, nan, nan, nan]]",5,0.4000000000000001,2,0.4,0.4,5,1220.1063106497515,162.15932167977564,162.1593216797757,1220.1063106497515
arhsmm,S5SphereInspect,127,9,"['surf_dist', 'normal_err', 'speed', 'ang_speed', 'start_dist', 'goal_dist']","[0.07448508906860322, 0.2735019597134474, 0.005167278655559288, 0.06608722993185281, 0.2420060651636752, 0.17611082692742402]","[[0.02045219957117411, 0.10158489238903948, 0.007639086684378288, 0.04112343753885147, 0.16447107839562072, 0.2889733595429724], [0.02045219957117411, 0.10158489238903948, 0.007639086684378288, 0.04112343753885147, 0.16447107839562072, 0.2889733595429724], [4.35958826764532e-07, 0.02085381718909876, 0.008509078507998325, 0.04112343753885147, 0.16447107839562072, 0.2889733595429724], [0.02045219957117411, 0.10158489238903948, 0.007639086684378288, 0.04112343753885147, 0.16447107839562072, 0.2889733595429724], [0.02045219957117411, 0.10158489238903948, 0.007639086684378288, 0.04112343753885147, 0.16447107839562072, 0.2889733595429724]]","[['', '', '', '', '', ''], ['', '', '', '', '', ''], ['lower_bound', 'lower_bound', 'upper_bound', '', '', ''], ['', '', '', '', '', ''], ['', '', '', '', '', '']]","[[nan, nan, nan, nan, nan, nan], [nan, nan, nan, nan, nan, nan], [4.35958826764532e-07, 0.02085381718909876, 0.008509078507998325, nan, nan, nan], [nan, nan, nan, nan, nan, nan], [nan, nan, nan, nan, nan, nan]]",[],"[[0, 0, 0, 0, 0, 0], [0, 0, 0, 0, 0, 0], [1, 1, 1, 0, 0, 0], [0, 0, 0, 0, 0, 0], [0, 0, 0, 0, 0, 0]]","[['', '', '', '', '', ''], ['target_value', 'upper_bound', 'upper_bound', '', '', ''], ['', '', '', '', '', ''], ['target_value', '', 'upper_bound', '', '', ''], ['', '', '', '', '', '']]","[[nan, nan, nan, nan, nan, nan], [0.0, 0.04, 0.00846, nan, nan, nan], [nan, nan, nan, nan, nan, nan], [0.0324, nan, 0.00846, nan, nan, nan], [nan, nan, nan, nan, nan, nan]]","[[0, 0, 0, 0, 0, 0], [1, 1, 1, 0, 0, 0], [0, 0, 0, 0, 0, 0], [1, 0, 1, 0, 0, 0], [0, 0, 0, 0, 0, 0]]",10.65,nan,nan,0.07605096300747846,"[[nan, nan, nan, nan, nan, nan], [nan, nan, nan, nan, nan, nan], [nan, nan, nan, nan, nan, nan], [nan, nan, nan, nan, nan, nan], [nan, nan, nan, nan, nan, nan]]","[[nan, nan, nan, nan, nan, nan], [nan, nan, nan, nan, nan, nan], [nan, nan, nan, nan, nan, nan], [nan, nan, nan, nan, nan, nan], [nan, nan, nan, nan, nan, nan]]",3,0.0,0,0.0,0.0,5,1053.8558752792321,-2018.247088866748,-2018.247088866748,1053.8558752792321
